AVHL ID,First Name,Last Name,Full Name,Current Team,Years Left,AAV,22-23 G,22-23 A,22-23 P,23-24 G,23-24 A,23-24 P,24-25 G,24-25 A,24-25 P,25-26 G,25-26 A,25-26 P,Total G,Total A,Total PTS,League,Team,Overall Rating,Birthdate,Jersey #,Position(s),Height (In),Height,Weight,Age,Shot,Player Type,Draft Year,Draft Round,Draft Pick,Deking,Hand Eye,Passing,Puck Control,Discipline,Off. Awareness,Poise,Slap Shot Accuracy,Slap Shot Power,Wrist Shot Accuracy,Wrist Shot Power,Def. Awareness,Faceoffs,Shot Blocking,Stick Checking,Acceleration,Agility,Balance,Endurance,Speed,Aggressiveness,Body Checking,Durability,Fighting Skill,Strength
0001,John,Carlson,John Carlson,Charleston Tsunami,2,"$8,000,000",5,20,25,11,43,54,13,66,79,9,37,46,38,166,204,NHL,Anaheim Ducks,88,01/10/1990,74,RD,75,"6'3""",220,36,Right,2 Way Defender,2008,1,27,89,86,92,89,86,93,91,91,93,88,93,88,55,84,84,88,88,85,90,87,80,82,89,75,88
0002,Leo,Carlsson,Leo Carlsson,Richmond Robbers,4,"$8,000,000",0,0,0,0,0,0,16,36,52,23,36,59,39,72,111,NHL,Anaheim Ducks,88,12/26/2004,91,C/LW,75,"6'3""",208,21,Left,Playmaker,2023,1,2,91,89,90,90,85,92,85,89,87,91,88,86,73,82,84,88,87,84,82,91,83,83,85,65,88
0003,Cutter,Gauthier,Cutter Gauthier,San Antonio Bandits,4,"$7,000,000",0,0,0,0,0,0,11,16,27,8,26,34,19,42,61,NHL,Anaheim Ducks,87,01/19/2004,61,LW/C,74,"6'2""",205,22,Left,Power Forward,2022,1,5,88,87,87,88,83,91,85,87,89,87,88,87,68,87,85,89,85,89,82,92,80,83,83,80,90
0004,Troy,Terry,Troy Terry,Columbus Cougars,3,"$7,000,000",20,28,48,26,35,61,16,29,45,31,34,65,93,126,219,NHL,Anaheim Ducks,87,09/10/1997,19,RW,72,"6'0""",193,28,Right,Sniper,2015,5,148,91,86,89,90,85,88,88,85,87,89,87,85,64,80,80,91,89,88,84,89,80,81,88,70,85
0005,Mikael,Granlund,Mikael Granlund,Honolulu Hawks,5,"$6,000,000",15,17,32,24,39,63,16,22,38,27,28,55,82,106,188,NHL,Anaheim Ducks,86,02/26/1992,64,C/RW,70,"5'10""",193,34,Left,Playmaker,2010,1,9,87,90,90,90,84,87,86,85,87,89,87,86,75,85,85,87,86,87,87,86,81,83,89,65,85
0006,Jackson,LaCombe,Jackson LaCombe,New York Steamrollers,1,"$6,000,000",0,0,0,0,0,0,0,0,0,7,20,27,7,20,27,NHL,Anaheim Ducks,86,01/09/2001,2,LD/RD,74,"6'2""",208,25,Left,2 Way Defender,2019,2,39,89,87,88,89,84,85,80,87,88,87,88,88,55,83,89,89,88,90,85,88,80,81,86,67,87
0007,Jacob,Trouba,Jacob Trouba,Raleigh Wildcats,2,"$5,000,000",5,25,30,9,20,29,10,17,27,6,21,27,30,83,113,NHL,Anaheim Ducks,85,02/26/1994,65,RD,75,"6'3""",212,32,Right,Defensive Defenseman,2012,1,9,82,80,84,83,80,83,82,83,88,85,88,89,55,89,83,82,81,84,86,82,88,92,86,70,90
0008,Mason,McTavish,Mason McTavish,Iowa Rebels,5,"$5,000,000",2,3,5,20,32,52,26,39,65,21,47,68,69,121,190,NHL,Anaheim Ducks,85,01/30/2003,23,C/LW,73,"6'1""",219,23,Left,Power Forward,2021,1,3,88,85,88,88,80,89,87,88,90,89,90,85,80,80,81,87,86,86,84,85,82,84,84,80,89
0009,Beckett,Sennecke,Beckett Sennecke,Oklahoma Twisters,3,"$5,000,000",0,0,0,0,0,0,0,0,0,0,0,0,0,0,0,NHL,Anaheim Ducks,85,01/28/2006,45,LW,75,"6'3""",206,20,Right,Power Forward,2024,1,3,88,86,88,88,75,91,85,83,87,86,88,88,65,81,88,87,86,87,85,87,80,80,82,75,89
0010,Chris,Kreider,Chris Kreider,North Dakota Bison,1,"$4,000,000",18,13,31,27,45,72,25,40,65,27,29,56,97,127,224,NHL,Anaheim Ducks,84,04/30/1991,20,LW,75,"6'3""",232,35,Left,Power Forward,2009,1,19,82,94,83,83,83,86,81,85,90,88,90,84,67,81,80,83,82,86,88,87,82,84,84,80,92
0011,Radko,Gudas,Radko Gudas,Tennessee Wolverines,3,"$4,000,000",0,0,0,2,6,8,2,15,17,8,30,38,12,51,63,NHL,Anaheim Ducks,84,06/05/1990,7,RD,72,"6'0""",208,36,Right,Defensive Defenseman,2010,3,66,81,79,82,82,79,80,82,84,92,83,89,86,55,89,81,82,80,86,83,84,91,94,85,80,92
0012,Olen,Zellweger,Olen Zellweger,Indianapolis Ghosts,3,"$3,250,000",0,0,0,0,0,0,5,12,17,1,9,10,6,21,27,NHL,Anaheim Ducks,83,09/10/2003,51,LD/RD,70,"5'10""",193,22,Left,Offensive Defenseman,2021,2,34,89,84,86,88,84,88,85,88,87,88,85,83,55,81,82,89,85,85,80,88,79,81,81,65,84
0013,Drew,Helleson,Drew Helleson,Chicago Rockets,6,"$2,500,000",0,0,0,0,0,0,0,0,0,0,0,0,0,0,0,NHL,Anaheim Ducks,82,03/26/2001,14,RD,75,"6'3""",208,25,Right,Defensive Defenseman,2019,2,47,82,80,80,82,79,78,75,80,87,79,86,86,55,84,85,81,81,85,80,81,85,92,80,78,85
0014,Pavel,Mintyukov,Pavel Mintyukov,Iowa Rebels,3,"$2,500,000",0,0,0,0,0,0,6,21,27,5,12,17,11,33,44,NHL,Anaheim Ducks,82,11/25/2003,98,LD,73,"6'1""",207,22,Left,2 Way Defender,2022,1,10,83,82,85,83,83,87,85,82,87,84,86,85,55,82,81,86,84,84,82,85,82,85,82,70,87
0015,Alex,Killorn,Alex Killorn,Arizona Heat,2,"$2,000,000",16,20,36,21,42,63,17,30,47,21,22,43,75,114,189,NHL,Anaheim Ducks,81,09/14/1989,17,LW/RW,73,"6'1""",205,36,Left,2 Way Forward,2007,3,77,86,84,85,86,82,85,81,84,88,88,88,83,64,81,81,85,84,88,83,85,81,84,87,75,87
0016,Frank,Vatrano,Frank Vatrano,Atlanta Cobalts,4,"$2,000,000",10,8,18,17,34,51,16,29,45,19,36,55,62,107,169,NHL,Anaheim Ducks,81,03/14/1994,77,RW/LW,71,"5'11""",203,32,Left,Sniper,N/A,N/A,N/A,84,82,83,85,80,83,80,88,87,87,87,80,65,87,80,84,82,85,87,86,83,86,88,70,85
0017,Ryan,Poehling,Ryan Poehling,Arizona Heat,7,"$2,000,000",0,0,0,8,17,25,18,10,28,11,19,30,37,46,83,NHL,Anaheim Ducks,81,01/03/1999,25,C/LW,74,"6'2""",206,27,Left,2 Way Forward,2017,1,25,86,83,84,86,84,82,81,83,87,84,87,85,78,89,87,85,84,83,82,91,80,82,81,75,87
0018,Ross,Johnston,Ross Johnston,UFA,,,0,0,0,10,6,16,0,0,0,0,0,0,10,6,16,NHL,Anaheim Ducks,77,02/18/1994,44,LW,77,"6'5""",232,32,Left,Enforcer,N/A,N/A,N/A,80,79,78,78,79,75,75,78,86,79,86,76,61,82,79,78,78,85,79,79,87,91,78,88,90
0019,Jansen,Harkins,Jansen Harkins,Fort Worth Defenders,1,"$1,000,000",2,4,6,7,14,21,8,10,18,0,0,0,17,28,45,NHL,Anaheim Ducks,77,05/23/1997,24,LW/C,73,"6'1""",197,29,Left,2 Way Forward,2015,2,47,80,79,81,81,82,80,79,82,87,81,87,81,69,84,80,83,80,84,80,92,84,90,79,70,87
0020,Ian,Moore,Ian Moore,Fort Worth Defenders,2,"$1,250,000",0,0,0,0,0,0,0,0,0,0,0,0,0,0,0,NHL,Anaheim Ducks,77,01/04/2002,3,RD,75,"6'3""",205,24,Right,2 Way Defender,2020,3,67,76,75,74,76,80,77,75,79,88,80,87,83,50,80,82,86,87,85,80,86,78,78,85,74,85
0021,Tim,Washe,Tim Washe,UFA,,,0,0,0,0,0,0,0,0,0,0,0,0,0,0,0,NHL,Anaheim Ducks,75,08/25/2001,42,C,75,"6'3""",215,25,Left,Power Forward,N/A,N/A,N/A,75,76,77,76,80,77,70,76,87,76,87,80,75,75,80,84,82,85,80,84,80,75,85,78,87
0022,Jeffrey,Viel,Jeffrey Viel,UFA,,,0,0,0,0,0,0,0,0,0,0,0,0,0,0,0,NHL,Anaheim Ducks,75,01/28/1997,40,LW,73,"6'1""",214,29,Left,Grinder,N/A,N/A,N/A,80,77,75,77,79,74,79,75,83,77,84,78,66,79,81,85,86,81,82,85,87,85,85,85,83
0023,David,Pastrnak,David Pastrnak,Philadelphia Destroyers,1,"$15,000,000",19,23,42,29,66,95,43,62,105,52,42,94,143,193,336,NHL,Boston Bruins,95,05/25/1996,88,RW,72,"6'0""",199,30,Right,Sniper,2014,1,25,95,90,95,92,82,97,90,95,93,96,95,86,64,80,84,94,91,92,84,91,83,83,90,65,88
0024,Charlie,McAvoy,Charlie McAvoy,San Antonio Bandits,6,"$9,000,000",5,22,27,14,44,58,14,53,67,14,43,57,47,162,209,NHL,Boston Bruins,89,12/21/1997,73,RD,73,"6'1""",211,28,Right,2 Way Defender,2016,1,14,91,87,90,90,80,91,90,90,89,88,88,90,55,82,86,89,86,90,88,87,82,86,85,75,89
0025,Morgan,Geekie,Morgan Geekie,North Dakota Bison,5,"$7,000,000",12,21,33,10,12,22,15,23,38,19,18,37,56,74,130,NHL,Boston Bruins,87,07/20/1998,39,C/RW,75,"6'3""",212,28,Right,2 Way Forward,2017,3,67,90,88,88,90,83,89,85,91,91,92,91,88,73,82,85,86,86,87,81,86,85,87,84,70,89
0026,Hampus,Lindholm,Hampus Lindholm,Arizona Heat,4,"$6,000,000",6,18,24,4,32,36,3,26,29,9,39,48,22,115,137,NHL,Boston Bruins,86,01/20/1994,27,LD,76,"6'4""",217,32,Left,2 Way Defender,2012,1,6,87,86,86,88,83,88,87,84,87,85,87,89,55,83,87,86,84,87,85,86,80,83,80,70,87
0027,Pavel,Zacha,Pavel Zacha,St. Louis Leopards,5,"$5,000,000",12,17,29,16,17,33,14,28,42,6,38,44,48,100,148,NHL,Boston Bruins,85,04/06/1997,18,C/LW,76,"6'4""",211,29,Left,Power Forward,2015,1,6,87,86,89,88,87,88,84,90,89,84,88,88,77,81,87,85,86,85,86,85,83,84,89,75,89
0028,Nikita,Zadorov,Nikita Zadorov,New York Steamrollers,4,"$5,000,000",2,7,9,0,29,29,8,22,30,6,25,31,16,83,99,NHL,Boston Bruins,85,04/16/1995,9,LD/RD,79,"6'7""",255,31,Left,2 Way Defender,2013,1,16,85,82,82,83,79,84,83,86,89,84,88,87,55,82,82,88,85,90,86,89,89,93,86,88,91
0029,Elias,Lindholm,Elias Lindholm,Montana Miners,1,"$5,000,000",16,25,41,25,37,62,17,42,59,16,41,57,74,145,219,NHL,Boston Bruins,85,12/02/1994,28,C/RW,73,"6'1""",200,31,Right,2 Way Forward,2013,1,5,84,83,86,84,87,89,85,88,87,88,87,88,85,87,86,82,84,83,90,83,86,87,88,65,85
0030,Mason,Lohrei,Mason Lohrei,Chicago Rockets,2,"$5,000,000",0,0,0,0,0,0,8,11,19,4,20,24,12,31,43,NHL,Boston Bruins,85,01/17/2001,6,LD,77,"6'5""",218,25,Left,2 Way Defender,2020,2,58,90,87,87,89,85,86,86,84,87,87,87,87,55,82,86,87,87,90,82,88,79,81,83,80,87
0031,Casey,Mittelstadt,Casey Mittelstadt,Iowa Rebels,5,"$4,000,000",3,3,6,19,30,49,22,60,82,24,40,64,68,133,201,NHL,Boston Bruins,84,11/22/1998,11,C/LW,73,"6'1""",205,27,Left,Playmaker,2017,1,8,91,85,88,88,83,86,85,85,88,86,87,84,77,80,82,85,87,90,82,84,82,82,87,65,85
0032,Viktor,Arvidsson,Viktor Arvidsson,Seattle Dragons,5,"$3,250,000",13,23,36,20,35,55,17,28,45,16,36,52,66,122,188,NHL,Boston Bruins,83,04/08/1993,71,RW/LW,70,"5'10""",181,33,Right,Sniper,2014,4,112,87,83,85,86,81,86,85,88,90,86,91,82,66,81,80,88,84,87,81,87,80,82,81,65,84
0033,Fraser,Minten,Fraser Minten,Iowa Rebels,3,"$2,500,000",0,0,0,0,0,0,0,0,0,0,0,0,0,0,0,NHL,Boston Bruins,82,07/05/2004,93,C,74,"6'2""",204,22,Left,2 Way Forward,2022,2,38,85,84,84,84,87,86,82,82,87,84,87,86,74,83,85,85,83,84,80,86,85,90,78,65,81
0034,Marat,Khusnutdinov,Marat Khusnutdinov,Indianapolis Ghosts,4,"$2,500,000",0,0,0,0,0,0,0,0,0,2,10,12,2,10,12,NHL,Boston Bruins,82,07/17/2002,92,C/LW,71,"5'11""",184,24,Left,Sniper,2020,2,37,84,83,83,85,82,86,85,82,87,83,87,87,73,85,86,86,83,86,85,89,84,85,80,65,85
0035,Michael,Eyssimont,Michael Eyssimont,Florida Sunshine,4,"$2,000,000",0,0,0,0,0,0,9,16,25,13,22,35,22,38,60,NHL,Boston Bruins,81,09/09/1996,81,C/RW,72,"6'0""",195,29,Left,Grinder,2016,5,142,84,81,83,84,79,84,83,83,86,86,86,82,64,80,80,87,84,88,80,86,87,89,80,70,85
0036,Andrew,Peeke,Andrew Peeke,Washington Admirals,4,"$1,500,000",1,3,4,7,12,19,6,9,15,1,18,19,15,42,57,NHL,Boston Bruins,80,03/17/1998,26,RD,75,"6'3""",214,28,Right,Defensive Defenseman,2016,2,34,81,80,80,82,85,80,80,80,87,81,86,84,55,86,82,83,80,82,82,82,85,88,83,80,87
0037,Henri,Jokiharju,Henri Jokiharju,Charleston Tsunami,2,"$1,500,000",0,4,4,11,23,34,2,12,14,5,10,15,18,49,67,NHL,Boston Bruins,80,06/17/1999,20,RD,72,"6'0""",205,27,Right,2 Way Defender,2017,1,29,82,81,83,83,84,82,80,84,88,82,88,84,55,80,83,84,81,82,84,83,80,83,81,65,85
0038,Jordan,Harris,Jordan Harris,Jacksonville Blood Hounds,3,"$1,500,000",0,0,0,0,0,0,5,7,12,2,10,12,7,17,24,NHL,Boston Bruins,80,07/07/2000,40,LD/RD,72,"6'0""",189,26,Left,2 Way Defender,2018,3,71,83,80,81,84,82,82,79,82,86,81,86,84,55,84,85,82,80,82,78,83,82,84,79,70,84
0039,Mark,Kastelic,Mark Kastelic,Fort Worth Defenders,6,"$1,500,000",0,0,0,5,20,25,18,21,39,12,9,21,35,50,85,NHL,Boston Bruins,80,03/11/1999,47,C,76,"6'4""",234,27,Right,Grinder,2019,5,125,80,80,80,80,80,74,77,80,87,81,87,78,77,84,85,87,81,83,84,90,89,93,79,91,88
0040,Lukas,Reichel,Lukas Reichel,South Dakota Spartans,3,"$1,500,000",0,0,0,12,26,38,13,13,26,6,23,29,31,62,93,NHL,Boston Bruins,80,05/17/2002,75,LW/C,72,"6'0""",170,24,Left,2 Way Forward,2020,1,17,84,82,83,84,84,85,82,83,87,84,87,83,70,81,81,86,83,85,79,85,80,82,80,70,85
0041,Tanner,Jeannot,Tanner Jeannot,New York Steamrollers,4,"$1,500,000",3,1,4,12,25,37,13,15,28,4,13,17,32,54,86,NHL,Boston Bruins,80,05/29/1997,84,LW,74,"6'2""",221,29,Left,Grinder,N/A,N/A,N/A,81,80,80,80,79,79,79,82,86,82,86,79,65,82,77,82,81,86,79,88,90,93,80,93,88
0042,Sean,Kuraly,Sean Kuraly,Montana Miners,2,"$1,500,000",0,0,0,7,9,16,12,19,31,11,17,28,30,45,75,NHL,Boston Bruins,80,01/20/1993,52,C/LW,74,"6'2""",208,33,Left,Grinder,2011,5,133,81,80,81,81,80,79,81,82,87,84,87,82,78,85,82,82,81,83,79,86,86,90,81,75,87
0043,Alex,Steeves,Alex Steeves,Cleveland Demons,3,"$1,250,000",0,0,0,0,0,0,0,0,0,0,0,0,0,0,0,NHL,Boston Bruins,79,12/10/1999,21,C,72,"6'0""",202,26,Left,2 Way Forward,N/A,N/A,N/A,85,83,83,82,81,83,80,79,88,81,87,83,61,77,78,88,86,84,80,88,80,81,85,75,84
0044,Jonathan,Aspirot,Jonathan Aspirot,Philadelphia Destroyers,2,"$900,000",0,0,0,0,0,0,0,0,0,0,0,0,0,0,0,NHL,Boston Bruins,78,05/16/1999,40,LD/RD,72,"6'0""",212,27,Left,2 Way Defender,N/A,N/A,N/A,80,78,78,77,82,78,75,70,86,70,85,83,60,82,85,83,83,86,83,83,85,85,85,70,86
0045,James,Hagens,James Hagens,Iowa Rebels,3,"$4,000,000",0,0,0,0,0,0,0,0,0,0,0,0,0,0,0,NHL,Boston Bruins,76,11/03/2006,44,C,71,"5'11""",177,19,Left,2 Way Forward,2025,1,7,84,82,84,82,80,84,75,80,86,81,86,81,75,75,80,86,86,82,80,84,80,75,85,65,77
0046,Rasmus,Dahlin,Rasmus Dahlin,Jacksonville Blood Hounds,1,"$13,000,000",3,19,22,16,24,40,9,61,70,10,43,53,38,147,185,NHL,Buffalo Sabres,93,04/13/2000,26,LD/RD,75,"6'3""",204,26,Left,2 Way Defender,2018,1,1,92,91,94,94,80,95,92,94,89,94,89,93,55,81,85,94,92,94,90,90,84,86,89,70,88
0047,Tage,Thompson,Tage Thompson,Kansas City Metrostars,3,"$9,000,000",0,0,0,29,43,72,31,53,84,31,45,76,91,141,232,NHL,Buffalo Sabres,89,10/30/1997,72,C/RW,78,"6'6""",220,28,Right,Power Forward,2016,1,26,91,87,90,91,83,92,87,89,95,92,93,84,74,80,80,93,89,90,89,90,81,83,87,75,93
0048,Alex,Tuch,Alex Tuch,Lincoln Lumberjacks,4,"$7,000,000",13,21,34,23,42,65,16,41,57,31,43,74,83,147,230,NHL,Buffalo Sabres,87,05/10/1996,89,RW/LW,76,"6'4""",219,30,Right,Power Forward,2014,1,18,86,86,87,88,82,90,84,86,91,91,91,88,68,89,90,89,87,86,89,88,82,84,89,70,91
0049,Bowen,Byram,Bowen Byram,North Dakota Bison,1,"$6,000,000",2,13,15,8,27,35,5,20,25,12,18,30,27,78,105,NHL,Buffalo Sabres,86,06/13/2001,4,LD/RD,73,"6'1""",205,25,Left,2 Way Defender,2019,1,4,88,84,87,88,81,89,85,88,88,87,88,87,55,82,84,91,88,89,85,90,81,84,87,70,87
0050,Josh,Norris,Josh Norris,St. Louis Leopards,5,"$5,000,000",20,28,48,21,22,43,13,37,50,19,31,50,73,118,191,NHL,Buffalo Sabres,85,05/05/1999,9,C,74,"6'2""",196,27,Left,2 Way Forward,2017,1,19,84,84,86,86,82,88,85,86,88,84,88,88,79,85,84,91,83,81,88,92,82,82,81,70,87
0051,Mattias,Samuelsson,Mattias Samuelsson,Columbus Cougars,4,"$5,000,000",0,7,7,7,8,15,6,14,20,5,7,12,18,36,54,NHL,Buffalo Sabres,85,03/14/2000,23,LD,76,"6'4""",229,26,Left,Defensive Defenseman,2018,2,32,81,81,82,83,84,83,85,82,87,83,86,90,55,85,88,81,81,89,85,82,83,88,81,80,89
0052,Owen,Power,Owen Power,Richmond Robbers,2,"$5,000,000",0,0,0,7,28,35,3,31,34,5,32,37,15,91,106,NHL,Buffalo Sabres,85,11/22/2002,25,LD/RD,78,"6'6""",226,23,Left,2 Way Defender,2021,1,1,89,86,87,89,88,89,89,85,88,90,88,87,55,81,82,92,88,90,83,90,79,81,88,75,89
0053,Ryan,McLeod,Ryan McLeod,Portland Sea Lions,5,"$4,000,000",3,5,8,7,16,23,13,13,26,16,15,31,39,49,88,NHL,Buffalo Sabres,84,09/21/1999,71,C,75,"6'3""",204,26,Left,2 Way Forward,2018,2,40,88,86,86,87,86,86,81,82,87,84,87,87,81,80,88,89,84,84,88,87,80,82,85,70,87
0054,Josh,Doan,Josh Doan,Iowa Rebels,1,"$4,000,000",0,0,0,0,0,0,18,25,43,9,4,13,27,29,56,NHL,Buffalo Sabres,84,02/01/2002,91,RW/C,74,"6'2""",198,24,Right,2 Way Forward,2021,2,37,87,86,87,87,87,88,83,86,86,87,86,86,67,81,86,87,86,83,82,87,83,84,79,65,85
0055,Logan,Stanley,Logan Stanley,Columbus Cougars,3,"$4,000,000",0,0,0,7,7,14,7,9,16,3,7,10,17,23,40,NHL,Buffalo Sabres,84,05/26/1998,64,LD,79,"6'7""",231,28,Left,Defensive Defenseman,2016,1,18,81,82,82,82,80,83,85,84,89,81,88,87,55,83,85,81,79,88,78,81,87,90,79,80,92
0056,Luke,Schenn,Luke Schenn,Florida Sunshine,4,"$3,250,000",0,0,0,4,9,13,3,17,20,7,6,13,14,32,46,NHL,Buffalo Sabres,83,11/02/1989,5,RD,74,"6'2""",225,36,Right,Defensive Defenseman,2008,1,5,81,79,81,82,81,82,82,83,88,83,87,87,55,83,81,81,81,81,80,81,89,93,81,80,90
0057,Michael,Kesselring,Michael Kesselring,Baltimore Oceanics,1,"$3,250,000",0,0,0,0,0,0,9,12,21,9,33,42,18,45,63,NHL,Buffalo Sabres,83,01/13/2000,8,RD/LD,77,"6'5""",215,26,Right,2 Way Defender,2018,6,164,87,84,85,87,79,86,86,85,93,90,89,84,55,79,83,88,86,88,82,88,84,86,82,75,88
0058,Jason,Zucker,Jason Zucker,Atlanta Cobalts,3,"$3,250,000",13,8,21,18,28,46,19,24,43,29,28,57,79,88,167,NHL,Buffalo Sabres,83,01/16/1992,17,LW/RW,71,"5'11""",198,34,Left,2 Way Forward,2010,2,59,83,83,87,84,80,88,85,87,89,86,88,85,66,79,80,85,83,84,83,86,82,84,83,70,88
0059,Jack,Quinn,Jack Quinn,Seattle Dragons,4,"$3,250,000",0,0,0,18,15,33,18,31,49,21,28,49,57,74,131,NHL,Buffalo Sabres,83,09/19/2001,22,RW/LW,73,"6'1""",185,24,Right,Sniper,2020,1,8,87,84,87,86,83,86,85,85,89,86,89,81,63,80,82,89,85,84,81,86,80,82,81,65,83
0060,Zach,Benson,Zach Benson,Memphis Cannons,4,"$2,500,000",0,0,0,0,0,0,9,17,26,11,12,23,20,29,49,NHL,Buffalo Sabres,82,05/12/2005,6,LW,70,"5'10""",177,21,Left,Playmaker,2023,1,13,84,83,85,84,80,86,80,83,86,85,86,86,64,81,87,83,85,88,80,82,81,82,82,60,84
0061,Sam,Carrick,Sam Carrick,Kansas City Metrostars,5,"$2,500,000",0,0,0,13,5,18,0,0,0,8,24,32,21,29,50,NHL,Buffalo Sabres,82,02/04/1992,10,C/RW,72,"6'0""",202,34,Right,Grinder,2010,5,144,82,82,81,84,80,82,79,83,87,83,87,87,80,84,86,82,82,85,81,81,85,90,81,86,87
0062,Peyton,Krebs,Peyton Krebs,Lincoln Lumberjacks,3,"$2,500,000",2,2,4,7,21,28,4,11,15,11,16,27,24,50,74,NHL,Buffalo Sabres,82,01/26/2001,19,C/RW,72,"6'0""",188,25,Left,2 Way Forward,2019,1,17,86,83,86,86,80,85,80,82,85,83,85,85,75,80,84,85,83,86,83,85,87,89,83,60,86
0063,Jiri,Kulich,Jiri Kulich,Chicago Rockets,3,"$2,000,000",0,0,0,0,0,0,0,0,0,15,12,27,15,12,27,NHL,Buffalo Sabres,81,04/14/2004,20,LW,73,"6'1""",193,22,Left,Sniper,2022,1,28,85,82,82,86,83,83,83,85,87,86,87,82,75,81,85,87,85,82,85,86,82,83,81,70,82
0064,Jordan,Greenway,Jordan Greenway,Cleveland Demons,3,"$1,500,000",15,15,30,17,37,54,10,7,17,10,11,21,52,70,122,NHL,Buffalo Sabres,80,02/16/1997,12,LW/RW,78,"6'6""",231,29,Left,Power Forward,2015,2,50,80,80,80,81,80,80,79,80,88,81,87,82,66,85,84,81,80,86,86,81,83,89,80,80,90
0065,Noah,Östlund,Noah Östlund,Nevada Archers,3,"$1,500,000",0,0,0,0,0,0,0,0,0,0,0,0,0,0,0,NHL,Buffalo Sabres,80,03/11/2004,86,C,71,"5'11""",175,22,Left,Playmaker,2022,1,16,84,83,83,82,84,87,80,82,86,84,86,84,70,75,85,85,84,81,81,85,80,84,81,65,83
0066,Justin,Danforth,Justin Danforth,Raleigh Wildcats,1,"$1,500,000",0,0,0,0,0,0,16,24,40,18,21,39,34,45,79,NHL,Buffalo Sabres,80,03/15/1993,15,RW/C,68,"5'8""",193,33,Right,Sniper,N/A,N/A,N/A,83,82,83,84,82,83,83,84,88,83,87,85,74,85,81,86,83,86,84,85,87,89,80,70,83
0067,Beck,Malenstyn,Beck Malenstyn,South Dakota Spartans,3,"$1,500,000",0,0,0,0,0,0,5,12,17,13,23,36,18,35,53,NHL,Buffalo Sabres,80,02/04/1998,29,C/LW,75,"6'3""",209,28,Left,Grinder,2016,5,145,80,79,80,81,81,80,78,81,85,83,85,80,66,87,81,81,80,85,80,92,85,92,80,77,86
0068,Tanner,Pearson,Tanner Pearson,Oklahoma Twisters,4,"$1,500,000",8,16,24,16,33,49,15,22,37,11,24,35,50,95,145,NHL,Buffalo Sabres,80,08/10/1992,70,LW,73,"6'1""",207,34,Left,2 Way Forward,2012,1,30,82,82,83,82,84,83,80,85,87,85,87,84,65,83,80,85,83,84,81,85,83,86,80,75,86
0069,Conor,Timmins,Conor Timmins,Fort Worth Defenders,4,"$1,250,000",0,5,5,7,13,20,7,8,15,2,10,12,16,36,52,NHL,Buffalo Sabres,79,09/18/1998,21,RD,75,"6'3""",213,27,Right,2 Way Defender,2017,2,32,84,82,83,85,80,82,84,83,88,84,87,82,55,81,82,82,82,84,79,82,81,84,80,68,85
0070,Josh,Dunne,Josh Dunne,UFA,,,0,0,0,0,0,0,0,0,0,0,0,0,0,0,0,NHL,Buffalo Sabres,77,12/08/1998,44,C,76,"6'4""",208,27,Left,Power Forward,N/A,N/A,N/A,79,78,77,78,80,79,77,76,82,75,81,84,81,82,84,81,83,83,88,81,88,88,85,84,85
0071,Tyson,Kozak,Tyson Kozak,North Dakota Bison,2,"$950,000",0,0,0,0,0,0,0,0,0,0,0,0,0,0,0,NHL,Buffalo Sabres,76,12/29/2002,48,C,71,"5'11""",185,23,Left,Playmaker,2021,7,193,79,78,78,79,82,82,80,77,85,78,84,86,73,83,83,84,83,80,82,91,85,86,78,65,84
0072,Jonathan,Huberdeau,Jonathan Huberdeau,Nevada Archers,1,"$5,000,000",29,23,52,16,63,79,16,31,47,28,46,74,89,163,252,NHL,Calgary Flames,85,06/04/1993,10,C,73,"6'1""",200,33,Left,Playmaker,2011,1,3,87,85,90,87,83,88,88,85,89,88,88,83,65,84,81,86,86,84,90,85,81,83,89,65,87
0073,Mikael,Backlund,Mikael Backlund,Indianapolis Ghosts,2,"$4,000,000",15,7,22,17,33,50,12,23,35,15,24,39,59,87,146,NHL,Calgary Flames,84,03/17/1989,11,C,72,"6'0""",206,37,Left,2 Way Forward,2007,1,24,87,86,87,88,83,87,85,87,88,87,88,87,83,83,88,87,85,82,90,85,82,83,88,70,85
0074,Blake,Coleman,Blake Coleman,Florida Sunshine,2,"$4,000,000",13,21,34,22,28,50,24,31,55,18,38,56,77,118,195,NHL,Calgary Flames,84,11/28/1991,20,C,71,"5'11""",199,34,Left,Power Forward,2011,3,75,83,83,84,85,81,86,84,85,88,86,87,87,67,86,84,85,85,86,88,85,85,88,87,75,89
0075,Kevin,Bahl,Kevin Bahl,San Antonio Bandits,1,"$4,000,000",0,0,0,3,5,8,2,9,11,6,13,19,11,27,38,NHL,Calgary Flames,84,06/27/2000,7,LD,78,"6'6""",230,26,Left,Defensive Defenseman,2018,2,55,82,81,82,83,82,81,81,82,88,83,88,89,55,83,88,83,82,90,86,82,82,86,85,85,89
0076,Matt,Coronato,Matt Coronato,Cleveland Demons,4,"$3,250,000",0,0,0,0,0,0,14,15,29,15,22,37,29,37,66,NHL,Calgary Flames,83,11/14/2002,27,RW,70,"5'10""",183,23,Right,Sniper,2021,1,13,86,84,85,87,83,86,84,84,87,88,87,83,67,80,79,88,86,83,87,86,81,82,84,65,84
0077,Morgan,Frost,Morgan Frost,New Orleans Whalers,4,"$3,250,000",0,0,0,16,35,51,11,29,40,17,23,40,44,87,131,NHL,Calgary Flames,83,05/14/1999,16,C,72,"6'0""",193,27,Left,Playmaker,2017,1,27,88,86,86,90,83,84,85,83,87,85,87,84,79,84,87,88,87,84,83,87,82,82,85,67,84
0078,Joel,Farabee,Joel Farabee,New Orleans Whalers,6,"$2,500,000",24,15,39,18,41,59,22,28,50,2,20,22,66,104,170,NHL,Calgary Flames,82,02/25/2000,86,C,72,"6'0""",186,26,Left,2 Way Forward,2018,1,14,84,83,86,85,82,88,85,85,88,86,88,84,66,85,80,87,83,83,81,85,81,84,85,75,85
0079,Yegor,Sharangovich,Yegor Sharangovich,St. Louis Leopards,3,"$2,500,000",15,20,35,22,35,57,22,26,48,20,24,44,79,105,184,NHL,Calgary Flames,82,06/06/1998,17,C/RW,74,"6'2""",196,28,Left,2 Way Forward,2018,5,141,85,84,84,85,88,86,84,87,89,88,89,84,71,81,83,87,84,81,81,85,81,82,85,75,88
0080,Ryan,Strome,Ryan Strome,Puerto Rico Toros,3,"$2,500,000",8,16,24,10,39,49,12,35,47,17,28,45,47,118,165,NHL,Calgary Flames,82,07/11/1993,22,C,73,"6'1""",192,33,Right,Playmaker,2011,1,5,86,82,88,85,80,86,84,85,88,86,87,83,78,81,80,83,81,81,87,82,81,83,86,65,85
0081,Zach,Whitecloud,Zach Whitecloud,Florida Sunshine,3,"$2,500,000",4,12,16,2,15,17,5,18,23,2,23,25,13,68,81,NHL,Calgary Flames,82,11/28/1996,28,RD,74,"6'2""",210,29,Right,Defensive Defenseman,N/A,N/A,N/A,83,81,82,83,81,83,81,82,87,84,87,88,55,86,82,82,81,86,80,82,83,87,82,75,87
0082,Victor,Olofsson,Victor Olofsson,Arizona Heat,5,"$2,500,000",21,18,39,33,34,67,18,35,53,6,37,43,78,124,202,NHL,Calgary Flames,82,07/18/1995,95,LW/RW,71,"5'11""",180,31,Left,Sniper,2014,7,181,85,84,84,84,80,86,82,86,88,87,87,83,70,75,83,85,86,85,85,85,80,75,83,69,84
0083,Connor,Zary,Connor Zary,Chicago Rockets,3,"$2,500,000",0,0,0,13,8,21,11,19,30,11,27,38,35,54,89,NHL,Calgary Flames,82,09/25/2001,47,C/LW,72,"6'0""",178,24,Left,2 Way Forward,2020,1,24,89,85,86,87,82,87,83,82,88,86,87,85,69,80,81,85,85,83,84,84,82,82,81,67,84
0084,Olli,Maatta,Olli Maatta,Baltimore Oceanics,3,"$2,000,000",0,0,0,3,15,18,10,14,24,5,6,11,18,35,53,NHL,Calgary Flames,81,08/22/1994,3,LD,74,"6'2""",207,32,Left,Defensive Defenseman,2012,1,22,86,83,85,86,88,84,82,84,88,83,87,87,55,85,86,85,83,86,81,84,78,80,84,70,88
0085,Jake,Bean,Jake Bean,Chicago Rockets,4,"$1,500,000",4,27,31,13,25,38,10,17,27,9,21,30,36,90,126,NHL,Calgary Flames,80,06/09/1998,24,LD/RD,73,"6'1""",191,28,Left,Offensive Defenseman,2016,1,13,82,80,82,83,85,84,83,82,88,85,87,85,55,81,84,82,81,85,79,82,79,81,80,65,83
0086,Martin,Pospisil,Martin Pospisil,New York Steamrollers,6,"$1,500,000",0,0,0,0,0,0,11,10,21,10,29,39,21,39,60,NHL,Calgary Flames,80,11/19/1999,76,RW,74,"6'2""",173,26,Left,2 Way Forward,2018,4,105,82,81,83,82,80,82,80,84,88,84,87,84,68,80,83,83,82,84,87,90,88,93,82,70,87
0087,Joel,Hanley,Joel Hanley,San Antonio Bandits,2,"$1,500,000",0,0,0,1,11,12,0,0,0,0,0,0,1,11,12,NHL,Calgary Flames,79,06/08/1991,44,LD/RD,71,"5'11""",186,35,Left,2 Way Defender,N/A,N/A,N/A,80,79,80,81,82,80,81,81,87,81,87,84,55,83,83,80,79,81,84,80,82,84,80,70,85
0088,Adam,Klapka,Adam Klapka,Columbus Cougars,5,"$1,250,000",0,0,0,0,0,0,0,0,0,0,0,0,0,0,0,NHL,Calgary Flames,79,09/14/2000,40,RW,80,"6'8""",235,25,Right,Power Forward,N/A,N/A,N/A,81,82,82,83,80,77,75,80,89,84,88,77,66,77,78,81,80,86,78,87,87,89,78,80,87
0089,Brayden,Pachal,Brayden Pachal,South Dakota Spartans,1,"$1,250,000",0,0,0,0,0,0,0,0,0,2,12,14,2,12,14,NHL,Calgary Flames,79,08/23/1999,94,RD,74,"6'2""",202,27,Right,Defensive Defenseman,N/A,N/A,N/A,80,79,80,80,79,80,80,80,87,80,87,82,55,83,82,80,81,82,78,80,87,91,80,79,87
0090,Ryan,Lomberg,Ryan Lomberg,Fort Worth Defenders,7,"$1,250,000",0,0,0,11,20,31,0,0,0,1,14,15,12,34,46,NHL,Calgary Flames,79,12/09/1994,70,LW,69,"5'9""",184,31,Left,Grinder,N/A,N/A,N/A,79,78,78,80,80,80,79,82,85,82,85,80,64,80,80,81,80,85,79,88,86,91,80,87,87
0091,John,Beecher,John Beecher,South Dakota Spartans,3,"$1,000,000",0,0,0,0,0,0,5,15,20,22,10,32,27,25,52,NHL,Calgary Flames,78,04/05/2001,18,C,75,"6'3""",220,25,Left,Power Forward,2019,1,30,80,80,80,80,81,77,75,80,88,81,88,81,77,85,82,81,80,80,87,82,84,88,80,82,89
0092,Samuel,Honzek,Samuel Honzek,New Orleans Whalers,5,"$1,000,000",0,0,0,0,0,0,0,0,0,0,9,9,0,9,9,NHL,Calgary Flames,78,11/12/2004,29,C,76,"6'4""",186,21,Left,2 Way Forward,2023,1,16,81,80,80,82,81,84,77,80,87,81,87,83,65,81,84,81,81,80,80,81,83,87,77,75,84
0093,Yan,Kuznetsov,Yan Kuznetsov,Fort Worth Defenders,2,"$1,000,000",0,0,0,0,0,0,0,0,0,0,0,0,0,0,0,NHL,Calgary Flames,77,03/09/2002,37,LD/RD,76,"6'4""",209,24,Left,Defensive Defenseman,2020,2,50,79,75,79,76,80,70,75,70,88,72,87,81,50,86,85,81,81,90,84,83,87,85,85,80,88
0094,Zayne,Parekh,Zayne Parekh,Puerto Rico Toros,1,"$900,000",0,0,0,0,0,0,0,0,0,3,32,35,3,32,35,NHL,Calgary Flames,77,02/15/2006,89,RD,72,"6'0""",179,20,Right,2 Way Defender,2024,1,9,86,86,86,86,80,83,80,80,87,84,86,79,55,79,83,86,87,84,85,86,75,75,85,65,84
0095,Matvei,Gridin,Matvei Gridin,Jacksonville Blood Hounds,3,"$2,500,000",0,0,0,0,0,0,0,0,0,0,0,0,0,0,0,NHL,Calgary Flames,76,03/01/2006,92,RW,73,"6'1""",182,20,Left,Playmaker,2024,1,28,80,81,80,80,73,83,76,78,86,78,86,79,57,77,77,87,87,81,79,87,75,70,83,60,81
0096,Hunter,Brzustewicz,Hunter Brzustewicz,Cincinnati Thunderbolts,2,"$900,000",0,0,0,0,0,0,0,0,0,0,0,0,0,0,0,NHL,Calgary Flames,75,11/29/2004,48,RD/LD,72,"6'0""",190,21,Right,2 Way Defender,2023,3,75,83,78,83,81,85,80,75,70,86,78,86,80,50,78,83,83,84,82,85,83,75,75,85,70,83
0097,Tyson,Gross,Tyson Gross,UFA,,,0,0,0,0,0,0,0,0,0,0,0,0,0,0,0,NHL,Calgary Flames,74,09/23/2002,39,C,75,"6'3""",194,23,Right,2 Way Forward,N/A,N/A,N/A,81,80,79,80,85,84,70,79,86,80,86,79,79,72,78,83,80,83,85,85,75,70,85,70,85
0098,Abram,Wiebe,Abram Wiebe,UFA,,,0,0,0,0,0,0,0,0,0,0,0,0,0,0,0,NHL,Calgary Flames,74,08/28/2003,52,LD,75,"6'3""",209,23,Left,2 Way Defender,2022,7,209,77,78,78,78,85,76,75,78,86,78,85,81,50,75,78,82,81,84,85,82,78,78,85,74,84
0099,Sebastian,Aho,Sebastian Aho,Baltimore Oceanics,3,"$10,000,000",30,25,55,25,37,62,23,62,85,40,34,74,118,158,276,NHL,Carolina Hurricanes,90,07/26/1997,20,C,72,"6'0""",176,29,Left,2 Way Forward,2015,2,35,91,88,93,90,82,94,89,92,89,91,88,90,83,81,85,91,89,85,83,89,81,83,90,65,85
0100,Jaccob,Slavin,Jaccob Slavin,Kansas City Metrostars,6,"$10,000,000",1,22,23,6,33,39,7,30,37,7,31,38,21,116,137,NHL,Carolina Hurricanes,90,05/01/1994,74,LD,75,"6'3""",207,32,Left,2 Way Defender,2012,4,120,83,82,83,83,90,83,83,86,88,87,87,94,55,84,93,84,85,82,88,93,78,81,88,75,87
0101,Seth,Jarvis,Seth Jarvis,Charleston Tsunami,3,"$8,000,000",9,9,18,24,25,49,22,33,55,36,53,89,91,120,211,NHL,Carolina Hurricanes,88,02/01/2002,24,RW,70,"5'10""",180,24,Right,Sniper,2020,1,13,88,86,90,88,87,92,88,90,88,89,88,86,68,85,81,88,88,88,86,93,84,85,87,65,82
0102,Nikolaj,Ehlers,Nikolaj Ehlers,Washington Admirals,6,"$7,000,000",25,30,55,25,44,69,22,40,62,35,34,69,107,148,255,NHL,Carolina Hurricanes,87,02/14/1996,27,LW/RW,72,"6'0""",168,30,Left,Playmaker,2014,1,9,90,88,89,89,85,89,88,90,88,90,88,84,63,81,83,91,88,83,84,92,80,82,83,63,84
0103,Shayne,Gostisbehere,Shayne Gostisbehere,Nevada Archers,1,"$7,000,000",0,8,8,7,30,37,11,34,45,6,19,25,24,91,115,NHL,Carolina Hurricanes,87,04/20/1993,4,LD/RD,71,"5'11""",183,33,Left,Offensive Defenseman,2012,3,78,90,87,92,90,81,93,90,90,89,89,88,86,55,80,84,86,87,82,84,85,79,82,83,70,85
0104,K'Andre,Miller,K'Andre Miller,Honolulu Hawks,2,"$6,000,000",0,5,5,10,25,35,6,24,30,10,46,56,26,100,126,NHL,Carolina Hurricanes,86,01/21/2000,19,LD,77,"6'5""",210,26,Left,2 Way Defender,2018,1,22,86,85,85,86,84,84,85,85,88,87,88,88,55,81,90,89,86,83,84,90,83,87,87,75,88
0105,Andrei,Svechnikov,Andrei Svechnikov,Baltimore Oceanics,1,"$6,000,000",23,28,51,30,37,67,25,42,67,28,40,68,106,147,253,NHL,Carolina Hurricanes,86,03/26/2000,37,RW/LW,75,"6'3""",200,26,Left,Sniper,2018,1,2,89,86,89,87,80,89,85,88,91,89,92,82,62,79,80,86,87,88,86,87,85,87,84,75,88
0106,Jackson,Blake,Jackson Blake,Baltimore Oceanics,4,"$4,000,000",0,0,0,0,0,0,0,0,0,12,16,28,12,16,28,NHL,Carolina Hurricanes,84,08/03/2003,53,C,71,"5'11""",185,23,Right,Playmaker,2021,4,109,87,85,87,87,81,89,86,83,86,87,86,85,66,80,83,84,86,85,83,83,81,81,82,65,83
0107,Logan,Stankoven,Logan Stankoven,Long Island Blizzard,4,"$4,000,000",0,0,0,0,0,0,23,28,51,18,18,36,41,46,87,NHL,Carolina Hurricanes,84,02/26/2003,22,C/LW,68,"5'8""",165,23,Right,Sniper,2021,2,47,88,87,87,86,85,87,86,83,87,88,87,84,70,80,83,87,87,85,82,86,83,83,82,70,83
0108,Sean,Walker,Sean Walker,Detroit Motors,4,"$4,000,000",0,8,8,5,16,21,7,18,25,7,39,46,19,81,100,NHL,Carolina Hurricanes,84,11/13/1994,26,RD/LD,71,"5'11""",191,31,Right,2 Way Defender,N/A,N/A,N/A,84,83,83,85,80,83,87,86,88,89,87,86,55,83,88,90,86,84,82,90,83,86,83,70,86
0109,Alexander,Nikishin,Alexander Nikishin,North Dakota Bison,5,"$4,000,000",0,0,0,0,0,0,0,0,0,0,0,0,0,0,0,NHL,Carolina Hurricanes,84,10/02/2001,21,LD,75,"6'3""",218,24,Left,2 Way Defender,2020,3,69,79,80,81,81,80,82,80,77,88,78,85,88,55,83,86,84,83,88,85,84,85,85,85,78,88
0110,Taylor,Hall,Taylor Hall,Brooklyn Bulldogs,2,"$4,000,000",24,23,47,33,36,69,21,24,45,18,24,42,96,107,203,NHL,Carolina Hurricanes,84,11/14/1991,71,LW,73,"6'1""",210,34,Left,Sniper,2010,1,1,89,85,87,86,81,87,86,86,90,87,90,83,66,80,82,88,86,83,82,88,81,83,81,70,87
0111,Jordan,Staal,Jordan Staal,South Dakota Spartans,2,"$3,250,000",8,15,23,20,29,49,17,28,45,27,27,54,72,99,171,NHL,Carolina Hurricanes,83,09/10/1988,11,C/LW,76,"6'4""",220,37,Left,Power Forward,2006,1,2,84,84,84,84,83,84,82,86,87,84,86,87,85,83,84,82,84,89,89,83,87,88,84,75,89
0112,Jalen,Chatfield,Jalen Chatfield,Iowa Rebels,5,"$2,500,000",0,0,0,4,5,9,2,10,12,6,9,15,12,24,36,NHL,Carolina Hurricanes,82,05/15/1996,5,RD,73,"6'1""",209,30,Right,Defensive Defenseman,N/A,N/A,N/A,82,81,82,82,81,84,83,85,87,89,87,88,55,80,86,84,83,83,83,86,81,84,83,77,85
0113,Jordan,Martinook,Jordan Martinook,Honolulu Hawks,1,"$2,500,000",0,0,0,5,11,16,12,24,36,25,15,40,42,50,92,NHL,Carolina Hurricanes,82,07/25/1992,40,LW,73,"6'1""",208,34,Left,Grinder,2012,2,58,81,82,83,82,83,84,80,83,86,85,86,88,67,84,86,82,82,86,89,83,83,84,84,65,88
0114,William,Carrier,William Carrier,Raleigh Wildcats,2,"$2,000,000",0,0,0,12,15,27,10,14,24,12,24,36,34,53,87,NHL,Carolina Hurricanes,81,12/20/1994,28,LW,74,"6'2""",214,31,Left,Power Forward,2013,2,57,84,83,81,83,80,80,79,81,88,82,87,80,65,80,81,84,83,87,86,88,88,92,79,75,88
0115,Eric,Robinson,Eric Robinson,Cincinnati Thunderbolts,4,"$2,000,000",8,9,17,14,15,29,8,13,21,13,24,37,43,61,104,NHL,Carolina Hurricanes,81,06/14/1995,50,LW,74,"6'2""",220,31,Left,2 Way Forward,N/A,N/A,N/A,83,82,83,83,86,85,83,82,87,83,87,84,64,80,80,85,82,85,81,89,84,87,81,70,89
0116,Jesperi,Kotkaniemi,Jesperi Kotkaniemi,Honolulu Hawks,7,"$1,500,000",19,19,38,17,30,47,8,26,34,22,12,34,66,87,153,NHL,Carolina Hurricanes,80,07/06/2000,82,C,75,"6'3""",212,26,Left,Playmaker,2018,1,3,83,81,85,83,80,83,80,82,87,84,87,82,78,80,80,84,83,83,82,84,80,80,82,65,84
0117,Mark,Jankowski,Mark Jankowski,Jacksonville Blood Hounds,4,"$1,250,000",6,7,13,16,21,37,6,19,25,2,17,19,30,64,94,NHL,Carolina Hurricanes,79,09/13/1994,77,LW/C,76,"6'4""",200,31,Left,2 Way Forward,2012,1,21,82,82,82,82,81,80,81,81,87,82,88,84,74,84,87,82,82,84,83,82,80,82,79,70,87
0118,Nicolas,Deslauriers,Nicolas Deslauriers,Seattle Dragons,3,"$1,250,000",0,0,0,12,18,30,0,0,0,7,12,19,19,30,49,NHL,Carolina Hurricanes,79,02/22/1991,44,LW,73,"6'1""",218,35,Left,Grinder,2009,3,84,80,79,79,81,83,77,78,83,88,81,88,78,64,80,79,80,80,82,78,80,86,90,78,92,90
0119,Mike,Reilly,Mike Reilly,Montana Miners,2,"$1,200,000",4,10,14,11,27,38,5,10,15,0,0,0,20,47,67,NHL,Carolina Hurricanes,79,07/13/1993,3,LD,74,"6'2""",191,33,Left,2 Way Defender,2011,4,98,85,82,82,83,85,84,80,84,87,84,86,84,55,78,82,81,80,82,81,82,78,81,78,70,85
0120,Charles-Alexis,Legault,Charles-Alexis Legault,Seattle Dragons,2,"$900,000",0,0,0,0,0,0,0,0,0,0,0,0,0,0,0,NHL,Carolina Hurricanes,75,09/05/2003,62,RD/LD,76,"6'4""",220,23,Right,Defensive Defenseman,N/A,N/A,N/A,76,77,78,78,70,72,75,75,86,77,86,80,50,80,85,82,80,85,85,83,83,83,85,65,87
0121,Connor,Bedard,Connor Bedard,Chicago Rockets,1,"$10,000,000",0,0,0,15,24,39,32,44,76,24,31,55,71,99,170,NHL,Chicago Blackhawks,90,07/17/2005,98,C,70,"5'10""",190,21,Right,Sniper,2023,1,1,92,86,91,90,82,94,86,89,90,92,94,83,72,80,80,91,91,86,84,88,80,80,90,65,84
0122,Alex,Vlasic,Alex Vlasic,Washington Admirals,5,"$4,000,000",0,0,0,0,0,0,4,11,15,6,33,39,10,44,54,NHL,Chicago Blackhawks,84,06/05/2001,72,LD,78,"6'6""",217,25,Left,Defensive Defenseman,2019,2,43,84,84,84,87,88,84,80,84,90,84,90,89,55,85,90,87,85,87,87,87,80,82,87,75,86
0123,Frank,Nazar,Frank Nazar,Washington Admirals,5,"$4,000,000",0,0,0,0,0,0,18,16,34,7,23,30,25,39,64,NHL,Chicago Blackhawks,84,01/14/2004,91,C/RW,70,"5'10""",190,22,Right,Sniper,2022,1,13,86,86,87,87,82,87,83,86,88,87,88,85,72,82,85,89,86,84,79,90,80,82,80,65,84
0124,Tyler,Bertuzzi,Tyler Bertuzzi,Portland Sea Lions,2,"$4,000,000",20,23,43,17,33,50,26,55,81,19,31,50,82,142,224,NHL,Chicago Blackhawks,84,02/24/1995,59,LW,74,"6'2""",200,31,Left,2 Way Forward,2013,2,58,86,85,87,86,82,88,84,88,88,86,87,86,66,80,86,83,85,86,82,82,82,84,85,80,87
0125,Teuvo,Teravainen,Teuvo Teravainen,Cincinnati Thunderbolts,5,"$3,250,000",26,26,52,17,52,69,27,35,62,25,19,44,95,132,227,NHL,Chicago Blackhawks,83,09/11/1994,86,LW,71,"5'11""",191,31,Left,Playmaker,2012,1,18,85,83,89,85,88,87,85,88,86,87,87,86,68,81,85,82,83,82,83,82,79,81,86,60,83
0126,Andre,Burakovsky,Andre Burakovsky,Washington Admirals,5,"$3,250,000",19,17,36,20,35,55,25,24,49,2,26,28,66,102,168,NHL,Chicago Blackhawks,83,02/09/1995,28,LW/RW,75,"6'3""",203,31,Left,Sniper,2013,1,23,84,87,88,88,83,85,81,84,87,85,87,82,62,79,82,89,85,87,81,87,80,82,82,68,86
0127,Ryan,Donato,Ryan Donato,Long Island Blizzard,5,"$3,250,000",11,8,19,13,19,32,15,27,42,24,30,54,63,84,147,NHL,Chicago Blackhawks,83,04/09/1996,6,C/LW,72,"6'0""",190,30,Left,2 Way Forward,2014,2,56,84,84,84,85,81,87,83,87,87,88,87,86,71,79,83,87,85,87,80,86,83,86,84,70,84
0128,Matt,Grzelcyk,Matt Grzelcyk,Denver Mountain Lions,1,"$2,500,000",2,12,14,15,32,47,6,16,22,10,18,28,33,78,111,NHL,Chicago Blackhawks,82,01/05/1994,40,LD,70,"5'10""",180,32,Left,2 Way Defender,2012,3,85,90,80,86,86,90,81,85,82,87,84,87,85,55,87,89,86,90,83,85,87,82,81,82,65,84
0129,Ilya,Mikheyev,Ilya Mikheyev,Houston Hammerheads,2,"$2,000,000",4,12,16,9,27,36,6,25,31,0,38,38,19,102,121,NHL,Chicago Blackhawks,81,10/10/1994,95,LW,74,"6'2""",192,31,Left,2 Way Forward,N/A,N/A,N/A,83,82,82,85,83,79,79,85,87,87,87,85,63,79,85,85,84,85,80,86,81,82,84,75,87
0130,Artyom,Levshunov,Artyom Levshunov,New Orleans Whalers,5,"$2,000,000",0,0,0,0,0,0,0,0,0,4,8,12,4,8,12,NHL,Chicago Blackhawks,81,10/28/2005,55,RD,74,"6'2""",208,20,Right,Offensive Defenseman,2024,1,2,84,81,85,84,81,86,82,80,87,82,87,85,55,79,86,83,81,81,78,87,80,83,78,75,85
0131,Andrew,Mangiapane,Andrew Mangiapane,Montana Miners,6,"$1,500,000",18,15,33,29,29,58,18,26,44,16,29,45,81,99,180,NHL,Chicago Blackhawks,80,04/04/1996,26,LW/RW,70,"5'10""",183,30,Left,2 Way Forward,2015,6,166,84,83,86,84,82,83,80,86,88,85,88,81,64,82,82,86,83,86,80,87,84,88,83,75,87
0132,Sam,Rinzel,Sam Rinzel,New Orleans Whalers,3,"$1,250,000",0,0,0,0,0,0,0,0,0,0,0,0,0,0,0,NHL,Chicago Blackhawks,79,06/25/2004,6,RD,76,"6'4""",194,22,Right,Offensive Defenseman,2022,1,25,84,81,83,84,90,85,80,81,86,83,86,83,55,78,83,85,82,80,80,82,80,83,78,80,83
0133,Louis,Crevier,Louis Crevier,Kansas City Metrostars,4,"$1,250,000",0,0,0,0,0,0,0,0,0,0,0,0,0,0,0,NHL,Chicago Blackhawks,79,05/04/2001,46,RD/LD,80,"6'8""",228,25,Right,Defensive Defenseman,2020,7,188,79,78,79,79,83,78,75,80,87,80,87,86,55,85,85,80,78,83,81,80,85,84,79,80,85
0134,Anton,Frondell,Anton Frondell,Brooklyn Bulldogs,5,"$1,250,000",0,0,0,0,0,0,0,0,0,0,0,0,0,0,0,NHL,Chicago Blackhawks,79,05/07/2007,16,LW,73,"6'1""",198,19,Left,2 Way Forward,2025,1,3,86,85,85,85,80,85,80,80,87,82,87,82,65,74,83,85,82,84,80,85,80,75,82,70,85
0135,Ryan,Greene,Ryan Greene,Nevada Archers,4,"$1,250,000",0,0,0,0,0,0,0,0,0,0,0,0,0,0,0,NHL,Chicago Blackhawks,79,10/21/2003,20,C,73,"6'1""",174,22,Right,Playmaker,2022,2,57,83,82,82,82,85,85,75,79,87,80,87,84,76,75,84,86,85,85,80,86,80,75,85,73,86
0136,Sam,Lafferty,Sam Lafferty,Chicago Rockets,1,"$1,250,000",0,0,0,8,24,32,12,23,35,15,8,23,35,55,90,NHL,Chicago Blackhawks,79,03/06/1995,24,C/LW,74,"6'2""",205,31,Right,Grinder,2014,4,113,81,80,80,81,80,80,78,81,87,83,87,82,69,80,82,82,81,85,79,83,87,90,80,70,86
0137,Wyatt,Kaiser,Wyatt Kaiser,Nevada Archers,5,"$1,250,000",0,0,0,0,0,0,0,0,0,0,0,0,0,0,0,NHL,Chicago Blackhawks,79,07/31/2002,44,LD,72,"6'0""",190,24,Left,2 Way Defender,2020,3,81,84,82,80,83,82,80,80,80,85,80,84,84,55,83,85,82,81,86,79,82,80,82,80,70,82
0138,Oliver,Moore,Oliver Moore,New Orleans Whalers,3,"$1,250,000",0,0,0,0,0,0,0,0,0,5,14,19,5,14,19,NHL,Chicago Blackhawks,79,01/22/2005,11,C,71,"5'11""",188,21,Left,2 Way Forward,2023,1,19,83,80,82,84,80,86,80,80,86,82,86,84,67,79,80,84,81,85,78,87,81,83,78,70,80
0139,Nick,Lardis,Nick Lardis,Richmond Robbers,5,"$1,000,000",0,0,0,0,0,0,0,0,0,0,0,0,0,0,0,NHL,Chicago Blackhawks,78,07/08/2005,76,RW,71,"5'11""",185,21,Left,Sniper,2023,3,67,79,80,79,80,76,86,80,79,87,84,86,77,68,76,75,87,85,78,85,88,75,70,83,63,78
0140,Kevin,Korchinski,Kevin Korchinski,Las Vegas Vipers,3,"$1,000,000",0,0,0,0,0,0,3,20,23,7,11,18,10,31,41,NHL,Chicago Blackhawks,78,06/21/2004,14,LD,73,"6'1""",185,22,Left,Offensive Defenseman,2022,1,7,82,80,83,82,80,84,75,82,88,82,87,83,55,80,82,84,80,80,78,84,79,81,79,68,85
0141,Landon,Slaggert,Landon Slaggert,St. Louis Leopards,1,"$1,000,000",0,0,0,0,0,0,0,0,0,0,0,0,0,0,0,NHL,Chicago Blackhawks,77,06/25/2002,84,LW/C,72,"6'0""",180,24,Left,2 Way Forward,2020,3,79,80,80,80,81,80,80,80,82,86,81,85,81,61,80,87,83,80,82,79,88,82,85,78,75,85
0142,Ethan,Del Mastro,Ethan Del Mastro,Columbus Cougars,1,"$900,000",0,0,0,0,0,0,0,0,0,0,0,0,0,0,0,NHL,Chicago Blackhawks,77,01/15/2003,38,LD/RD,76,"6'4""",210,23,Left,2 Way Defender,2021,4,105,82,80,80,82,84,80,75,80,87,82,87,81,55,80,84,82,81,86,78,81,86,88,78,70,86
0143,Sacha,Boisvert,Sacha Boisvert,Chicago Rockets,2,"$900,000",0,0,0,0,0,0,0,0,0,0,0,0,0,0,0,NHL,Chicago Blackhawks,76,03/17/2006,12,C,74,"6'2""",176,20,Left,2 Way Forward,2024,1,18,83,82,84,84,80,85,75,83,87,85,87,78,72,70,78,86,83,83,85,86,75,70,85,70,83
0144,Dominic,Toninato,Dominic Toninato,UFA,,,0,0,0,9,6,15,0,0,0,0,0,0,9,6,15,NHL,Chicago Blackhawks,76,03/09/1994,25,LW/C,74,"6'2""",201,32,Left,2 Way Forward,2012,5,126,80,78,79,81,86,80,78,81,87,81,87,82,68,81,81,80,79,80,78,81,81,87,77,75,87
0145,Ryan,Ellis,Ryan Ellis,UFA,,,6,13,19,6,29,35,0,0,0,0,0,0,12,42,54,NHL,Chicago Blackhawks,70,01/03/1991,94,RD,70,"5'10""",180,35,Right,2 Way Defender,2009,1,11,70,70,70,70,85,77,80,80,80,85,85,78,55,80,70,85,85,85,85,85,70,70,70,70,87
0146,Shea,Weber,Shea Weber,UFA,,,2,20,22,0,0,0,0,0,0,0,0,0,2,20,22,NHL,Chicago Blackhawks,70,08/14/1985,60,RD,76,"6'4""",230,41,Right,2 Way Defender,2003,2,49,75,75,85,84,80,72,80,77,80,78,80,71,55,80,85,78,78,90,89,78,87,90,75,85,90
0147,Nathan,MacKinnon,Nathan MacKinnon,San Antonio Bandits,7,"$17,000,000",24,27,51,53,39,92,41,42,83,59,51,110,177,159,336,NHL,Colorado Avalanche,97,09/01/1995,29,C/RW,72,"6'0""",200,31,Right,Playmaker,2013,1,1,97,90,96,96,84,97,97,92,91,94,93,89,80,80,82,98,93,96,90,97,81,84,91,70,95
0148,Cale,Makar,Cale Makar,Philadelphia Destroyers,6,"$15,000,000",1,18,19,11,63,74,8,60,68,25,34,59,45,175,220,NHL,Colorado Avalanche,95,10/30/1998,8,RD,72,"6'0""",187,27,Right,Offensive Defenseman,2017,1,4,95,92,95,95,89,96,95,93,91,95,91,94,55,82,86,95,94,88,92,95,80,84,90,65,87
0149,Martin,Necas,Martin Necas,Fort Worth Defenders,3,"$12,000,000",17,21,38,14,39,53,22,48,70,45,49,94,98,157,255,NHL,Colorado Avalanche,92,01/15/1999,88,C/RW,75,"6'3""",195,27,Right,Playmaker,2017,1,12,93,89,93,92,83,94,88,93,88,90,88,86,68,82,85,94,90,85,86,94,80,83,88,70,85
0150,Nazem,Kadri,Nazem Kadri,Seattle Dragons,5,"$7,000,000",25,28,53,23,46,69,24,41,65,18,24,42,90,139,229,NHL,Colorado Avalanche,87,10/06/1990,91,C,72,"6'0""",185,35,Left,2 Way Forward,2009,1,7,93,88,90,91,81,92,88,90,88,93,88,87,82,80,81,90,90,85,89,89,82,83,89,75,88
0151,Devon,Toews,Devon Toews,Oklahoma Twisters,3,"$7,000,000",2,10,12,12,37,49,7,40,47,13,25,38,34,112,146,NHL,Colorado Avalanche,87,02/21/1994,7,LD,73,"6'1""",191,32,Left,2 Way Defender,2014,4,108,86,85,90,87,87,88,88,91,88,90,87,89,55,80,88,88,87,83,90,88,80,82,90,70,85
0152,Brock,Nelson,Brock Nelson,South Dakota Spartans,5,"$6,000,000",13,16,29,15,38,53,19,42,61,26,25,51,73,121,194,NHL,Colorado Avalanche,86,10/15/1991,11,C/LW,76,"6'4""",205,34,Left,Power Forward,2010,1,30,89,87,89,88,85,89,88,91,89,92,88,87,80,83,88,88,88,82,85,87,81,82,89,80,89
0153,Josh,Manson,Josh Manson,Charleston Tsunami,1,"$5,000,000",2,20,22,12,16,28,5,7,12,11,19,30,30,62,92,NHL,Colorado Avalanche,85,10/07/1991,42,RD,75,"6'3""",218,34,Right,Defensive Defenseman,2011,6,160,84,82,84,83,80,85,85,82,87,83,87,88,55,83,85,85,83,88,81,86,87,91,80,85,89
0154,Artturi,Lehkonen,Artturi Lehkonen,Indianapolis Ghosts,6,"$5,000,000",0,0,0,13,31,44,13,30,43,4,42,46,30,103,133,NHL,Colorado Avalanche,85,07/04/1995,62,LW/RW,71,"5'11""",179,31,Left,2 Way Forward,2013,2,55,86,85,87,85,82,89,85,91,88,88,89,88,64,82,83,86,83,84,86,84,82,83,85,60,85
0155,Valeri,Nichushkin,Valeri Nichushkin,Atlanta Cobalts,5,"$5,000,000",15,11,26,26,41,67,18,29,47,29,28,57,88,109,197,NHL,Colorado Avalanche,85,03/04/1995,13,RW/LW,76,"6'4""",210,31,Left,Sniper,2013,1,10,86,83,86,86,86,89,84,90,88,87,88,84,63,80,80,88,85,84,86,88,83,84,81,65,91
0156,Brent,Burns,Brent Burns,Memphis Cannons,5,"$5,000,000",2,22,24,9,25,34,10,47,57,10,22,32,31,116,147,NHL,Colorado Avalanche,85,03/09/1985,84,RD,77,"6'5""",228,41,Right,2 Way Defender,2003,1,20,85,84,88,86,84,89,88,88,92,88,92,85,55,80,89,85,86,84,89,85,78,80,88,80,91
0157,Gabriel,Landeskog,Gabriel Landeskog,New York Steamrollers,2,"$4,000,000",19,23,42,16,69,85,26,37,63,20,29,49,81,158,239,NHL,Colorado Avalanche,84,11/23/1992,92,LW/C,73,"6'1""",215,33,Left,Power Forward,2011,1,2,86,86,86,86,80,84,90,87,87,87,87,84,79,85,85,85,85,90,88,85,87,89,70,80,89
0158,Sam,Malinski,Sam Malinski,Tennessee Wolverines,3,"$3,250,000",0,0,0,0,0,0,7,14,21,0,11,11,7,25,32,NHL,Colorado Avalanche,83,07/27/1998,70,RD,71,"5'11""",190,28,Right,2 Way Defender,N/A,N/A,N/A,88,86,88,89,85,85,85,85,86,88,86,85,55,83,85,88,85,87,79,89,81,84,80,70,86
0159,Nick,Blankenburg,Nick Blankenburg,Denver Mountain Lions,5,"$3,250,000",0,0,0,2,9,11,0,0,0,5,8,13,7,17,24,NHL,Colorado Avalanche,83,05/12/1998,37,RD/LD,69,"5'9""",177,28,Right,Offensive Defenseman,N/A,N/A,N/A,86,84,84,87,82,86,83,84,86,85,85,88,55,80,89,84,84,85,85,84,80,83,80,65,85
0160,Brett,Kulak,Brett Kulak,South Dakota Spartans,4,"$2,500,000",3,22,25,3,15,18,2,18,20,5,21,26,13,76,89,NHL,Colorado Avalanche,82,01/06/1994,27,LD/RD,74,"6'2""",192,32,Left,Defensive Defenseman,2012,4,105,84,82,83,85,85,85,83,86,87,85,87,88,55,83,84,87,83,85,80,88,80,82,86,70,87
0161,Ross,Colton,Ross Colton,Raleigh Wildcats,1,"$2,500,000",0,0,0,22,30,52,22,30,52,18,30,48,62,90,152,NHL,Colorado Avalanche,82,09/11/1996,20,C/LW,72,"6'0""",194,29,Left,Grinder,2016,4,118,83,82,83,83,82,85,80,87,87,85,87,83,69,82,82,85,82,81,83,90,84,90,81,75,88
0162,Nicolas,Roy,Nicolas Roy,Chicago Rockets,2,"$2,500,000",6,4,10,15,20,35,20,23,43,26,31,57,67,78,145,NHL,Colorado Avalanche,82,02/05/1997,10,C/RW,76,"6'4""",200,29,Right,2 Way Forward,2015,4,96,86,85,84,87,81,84,81,85,88,85,88,85,76,83,85,85,86,86,84,83,85,86,82,75,88
0163,Parker,Kelly,Parker Kelly,Baltimore Oceanics,2,"$2,000,000",0,0,0,6,8,14,11,12,23,6,15,21,23,35,58,NHL,Colorado Avalanche,81,05/14/1999,17,LW/C,73,"6'1""",185,27,Left,Grinder,N/A,N/A,N/A,81,80,80,82,81,82,80,83,86,83,85,86,71,88,86,82,81,83,82,83,84,89,81,75,85
0164,Logan,O'Connor,Logan O'Connor,Richmond Robbers,2,"$1,500,000",10,6,16,19,27,46,15,18,33,9,18,27,53,69,122,NHL,Colorado Avalanche,80,08/14/1996,25,RW/LW,72,"6'0""",175,30,Right,2 Way Forward,N/A,N/A,N/A,81,80,81,82,83,82,79,82,86,83,85,85,66,84,83,90,82,84,82,91,84,85,82,70,84
0165,Jack,Drury,Jack Drury,Iowa Rebels,2,"$1,500,000",0,0,0,8,6,14,12,30,42,11,20,31,31,56,87,NHL,Colorado Avalanche,80,02/03/2000,18,C,71,"5'11""",186,26,Left,2 Way Forward,2018,2,42,82,80,82,82,81,83,80,83,86,82,87,86,80,86,82,81,81,81,83,81,81,83,81,65,85
0166,Joel,Kiviranta,Joel Kiviranta,Honolulu Hawks,1,"$1,250,000",0,0,0,12,13,25,0,0,0,7,19,26,19,32,51,NHL,Colorado Avalanche,79,03/23/1996,94,LW/RW,71,"5'11""",185,30,Left,Sniper,N/A,N/A,N/A,85,84,82,82,82,82,80,81,87,82,87,80,70,75,84,87,87,83,80,88,78,78,85,65,83
0167,Zakhar,Bardakov,Zakhar Bardakov,Jacksonville Blood Hounds,3,"$1,500,000",0,0,0,0,0,0,0,0,0,0,0,0,0,0,0,NHL,Colorado Avalanche,78,02/24/2001,93,RW,74,"6'2""",198,25,Left,2 Way Forward,2021,7,203,84,83,83,83,85,84,75,79,86,80,86,81,70,77,80,87,87,84,85,87,75,75,85,70,86
0168,Zach,Werenski,Zach Werenski,Lincoln Lumberjacks,7,"$14,000,000",5,21,26,13,28,41,15,28,43,9,42,51,42,119,161,NHL,Columbus Blue Jackets,94,07/19/1997,8,LD,74,"6'2""",214,29,Left,2 Way Defender,2015,1,8,92,91,95,93,87,95,95,91,89,94,89,93,55,80,92,94,93,90,93,93,83,83,89,75,89
0169,Kirill,Marchenko,Kirill Marchenko,Arizona Heat,1,"$9,000,000",0,0,0,0,0,0,20,22,42,37,35,72,57,57,114,NHL,Columbus Blue Jackets,89,07/21/2000,86,RW,72,"6'0""",201,26,Right,Sniper,2018,2,49,89,86,87,89,85,91,87,90,89,91,89,89,65,80,86,89,90,83,87,94,81,83,87,70,88
0170,Damon,Severson,Damon Severson,Baltimore Oceanics,6,"$6,000,000",0,12,12,5,27,32,7,27,34,9,11,20,21,77,98,NHL,Columbus Blue Jackets,86,08/07/1994,78,RD,74,"6'2""",204,32,Right,2 Way Defender,2012,2,60,85,84,87,85,80,88,86,86,88,85,87,89,55,82,88,86,86,83,82,86,80,82,83,75,87
0171,Dmitri,Voronkov,Dmitri Voronkov,Kansas City Metrostars,6,"$5,000,000",0,0,0,0,0,0,16,22,38,15,29,44,31,51,82,NHL,Columbus Blue Jackets,85,09/10/2000,10,LW,77,"6'5""",234,25,Left,Power Forward,2019,4,114,84,86,87,86,80,90,83,88,89,89,89,87,68,84,83,81,84,87,86,82,84,85,84,68,92
0172,Conor,Garland,Conor Garland,Kansas City Metrostars,3,"$5,000,000",13,19,32,21,42,63,18,35,53,22,32,54,74,128,202,NHL,Columbus Blue Jackets,85,03/11/1996,83,RW/LW,70,"5'10""",165,30,Right,Sniper,2015,5,123,88,85,89,88,82,88,83,86,88,87,87,84,64,83,82,88,88,90,82,87,81,83,87,75,83
0173,Charlie,Coyle,Charlie Coyle,Brooklyn Bulldogs,2,"$5,000,000",12,20,32,24,23,47,19,32,51,20,22,42,75,97,172,NHL,Columbus Blue Jackets,85,03/02/1992,3,C/RW,75,"6'3""",221,34,Right,Power Forward,2010,1,28,86,84,86,87,83,85,81,84,89,85,88,88,78,86,85,83,85,89,88,84,83,86,87,80,91
0174,Ivan,Provorov,Ivan Provorov,Tennessee Wolverines,3,"$5,000,000",3,23,26,4,23,27,5,24,29,10,43,53,22,113,135,NHL,Columbus Blue Jackets,85,01/13/1997,9,LD,73,"6'1""",224,29,Left,2 Way Defender,2015,1,7,87,84,86,88,86,86,83,83,88,86,88,88,55,83,82,87,86,87,84,88,79,81,90,75,87
0175,Adam,Fantilli,Adam Fantilli,Lincoln Lumberjacks,5,"$5,000,000",0,0,0,0,0,0,16,32,48,23,28,51,39,60,99,NHL,Columbus Blue Jackets,85,10/12/2004,19,C,74,"6'2""",205,21,Left,Power Forward,2023,1,3,89,85,86,88,84,87,85,88,90,88,88,85,75,83,85,90,88,85,81,92,82,85,85,70,90
0176,Mason,Marchment,Mason Marchment,Houston Hammerheads,5,"$4,000,000",0,0,0,21,22,43,27,44,71,37,40,77,85,106,191,NHL,Columbus Blue Jackets,84,06/18/1995,17,LW/RW,77,"6'5""",212,31,Left,Power Forward,N/A,N/A,N/A,85,83,86,84,79,85,83,89,89,88,88,84,65,80,82,87,85,88,81,85,84,86,82,83,90
0177,Sean,Monahan,Sean Monahan,Cincinnati Thunderbolts,1,"$4,000,000",16,13,29,15,28,43,21,44,65,21,33,54,73,118,191,NHL,Columbus Blue Jackets,84,10/12/1994,23,C/LW,74,"6'2""",206,31,Left,2 Way Forward,2013,1,6,86,86,89,87,83,88,88,88,87,87,87,86,82,84,85,84,85,84,88,84,81,82,85,70,88
0178,Denton,Mateychuk,Denton Mateychuk,Puerto Rico Toros,4,"$4,000,000",0,0,0,0,0,0,0,0,0,2,8,10,2,8,10,NHL,Columbus Blue Jackets,84,07/12/2004,5,LD/RD,71,"5'11""",188,22,Left,Offensive Defenseman,2022,1,12,85,83,83,86,81,86,85,85,87,86,87,88,55,84,88,87,85,87,80,87,80,83,80,70,85
0179,Kent,Johnson,Kent Johnson,New Orleans Whalers,3,"$3,250,000",0,0,0,8,29,37,15,29,44,20,17,37,43,75,118,NHL,Columbus Blue Jackets,83,10/18/2002,9,C/LW,72,"6'0""",170,23,Left,Playmaker,2021,1,5,88,85,87,87,84,86,85,85,87,86,86,82,64,80,80,89,85,84,82,86,79,81,82,65,84
0180,Mathieu,Olivier,Mathieu Olivier,Arizona Heat,6,"$3,250,000",0,0,0,11,7,18,0,0,0,14,28,42,25,35,60,NHL,Columbus Blue Jackets,83,02/11/1997,24,RW,73,"6'1""",232,29,Right,Grinder,N/A,N/A,N/A,82,81,81,81,80,81,77,80,87,82,87,82,65,87,81,82,82,88,81,82,87,94,82,96,91
0181,Boone,Jenner,Boone Jenner,Arizona Heat,4,"$3,250,000",8,13,21,16,28,44,15,32,47,16,15,31,55,88,143,NHL,Columbus Blue Jackets,83,06/15/1993,38,C/LW,74,"6'2""",204,33,Left,2 Way Forward,2011,2,37,84,83,84,84,85,87,84,83,87,86,87,87,77,84,83,83,81,81,86,83,82,85,80,80,88
0182,Cole,Sillinger,Cole Sillinger,Iowa Rebels,4,"$2,500,000",4,4,8,19,29,48,10,14,24,16,20,36,49,67,116,NHL,Columbus Blue Jackets,82,05/16/2003,4,C,72,"6'0""",202,23,Left,2 Way Forward,2021,1,12,85,84,84,87,81,85,82,85,87,86,87,86,75,83,83,85,84,86,85,84,81,85,83,68,86
0183,Dante,Fabbro,Dante Fabbro,Detroit Motors,1,"$2,000,000",2,15,17,5,32,37,3,22,25,6,17,23,16,86,102,NHL,Columbus Blue Jackets,81,06/20/1998,15,RD,72,"6'0""",200,28,Right,2 Way Defender,2016,1,17,82,81,83,83,81,80,81,87,88,85,88,86,55,87,82,83,82,85,84,82,81,83,83,70,85
0184,Danton,Heinen,Danton Heinen,Cleveland Demons,6,"$2,000,000",8,15,23,22,29,51,15,17,32,17,26,43,62,87,149,NHL,Columbus Blue Jackets,81,07/05/1995,40,LW,74,"6'2""",195,31,Left,2 Way Forward,2014,4,116,82,82,84,82,82,85,80,83,87,85,87,85,65,83,84,83,83,83,79,82,83,85,82,75,85
0185,Miles,Wood,Miles Wood,St. Louis Leopards,3,"$1,500,000",11,10,21,12,31,43,15,15,30,11,32,43,49,88,137,NHL,Columbus Blue Jackets,80,09/13/1995,11,LW,74,"6'2""",209,30,Left,Grinder,2013,4,100,82,81,81,82,79,81,80,83,87,84,87,82,64,81,80,86,82,83,79,93,83,86,79,80,87
0186,Isac,Lundeström,Isac Lundeström,Columbus Cougars,7,"$1,500,000",7,8,15,17,27,44,9,20,29,20,25,45,53,80,133,NHL,Columbus Blue Jackets,80,11/06/1999,21,C/LW,73,"6'1""",192,26,Left,2 Way Forward,2018,1,23,83,81,81,85,88,81,79,81,87,82,86,86,77,86,86,83,82,85,84,88,80,82,81,65,85
0187,Jake,Christiansen,Jake Christiansen,Columbus Cougars,2,"$2,250,000",0,0,0,0,0,0,0,0,0,2,8,10,2,8,10,NHL,Columbus Blue Jackets,79,09/12/1999,2,LD,72,"6'0""",199,26,Left,2 Way Defender,N/A,N/A,N/A,80,79,80,81,86,81,81,81,87,82,87,84,55,81,82,81,79,86,78,80,82,84,79,70,85
0188,Yegor,Zamula,Yegor Zamula,Cleveland Demons,1,"$1,000,000",0,0,0,3,10,13,6,17,23,6,12,18,15,39,54,NHL,Columbus Blue Jackets,78,03/30/2000,6,LD/RD,75,"6'3""",200,26,Left,2 Way Defender,N/A,N/A,N/A,80,81,82,84,86,79,78,80,88,81,87,82,55,80,85,82,82,85,78,81,79,82,80,70,88
0189,Erik,Gudbranson,Erik Gudbranson,Raleigh Wildcats,2,"$2,500,000",0,0,0,5,10,15,4,9,13,3,13,16,12,32,44,NHL,Columbus Blue Jackets,78,01/07/1992,44,RD,77,"6'5""",222,34,Right,Defensive Defenseman,2010,1,3,80,79,80,81,82,76,82,81,88,81,88,82,55,81,81,80,79,84,84,81,84,86,79,80,90
0190,Brendan,Smith,Brendan Smith,Montana Miners,2,"$900,000",0,0,0,4,6,10,0,0,0,0,0,0,4,6,10,NHL,Columbus Blue Jackets,77,02/08/1989,7,LD/RD,74,"6'2""",200,37,Left,Defensive Defenseman,2007,1,27,75,75,78,77,70,72,75,73,87,75,87,80,55,87,84,82,81,86,85,84,87,87,80,75,87
0191,Mikko,Rantanen,Mikko Rantanen,Honolulu Hawks,3,"$14,000,000",26,13,39,36,41,77,60,50,110,64,27,91,186,131,317,NHL,Dallas Stars,94,10/29/1996,96,RW/C,76,"6'4""",228,29,Left,Sniper,2015,1,10,94,93,95,92,82,95,92,94,93,94,90,86,70,82,82,90,91,93,89,89,83,84,91,80,92
0192,Miro,Heiskanen,Miro Heiskanen,Richmond Robbers,2,"$13,000,000",2,18,20,4,29,33,7,45,52,8,41,49,21,133,154,NHL,Dallas Stars,93,07/18/1999,4,LD/RD,74,"6'2""",197,27,Left,2 Way Defender,2017,1,3,91,89,90,90,87,93,89,88,92,89,90,95,55,81,89,90,88,88,91,90,80,82,84,65,86
0193,Jason,Robertson,Jason Robertson,Iowa Rebels,6,"$11,000,000",18,21,39,35,38,73,53,38,91,33,36,69,139,133,272,NHL,Dallas Stars,91,07/22/1999,21,LW/RW,75,"6'3""",204,27,Left,Sniper,2017,2,39,90,88,92,91,86,95,88,92,91,94,92,87,64,81,82,85,87,86,88,84,80,83,88,75,89
0194,Wyatt,Johnston,Wyatt Johnston,North Dakota Bison,3,"$9,000,000",0,0,0,8,12,20,16,37,53,29,25,54,53,74,127,NHL,Dallas Stars,89,05/14/2003,53,C,73,"6'1""",187,23,Right,Playmaker,2021,1,23,90,89,91,89,86,92,88,89,88,89,88,88,76,84,86,91,88,87,87,90,81,82,89,68,85
0195,Roope,Hintz,Roope Hintz,Philadelphia Destroyers,3,"$7,000,000",26,24,50,29,36,65,23,25,48,34,49,83,112,134,246,NHL,Dallas Stars,87,11/17/1996,24,C/LW,75,"6'3""",217,29,Left,2 Way Forward,2015,2,49,86,86,89,87,83,91,86,88,89,87,88,89,78,83,84,94,85,82,89,94,80,82,85,75,89
0196,Thomas,Harley,Thomas Harley,Long Island Blizzard,3,"$7,000,000",0,8,8,2,14,16,14,21,35,10,26,36,26,69,95,NHL,Dallas Stars,87,08/19/2001,55,LD,75,"6'3""",214,25,Left,2 Way Defender,2019,1,18,89,87,87,87,87,88,90,85,88,92,87,88,55,80,88,92,89,86,84,90,79,81,87,75,88
0197,Matt,Duchene,Matt Duchene,Portland Sea Lions,1,"$7,000,000",16,17,33,28,54,82,34,44,78,34,37,71,112,152,264,NHL,Dallas Stars,87,01/16/1991,95,C/RW,71,"5'11""",211,35,Left,Playmaker,2009,1,3,90,87,90,89,87,88,89,86,88,91,88,82,78,80,80,90,89,90,85,90,81,82,87,75,85
0198,Esa,Lindell,Esa Lindell,San Antonio Bandits,6,"$6,000,000",4,13,17,7,39,46,10,16,26,6,27,33,27,95,122,NHL,Dallas Stars,86,05/23/1994,23,LD,75,"6'3""",217,32,Left,Defensive Defenseman,2012,3,74,81,81,83,83,89,82,82,87,88,86,87,94,55,86,88,83,84,84,86,84,80,82,88,70,91
0199,Tyler,Seguin,Tyler Seguin,Detroit Motors,5,"$5,000,000",26,28,54,26,33,59,19,43,62,22,32,54,93,136,229,NHL,Dallas Stars,85,01/31/1992,91,C/RW,74,"6'2""",205,34,Right,Playmaker,2010,1,2,85,86,89,85,84,91,88,88,91,85,91,84,76,79,82,83,81,87,85,85,80,82,79,65,89
0200,Jamie,Benn,Jamie Benn,Florida Sunshine,1,"$4,000,000",0,0,0,18,34,52,22,23,45,30,35,65,70,92,162,NHL,Dallas Stars,84,07/18/1989,14,LW,72,"6'0""",210,37,Left,Power Forward,2007,5,129,87,85,88,86,80,88,85,84,89,87,89,85,77,83,80,86,85,84,89,85,83,86,84,75,90
0201,Tyler,Myers,Tyler Myers,Columbus Cougars,5,"$3,250,000",1,9,10,6,16,22,5,18,23,6,24,30,18,67,85,NHL,Dallas Stars,83,02/01/1990,57,RD,80,"6'8""",229,36,Right,Defensive Defenseman,2008,1,12,83,82,83,84,80,83,83,85,93,84,91,88,55,84,83,84,85,86,83,86,83,85,85,80,90
0202,Ilya,Lyubushkin,Ilya Lyubushkin,Charleston Tsunami,3,"$2,500,000",0,0,0,5,9,14,4,12,16,0,16,16,9,37,46,NHL,Dallas Stars,82,04/06/1994,46,RD,74,"6'2""",206,32,Right,Defensive Defenseman,N/A,N/A,N/A,81,79,81,82,81,81,81,81,87,81,87,88,55,88,85,81,80,82,86,81,85,88,83,70,87
0203,Michael,Bunting,Michael Bunting,Denver Mountain Lions,3,"$2,500,000",2,5,7,17,27,44,17,27,44,17,33,50,53,92,145,NHL,Dallas Stars,82,09/17/1995,58,LW/RW,72,"6'0""",186,30,Left,2 Way Forward,2014,4,117,85,85,87,85,80,86,81,89,88,85,88,85,63,79,84,83,84,88,80,83,82,83,84,70,87
0204,Sam,Steel,Sam Steel,Lincoln Lumberjacks,2,"$2,000,000",7,9,16,15,42,57,14,16,30,14,17,31,50,84,134,NHL,Dallas Stars,81,02/03/1998,18,C/LW,72,"6'0""",185,28,Left,2 Way Forward,2016,1,30,84,82,85,85,82,83,80,82,86,84,86,86,72,81,84,83,83,87,81,83,83,84,82,65,83
0205,Mavrik,Bourque,Mavrik Bourque,Detroit Motors,1,"$2,000,000",0,0,0,0,0,0,10,13,23,10,6,16,20,19,39,NHL,Dallas Stars,81,01/08/2002,22,C,71,"5'11""",187,24,Right,Playmaker,2020,1,30,82,81,83,84,86,86,80,85,86,84,86,86,73,83,82,85,82,87,83,83,84,84,81,68,84
0206,Radek,Faksa,Radek Faksa,Cleveland Demons,2,"$2,000,000",6,16,22,15,36,51,9,21,30,14,34,48,44,107,151,NHL,Dallas Stars,81,01/09/1994,12,C/LW,75,"6'3""",216,32,Left,Power Forward,2012,1,13,81,81,81,82,81,82,79,81,88,83,87,87,80,87,88,81,81,84,83,81,84,88,81,70,90
0207,Colin,Blackwell,Colin Blackwell,Charleston Tsunami,4,"$1,250,000",4,4,8,20,26,46,13,10,23,6,13,19,43,53,96,NHL,Dallas Stars,79,03/28/1993,15,C/RW,68,"5'8""",181,33,Right,Grinder,2011,7,194,82,80,82,83,83,83,80,81,87,83,87,84,70,81,81,84,81,83,83,83,81,85,79,65,85
0208,Nils,Lundkvist,Nils Lundkvist,Denver Mountain Lions,4,"$1,250,000",2,5,7,5,19,24,4,16,20,0,5,5,11,45,56,NHL,Dallas Stars,79,07/27/2000,5,RD,73,"6'1""",194,26,Right,Offensive Defenseman,2018,1,28,81,79,82,81,80,84,85,84,87,84,87,85,55,79,81,82,80,81,83,83,81,83,79,68,84
0209,Justin,Hryckowian,Justin Hryckowian,San Antonio Bandits,7,"$1,250,000",0,0,0,0,0,0,0,0,0,0,0,0,0,0,0,NHL,Dallas Stars,79,02/23/2001,49,C/LW,71,"5'11""",198,25,Left,2 Way Forward,N/A,N/A,N/A,83,83,82,81,84,83,80,78,85,79,86,83,81,82,85,83,84,85,87,85,85,83,84,50,89
0210,Lian,Bichsel,Lian Bichsel,St. Louis Leopards,4,"$1,250,000",0,0,0,0,0,0,0,0,0,0,0,0,0,0,0,NHL,Dallas Stars,79,05/18/2004,6,LD,79,"6'7""",237,22,Left,Defensive Defenseman,2022,1,18,81,80,78,80,78,78,77,78,85,82,87,83,55,78,80,81,80,87,80,82,90,89,79,80,87
0211,Oskar,Bäck,Oskar Bäck,Columbus Cougars,4,"$1,250,000",0,0,0,0,0,0,0,0,0,5,28,33,5,28,33,NHL,Dallas Stars,79,03/12/2000,10,C,76,"6'4""",207,26,Left,2 Way Forward,2018,3,75,82,82,81,84,86,81,79,81,87,82,87,85,68,83,83,81,82,88,79,81,82,82,80,75,86
0212,Nathan,Bastian,Nathan Bastian,Indianapolis Ghosts,2,"$1,250,000",0,0,0,11,13,24,15,14,29,12,18,30,38,45,83,NHL,Dallas Stars,79,12/06/1997,11,RW/C,76,"6'4""",217,28,Right,Grinder,2016,2,41,78,78,78,78,70,78,80,80,88,81,87,80,65,77,85,84,84,86,83,84,87,87,83,80,88
0213,Kyle,Capobianco,Kyle Capobianco,UFA,,,0,0,0,0,0,0,0,0,0,0,0,0,0,0,0,NHL,Dallas Stars,77,08/13/1997,20,LD,75,"6'3""",194,29,Left,2 Way Defender,2015,3,63,82,75,82,80,82,78,75,74,87,74,87,81,55,85,85,84,84,85,85,86,85,85,84,75,85
0214,Adam,Erne,Adam Erne,Portland Sea Lions,2,"$1,000,000",9,14,23,13,17,30,0,0,0,0,0,0,22,31,53,NHL,Dallas Stars,76,04/20/1995,73,LW/RW,73,"6'1""",209,31,Left,Power Forward,2013,2,33,80,81,77,76,80,75,75,74,86,77,86,75,65,72,78,84,82,86,84,84,87,87,85,75,86
0215,Arttu,Hyry,Arttu Hyry,UFA,,,0,0,0,0,0,0,0,0,0,0,0,0,0,0,0,NHL,Dallas Stars,75,04/06/2001,25,RW,74,"6'2""",209,25,Right,2 Way Forward,N/A,N/A,N/A,82,80,77,79,88,80,78,81,86,79,84,80,81,78,81,84,85,83,87,87,82,80,87,62,87
0216,Alex,Petrovic,Alex Petrovic,UFA,,,0,0,0,0,0,0,0,0,0,0,0,0,0,0,0,NHL,Dallas Stars,75,03/03/1992,28,RD,77,"6'5""",215,34,Right,Defensive Defenseman,2010,2,36,75,75,76,77,65,70,75,74,89,74,87,76,60,85,84,83,83,88,84,83,90,88,87,83,88
0217,Dylan,Larkin,Dylan Larkin,Montana Miners,6,"$10,000,000",22,31,53,23,53,76,22,54,76,32,38,70,99,176,275,NHL,Detroit Red Wings,90,07/30/1996,71,C/LW,73,"6'1""",204,30,Left,Playmaker,2014,1,15,92,88,91,92,82,90,89,88,89,91,89,89,85,81,87,92,90,85,90,90,81,82,89,70,86
0218,Lucas,Raymond,Lucas Raymond,South Dakota Spartans,1,"$10,000,000",19,24,43,26,34,60,29,39,68,33,28,61,107,125,232,NHL,Detroit Red Wings,90,03/28/2002,23,RW/LW,71,"5'11""",186,24,Right,Playmaker,2020,1,4,91,88,92,91,86,93,88,92,88,92,89,85,63,81,81,90,90,87,88,89,81,82,89,75,83
0219,Moritz,Seider,Moritz Seider,Fort Worth Defenders,1,"$9,000,000",0,13,13,13,29,42,6,25,31,14,26,40,33,93,126,NHL,Detroit Red Wings,89,04/06/2001,53,RD,74,"6'2""",210,25,Right,2 Way Defender,2019,1,6,89,86,87,90,82,89,85,89,93,92,91,90,55,91,84,89,87,84,89,87,88,92,91,75,90
0220,Alex,DeBrincat,Alex DeBrincat,New Orleans Whalers,4,"$9,000,000",23,16,39,39,50,89,30,25,55,26,36,62,118,127,245,NHL,Detroit Red Wings,89,12/18/1997,93,RW/LW,68,"5'8""",180,28,Right,Sniper,2016,2,39,89,86,90,88,84,92,87,92,88,94,89,84,66,80,81,90,88,83,84,88,81,82,88,67,85
0221,Patrick,Kane,Patrick Kane,Detroit Motors,5,"$6,000,000",32,22,54,49,37,86,33,54,87,21,33,54,135,146,281,NHL,Detroit Red Wings,86,11/19/1988,88,RW,70,"5'10""",176,37,Left,Playmaker,2007,1,1,91,85,91,94,86,88,86,87,88,91,87,80,63,79,77,89,86,82,82,87,79,80,85,65,80
0222,Justin,Faulk,Justin Faulk,Baltimore Oceanics,1,"$6,000,000",4,16,20,7,27,34,7,25,32,8,48,56,26,116,142,NHL,Detroit Red Wings,86,03/20/1992,72,RD,72,"6'0""",208,34,Right,Offensive Defenseman,2010,2,37,89,85,90,88,83,89,86,87,91,85,90,88,55,83,82,88,86,86,82,87,82,84,87,75,87
0223,Simon,Edvinsson,Simon Edvinsson,New Orleans Whalers,5,"$5,000,000",0,0,0,0,17,17,4,16,20,7,9,16,11,42,53,NHL,Detroit Red Wings,85,02/05/2003,77,LD,78,"6'6""",222,23,Left,2 Way Defender,2021,1,6,85,83,84,86,80,86,85,84,86,85,85,88,55,85,88,86,86,90,80,84,82,85,83,72,85
0224,Andrew,Copp,Andrew Copp,Detroit Motors,5,"$3,250,000",13,14,27,21,34,55,10,23,33,14,21,35,58,92,150,NHL,Detroit Red Wings,83,07/08/1994,18,C/LW,73,"6'1""",200,32,Left,2 Way Forward,2013,4,104,83,82,85,85,86,86,80,83,88,84,87,88,79,85,86,82,82,84,84,82,81,81,82,65,87
0225,Axel,Sandin-Pellikka,Axel Sandin-Pellikka,Denver Mountain Lions,1,"$2,500,000",0,0,0,0,0,0,0,0,0,0,7,7,0,7,7,NHL,Detroit Red Wings,82,03/11/2005,44,RD,72,"6'0""",186,21,Right,Offensive Defenseman,2023,1,17,85,84,85,84,79,85,80,80,86,83,86,86,55,80,86,87,87,84,80,88,80,78,85,65,85
0226,David,Perron,David Perron,Kansas City Metrostars,4,"$2,500,000",13,22,35,19,34,53,12,32,44,19,20,39,63,108,171,NHL,Detroit Red Wings,82,05/28/1988,57,LW,72,"6'0""",202,38,Right,2 Way Forward,2007,1,26,84,84,85,86,80,86,82,84,88,84,88,85,65,79,82,81,84,87,80,81,82,86,80,75,88
0227,James,van Riemsdyk,James van Riemsdyk,Seattle Dragons,4,"$2,500,000",20,20,40,30,22,52,23,25,48,18,29,47,91,96,187,NHL,Detroit Red Wings,82,05/04/1989,21,LW/RW,75,"6'3""",210,37,Left,Sniper,2007,1,2,83,82,87,85,81,87,84,86,90,85,89,84,64,79,80,82,81,84,80,82,80,82,81,67,87
0228,J.T.,Compher,J.T. Compher,Portland Sea Lions,2,"$2,500,000",7,10,17,11,36,47,24,28,52,6,24,30,48,98,146,NHL,Detroit Red Wings,82,04/08/1995,37,C/RW,72,"6'0""",191,31,Right,2 Way Forward,2013,2,35,83,82,86,85,85,86,80,83,86,85,86,86,78,87,83,82,83,82,86,83,81,82,86,75,85
0229,Marco,Kasper,Marco Kasper,Jacksonville Blood Hounds,4,"$2,500,000",0,0,0,0,0,0,0,0,0,7,16,23,7,16,23,NHL,Detroit Red Wings,82,04/08/2004,92,C,73,"6'1""",202,22,Left,2 Way Forward,2022,1,8,84,82,85,84,82,87,83,86,87,88,86,84,74,86,82,87,83,85,81,88,85,88,84,68,85
0230,Ben,Chiarot,Ben Chiarot,Cincinnati Thunderbolts,5,"$2,500,000",3,10,13,6,10,16,6,14,20,3,18,21,18,52,70,NHL,Detroit Red Wings,82,05/09/1991,8,LD/RD,75,"6'3""",222,35,Left,Defensive Defenseman,2009,4,120,82,80,82,83,81,80,81,86,88,85,88,85,55,87,81,85,83,85,86,86,86,89,87,85,90
0231,Emmitt,Finnie,Emmitt Finnie,Lincoln Lumberjacks,5,"$2,000,000",0,0,0,0,0,0,0,0,0,0,0,0,0,0,0,NHL,Detroit Red Wings,81,06/27/2005,58,C,73,"6'1""",195,21,Left,2 Way Forward,2023,7,201,83,83,85,83,76,87,80,81,86,82,86,85,73,81,82,86,86,82,80,87,77,75,82,68,85
0232,Mason,Appleton,Mason Appleton,Baltimore Oceanics,2,"$2,000,000",4,9,13,11,22,33,8,23,31,18,29,47,41,83,124,NHL,Detroit Red Wings,81,01/15/1996,22,C/RW,74,"6'2""",196,30,Right,2 Way Forward,2015,6,168,82,81,83,83,83,85,80,85,88,84,87,84,65,81,80,86,82,85,84,88,84,86,82,70,88
0233,Michael,Rasmussen,Michael Rasmussen,Montana Miners,2,"$2,000,000",8,7,15,20,16,36,23,26,49,17,27,44,68,76,144,NHL,Detroit Red Wings,81,04/17/1999,27,LW/C,78,"6'6""",222,27,Left,Sniper,2017,1,9,82,81,84,84,82,83,81,81,89,84,90,85,68,87,84,85,82,88,86,90,83,86,82,75,90
0234,Jacob,Bernard-Docker,Jacob Bernard-Docker,Florida Sunshine,3,"$2,500,000",0,11,11,7,20,27,3,9,12,4,13,17,14,53,67,NHL,Detroit Red Wings,79,06/30/2000,25,RD,73,"6'1""",196,26,Right,2 Way Defender,2018,1,26,80,79,81,82,81,82,80,82,87,84,87,84,55,84,81,80,79,85,80,80,81,83,79,75,85
0235,Albert,Johansson,Albert Johansson,Tennessee Wolverines,2,"$1,200,000",0,0,0,0,0,0,0,0,0,0,0,0,0,0,0,NHL,Detroit Red Wings,79,01/04/2001,20,LD,72,"6'0""",195,25,Left,2 Way Defender,2019,2,60,82,80,80,83,81,80,83,82,83,83,85,84,55,86,82,82,81,84,80,81,85,86,80,65,83
0236,Travis,Hamonic,Travis Hamonic,UFA,,,0,0,0,4,11,15,6,11,17,0,0,0,10,22,32,NHL,Detroit Red Wings,77,08/16/1990,52,RD,73,"6'1""",193,36,Right,Defensive Defenseman,2008,2,53,77,75,78,78,75,77,75,73,87,74,87,80,55,86,85,82,83,87,85,82,86,86,85,80,87
0237,Dominik,Shine,Dominik Shine,UFA,,,0,0,0,0,0,0,0,0,0,0,0,0,0,0,0,NHL,Detroit Red Wings,75,04/18/1993,65,RW/LW,71,"5'11""",180,33,Right,2 Way Forward,N/A,N/A,N/A,82,79,77,78,80,79,80,77,83,79,83,81,65,75,82,85,85,80,83,85,82,85,86,75,81
0238,Carter,Mazur,Carter Mazur,UFA,,,0,0,0,0,0,0,0,0,0,0,0,0,0,0,0,NHL,Detroit Red Wings,74,03/28/2002,40,LW,72,"6'0""",170,24,Right,2 Way Forward,2021,3,70,79,78,78,78,81,82,80,77,84,78,85,79,62,78,78,83,83,82,81,82,80,78,78,68,83
0239,Connor,McDavid,Connor McDavid,Oklahoma Twisters,6,"$18,000,000",43,32,75,41,63,104,34,56,90,55,35,90,173,186,359,NHL,Edmonton Oilers,98,01/13/1997,97,C,73,"6'1""",194,29,Left,Playmaker,2015,1,1,98,96,98,98,83,98,97,90,92,97,92,93,84,84,93,98,97,95,92,98,86,84,89,65,91
0240,Leon,Draisaitl,Leon Draisaitl,Puerto Rico Toros,5,"$16,000,000",28,26,54,39,38,77,31,44,75,43,26,69,141,134,275,NHL,Edmonton Oilers,96,10/27/1995,29,C/LW,74,"6'2""",209,30,Left,Sniper,2014,1,3,94,90,94,96,82,97,92,94,92,94,94,89,84,80,84,93,92,95,89,92,85,84,90,70,94
0241,Evan,Bouchard,Evan Bouchard,Memphis Cannons,7,"$10,000,000",0,19,19,8,16,24,17,31,48,10,41,51,35,107,142,NHL,Edmonton Oilers,90,10/20/1999,2,RD,75,"6'3""",192,26,Right,Offensive Defenseman,2018,1,10,90,88,93,91,84,92,92,94,95,91,92,85,55,80,89,91,90,84,85,89,80,82,90,70,87
0242,Zach,Hyman,Zach Hyman,Tennessee Wolverines,3,"$7,000,000",23,20,43,29,32,61,25,32,57,21,29,50,98,113,211,NHL,Edmonton Oilers,87,06/09/1992,18,LW/RW,73,"6'1""",206,34,Right,Power Forward,2010,5,123,84,94,85,86,81,92,86,88,89,90,90,86,63,80,79,87,87,92,86,88,84,84,85,70,92
0243,Ryan,Nugent-Hopkins,Ryan Nugent-Hopkins,Nevada Archers,4,"$7,000,000",19,19,38,23,32,55,23,47,70,23,37,60,88,135,223,NHL,Edmonton Oilers,87,04/12/1993,93,C/LW,73,"6'1""",192,33,Left,Playmaker,2011,1,1,88,87,91,90,84,90,85,85,87,89,87,88,74,83,86,88,85,83,88,87,80,82,89,67,86
0244,Mattias,Ekholm,Mattias Ekholm,Arizona Heat,3,"$7,000,000",1,15,16,6,23,29,9,24,33,6,35,41,22,97,119,NHL,Edmonton Oilers,87,05/24/1990,14,LD/RD,77,"6'5""",225,36,Left,Defensive Defenseman,2009,4,102,87,85,87,87,82,88,87,91,88,88,87,93,55,84,88,88,87,86,85,88,79,83,85,80,89
0245,Jake,Walman,Jake Walman,Cincinnati Thunderbolts,4,"$7,000,000",0,0,0,4,12,16,11,8,19,10,30,40,25,50,75,NHL,Edmonton Oilers,87,02/20/1996,96,LD/RD,73,"6'1""",218,30,Left,2 Way Defender,2014,3,82,88,86,86,89,81,89,87,90,92,89,89,89,55,87,85,88,87,85,87,87,80,82,84,70,88
0246,Darnell,Nurse,Darnell Nurse,Portland Sea Lions,2,"$4,000,000",4,15,19,10,24,34,9,31,40,9,23,32,32,93,125,NHL,Edmonton Oilers,84,02/04/1995,25,LD,76,"6'4""",215,31,Left,2 Way Defender,2013,1,7,86,83,87,86,80,86,87,89,88,91,88,85,55,88,84,91,86,86,84,91,85,89,88,80,90
0247,Jack,Roslovic,Jack Roslovic,New York Steamrollers,2,"$4,000,000",21,14,35,25,34,59,14,34,48,21,14,35,81,96,177,NHL,Edmonton Oilers,84,01/29/1997,28,C/RW,73,"6'1""",198,29,Right,2 Way Forward,2015,1,25,88,86,86,86,90,88,80,86,87,88,87,85,77,80,86,88,88,86,85,88,84,85,85,75,85
0248,Connor,Murphy,Connor Murphy,Kansas City Metrostars,5,"$3,250,000",0,9,9,8,16,24,8,13,21,6,23,29,22,61,83,NHL,Edmonton Oilers,83,03/26/1993,5,RD,76,"6'4""",212,33,Right,Defensive Defenseman,2011,1,20,81,80,81,82,80,82,80,84,87,82,87,88,55,88,84,82,81,84,81,81,85,88,83,77,88
0249,Vasily,Podkolzin,Vasily Podkolzin,New York Steamrollers,6,"$2,500,000",0,0,0,14,19,33,9,10,19,8,7,15,31,36,67,NHL,Edmonton Oilers,82,06/24/2001,9,RW,73,"6'1""",190,25,Left,Power Forward,2019,1,10,84,83,84,85,81,82,80,81,87,82,87,83,65,82,83,84,82,85,79,89,87,91,81,80,88
0250,Jason,Dickinson,Jason Dickinson,Portland Sea Lions,3,"$2,500,000",13,10,23,11,26,37,19,20,39,16,15,31,59,71,130,NHL,Edmonton Oilers,82,07/04/1995,16,C/LW,74,"6'2""",200,31,Left,2 Way Forward,2013,1,29,83,82,81,84,81,82,80,83,87,84,87,88,80,86,89,83,82,87,87,83,84,86,82,70,87
0251,Kasperi,Kapanen,Kasperi Kapanen,Kansas City Metrostars,1,"$2,000,000",25,5,30,10,34,44,19,24,43,24,15,39,78,78,156,NHL,Edmonton Oilers,81,07/23/1996,42,RW/C,73,"6'1""",194,30,Right,2 Way Forward,2014,1,22,83,82,83,84,84,84,80,84,87,83,86,85,67,79,85,87,82,82,79,93,82,86,80,67,85
0252,Matthew,Savoie,Matthew Savoie,Memphis Cannons,3,"$2,000,000",0,0,0,0,0,0,0,0,0,0,0,0,0,0,0,NHL,Edmonton Oilers,81,01/01/2004,22,C/RW,70,"5'10""",179,22,Right,Playmaker,2022,1,9,86,84,86,86,85,87,80,83,86,84,86,79,73,72,78,87,88,79,80,87,70,70,85,60,80
0253,Spencer,Stastney,Spencer Stastney,Iowa Rebels,5,"$1,500,000",0,0,0,0,0,0,0,0,0,0,0,0,0,0,0,NHL,Edmonton Oilers,80,01/04/2000,24,LD,72,"6'0""",184,26,Left,2 Way Defender,2018,5,131,81,80,81,82,85,79,79,81,85,81,85,84,55,81,88,84,81,84,78,83,78,80,78,70,85
0254,Mattias,Janmark,Mattias Janmark,Houston Hammerheads,1,"$1,500,000",8,13,21,20,26,46,18,11,29,10,11,21,56,61,117,NHL,Edmonton Oilers,80,12/08/1992,13,LW/RW,74,"6'2""",205,33,Left,2 Way Forward,2013,3,79,82,81,81,83,82,83,79,82,87,82,87,84,69,81,85,88,82,85,79,93,80,82,82,65,85
0255,Adam,Henrique,Adam Henrique,Indianapolis Ghosts,3,"$1,500,000",9,7,16,16,30,46,16,34,50,14,28,42,55,99,154,NHL,Edmonton Oilers,80,02/06/1990,19,C/LW,72,"6'0""",195,36,Left,2 Way Forward,2008,3,82,81,81,81,82,85,81,80,86,87,84,87,86,82,88,88,81,82,81,86,82,82,84,84,70,86
0256,Trent,Frederic,Trent Frederic,Jacksonville Blood Hounds,4,"$1,250,000",2,6,8,15,21,36,18,40,58,13,23,36,48,90,138,NHL,Edmonton Oilers,79,02/11/1998,10,C/LW,75,"6'3""",221,28,Left,Power Forward,2016,1,29,80,80,79,80,81,79,79,82,87,81,87,80,70,84,80,82,81,85,79,82,87,83,81,86,88
0257,Curtis,Lazar,Curtis Lazar,Honolulu Hawks,4,"$1,250,000",0,0,0,17,18,35,10,21,31,8,19,27,35,58,93,NHL,Edmonton Oilers,79,02/02/1995,20,C/RW,72,"6'0""",203,31,Right,2 Way Forward,2013,1,17,81,80,80,82,81,83,78,81,86,82,85,85,77,84,84,81,80,82,80,81,86,91,79,70,85
0258,Ty,Emberson,Ty Emberson,Houston Hammerheads,3,"$1,500,000",0,0,0,0,0,0,0,0,0,0,11,11,0,11,11,NHL,Edmonton Oilers,79,05/23/2000,49,RD,72,"6'0""",193,26,Right,Defensive Defenseman,2018,3,73,83,81,82,84,86,80,80,82,86,82,86,82,55,84,82,83,80,86,79,83,88,91,80,75,85
0259,Colton,Dach,Colton Dach,Columbus Cougars,3,"$1,000,000",0,0,0,0,0,0,0,0,0,0,0,0,0,0,0,NHL,Edmonton Oilers,78,01/04/2003,34,LW/C,76,"6'4""",196,23,Left,Power Forward,2021,2,62,81,80,80,81,80,80,78,80,87,81,87,80,65,82,82,84,80,85,78,88,88,88,78,70,85
0260,Joshua,Samanski,Joshua Samanski,UFA,,,0,0,0,0,0,0,0,0,0,0,0,0,0,0,0,NHL,Edmonton Oilers,76,03/22/2002,81,C,75,"6'3""",190,24,Left,Power Forward,N/A,N/A,N/A,78,77,79,78,75,79,75,72,86,75,86,80,65,70,79,83,81,84,75,83,80,82,85,75,86
0261,Aleksander,Barkov,Aleksander Barkov,Chicago Rockets,5,"$15,000,000",29,22,51,28,39,67,17,54,71,48,32,80,122,147,269,NHL,Florida Panthers,95,09/02/1995,16,C,75,"6'3""",214,31,Left,2 Way Forward,2013,1,2,92,91,95,93,86,96,94,88,90,92,90,96,82,86,93,88,89,93,89,86,84,85,87,75,92
0262,Matthew,Tkachuk,Matthew Tkachuk,Arizona Heat,5,"$12,000,000",27,19,46,23,45,68,22,43,65,41,38,79,113,145,258,NHL,Florida Panthers,92,12/11/1997,19,LW/RW,74,"6'2""",202,28,Left,Power Forward,2016,1,6,93,95,94,92,80,92,95,90,91,93,91,90,65,86,89,86,86,92,88,87,90,88,86,84,92
0263,Sam,Reinhart,Sam Reinhart,Florida Sunshine,7,"$12,000,000",21,15,36,20,38,58,13,60,73,54,37,91,108,150,258,NHL,Florida Panthers,92,11/06/1995,13,RW/C,73,"6'1""",196,30,Right,Sniper,2014,1,2,91,90,94,93,87,94,92,92,87,94,87,88,73,86,86,88,89,90,89,86,84,84,90,65,86
0264,Brad,Marchand,Brad Marchand,Brooklyn Bulldogs,2,"$10,000,000",20,24,44,41,41,82,38,41,79,30,36,66,129,142,271,NHL,Florida Panthers,90,05/11/1988,63,LW,69,"5'9""",180,38,Left,2 Way Forward,2006,3,71,90,92,94,92,80,93,95,88,88,93,88,89,68,83,86,88,89,87,87,87,85,84,86,80,87
0265,Gustav,Forsling,Gustav Forsling,St. Louis Leopards,6,"$8,000,000",5,14,19,6,35,41,16,25,41,8,31,39,35,105,140,NHL,Florida Panthers,88,06/12/1996,4,LD,73,"6'1""",199,30,Left,2 Way Defender,2014,5,126,84,84,83,84,87,87,84,92,94,92,93,90,55,81,89,87,86,84,87,89,81,84,89,65,85
0266,Seth,Jones,Seth Jones,Arizona Heat,4,"$7,000,000",5,31,36,12,16,28,13,27,40,9,50,59,39,124,163,NHL,Florida Panthers,87,10/03/1994,3,RD,76,"6'4""",213,31,Right,2 Way Defender,2013,1,4,89,86,89,89,85,91,88,91,92,90,90,88,55,82,84,90,87,91,87,88,81,84,86,75,89
0267,Aaron,Ekblad,Aaron Ekblad,Indianapolis Ghosts,6,"$7,000,000",3,23,26,14,30,44,18,30,48,10,29,39,45,112,157,NHL,Florida Panthers,87,02/07/1996,5,RD,76,"6'4""",220,30,Right,2 Way Defender,2014,1,1,84,82,86,85,80,87,87,86,91,84,91,90,55,84,84,84,83,87,87,84,83,87,82,75,89
0268,Sam,Bennett,Sam Bennett,Long Island Blizzard,4,"$6,000,000",8,13,21,19,40,59,13,40,53,37,41,78,77,134,211,NHL,Florida Panthers,86,06/20/1996,9,C/LW,73,"6'1""",193,30,Left,2 Way Forward,2014,1,4,91,87,89,91,80,89,88,87,87,90,87,86,78,84,83,90,89,84,86,89,86,88,85,70,86
0269,Anton,Lundell,Anton Lundell,Charleston Tsunami,1,"$6,000,000",12,10,22,18,38,56,25,27,52,24,26,50,79,101,180,NHL,Florida Panthers,86,10/03/2001,15,C/LW,73,"6'1""",196,24,Left,2 Way Forward,2020,1,12,87,85,88,88,81,88,86,86,88,86,88,89,80,84,86,85,85,86,84,84,84,86,85,70,87
0270,Carter,Verhaeghe,Carter Verhaeghe,Seattle Dragons,4,"$6,000,000",19,19,38,18,34,52,21,43,64,29,42,71,87,138,225,NHL,Florida Panthers,86,08/14/1995,23,LW/C,74,"6'2""",183,31,Left,Power Forward,2013,3,82,88,86,89,87,81,90,90,86,88,90,88,87,66,82,83,89,87,86,85,90,83,85,88,75,88
0271,Niko,Mikkola,Niko Mikkola,Baltimore Oceanics,2,"$4,000,000",0,0,0,5,18,23,3,7,10,3,26,29,11,51,62,NHL,Florida Panthers,84,04/27/1996,77,LD,78,"6'6""",204,30,Left,Defensive Defenseman,2015,5,127,82,80,81,81,80,83,81,84,87,86,87,89,55,81,85,84,83,84,85,85,84,89,86,70,88
0272,Evan,Rodrigues,Evan Rodrigues,Florida Sunshine,3,"$3,250,000",9,13,22,17,28,45,19,39,58,21,32,53,66,112,178,NHL,Florida Panthers,83,07/28/1993,17,C/LW,71,"5'11""",182,33,Right,Playmaker,N/A,N/A,N/A,87,85,86,88,81,86,84,85,86,87,87,84,70,80,80,87,85,86,84,85,85,86,85,65,84
0273,Mackie,Samoskevich,Mackie Samoskevich,South Dakota Spartans,4,"$3,250,000",0,0,0,0,0,0,0,0,0,2,14,16,2,14,16,NHL,Florida Panthers,83,11/15/2002,11,RW/C,71,"5'11""",180,23,Right,2 Way Forward,2021,1,24,85,84,86,85,85,87,82,85,87,86,87,85,60,82,85,87,84,85,83,89,85,88,80,72,85
0274,Eetu,Luostarinen,Eetu Luostarinen,Houston Hammerheads,3,"$3,250,000",13,9,22,18,18,36,12,27,39,17,19,36,60,73,133,NHL,Florida Panthers,83,09/02/1998,27,C/LW,75,"6'3""",191,28,Left,2 Way Forward,2017,2,42,82,82,83,83,82,84,85,84,86,83,87,88,67,85,83,85,83,84,86,87,85,87,85,65,88
0275,Dmitry,Kulikov,Dmitry Kulikov,Montana Miners,3,"$2,500,000",0,0,0,1,15,16,3,18,21,2,22,24,6,55,61,NHL,Florida Panthers,82,10/29/1990,7,LD/RD,73,"6'1""",212,35,Left,Defensive Defenseman,2009,1,14,82,81,81,83,81,82,80,83,88,82,87,86,55,80,85,82,82,87,85,82,84,88,83,75,86
0276,Tomas,Nosek,Tomas Nosek,Portland Sea Lions,1,"$2,000,000",0,0,0,7,14,21,9,10,19,7,29,36,23,53,76,NHL,Florida Panthers,81,09/01/1992,92,C/LW,75,"6'3""",199,34,Left,2 Way Forward,N/A,N/A,N/A,81,80,81,82,83,82,79,81,87,82,87,88,78,82,87,80,81,81,81,81,84,87,79,70,87
0277,A.J.,Greer,A.J. Greer,San Antonio Bandits,2,"$2,000,000",0,0,0,7,8,15,5,9,14,10,12,22,22,29,51,NHL,Florida Panthers,81,12/14/1996,10,RW/LW,75,"6'3""",209,29,Left,Grinder,2015,2,39,81,80,80,82,79,82,80,80,88,81,88,83,65,81,82,81,81,84,79,82,88,92,79,88,88
0278,Uvis,Balinskis,Uvis Balinskis,Columbus Cougars,4,"$2,000,000",0,0,0,0,0,0,0,0,0,3,29,32,3,29,32,NHL,Florida Panthers,81,08/01/1996,26,LD,72,"6'0""",196,30,Left,2 Way Defender,N/A,N/A,N/A,86,83,84,86,82,86,81,85,86,84,86,84,55,79,85,84,84,86,81,84,83,86,80,65,83
0279,Luke,Kunin,Luke Kunin,Cincinnati Thunderbolts,1,"$1,500,000",9,12,21,15,25,40,17,32,49,14,23,37,55,92,147,NHL,Florida Panthers,80,12/04/1997,71,RW,72,"6'0""",197,28,Right,2 Way Forward,2016,1,15,84,84,84,84,80,83,80,84,87,84,87,83,75,80,83,87,87,85,85,85,85,85,85,86,85
0280,Jonah,Gadjovich,Jonah Gadjovich,Fort Worth Defenders,4,"$1,250,000",0,0,0,0,0,0,0,0,0,0,0,0,0,0,0,NHL,Florida Panthers,79,10/12/1998,12,LW,75,"6'3""",211,27,Left,Grinder,2017,2,55,77,78,77,77,80,77,77,82,88,82,87,80,63,82,79,83,79,87,80,83,88,91,78,92,89
0281,Jesper,Boqvist,Jesper Boqvist,Denver Mountain Lions,4,"$1,250,000",0,0,0,12,22,34,5,16,21,16,26,42,33,64,97,NHL,Florida Panthers,79,10/30/1998,70,C/LW,73,"6'1""",191,27,Left,Playmaker,2017,2,36,83,81,82,83,85,82,81,82,87,84,87,83,68,80,81,86,83,86,80,89,83,87,81,65,85
0282,Noah,Gregor,Noah Gregor,Tennessee Wolverines,2,"$1,800,000",0,0,0,9,25,34,9,30,39,4,13,17,22,68,90,NHL,Florida Panthers,78,07/28/1998,18,C/LW,72,"6'0""",201,28,Left,2 Way Forward,2016,4,111,85,83,83,83,85,81,80,83,87,83,87,81,74,80,82,87,87,84,83,87,82,84,85,70,85
0283,Cole,Schwindt,Cole Schwindt,Columbus Cougars,3,"$2,800,000",0,0,0,0,0,0,0,0,0,0,0,0,0,0,0,NHL,Florida Panthers,78,04/25/2001,79,RW/C,72,"6'0""",210,25,Right,2 Way Forward,2019,3,81,81,80,81,81,89,81,78,82,88,82,87,84,73,85,88,81,81,81,79,81,83,85,79,75,85
0284,Vinnie,Hinostroza,Vinnie Hinostroza,Seattle Dragons,2,"$1,250,000",5,6,11,15,24,39,12,19,31,0,0,0,32,49,81,NHL,Florida Panthers,78,04/03/1994,24,RW/C,70,"5'10""",183,32,Right,2 Way Forward,2012,6,169,85,82,83,85,85,83,81,82,86,83,86,82,65,79,82,84,82,83,80,89,81,81,78,65,81
0285,Cole,Reinhardt,Cole Reinhardt,UFA,,,0,0,0,0,0,0,0,0,0,0,0,0,0,0,0,NHL,Florida Panthers,74,02/01/2000,29,LW,73,"6'1""",207,26,Left,2 Way Forward,2020,6,181,82,78,78,79,79,80,78,78,83,79,82,80,64,75,78,85,84,81,81,86,82,84,81,75,81
0286,Donovan,Sebrango,Donovan Sebrango,UFA,,,0,0,0,0,0,0,0,0,0,0,0,0,0,0,0,NHL,Florida Panthers,74,01/12/2002,6,LD/RD,74,"6'2""",223,24,Left,Defensive Defenseman,2020,3,63,76,75,76,75,80,71,70,68,86,69,85,80,55,83,84,82,82,85,83,82,85,83,85,75,85
0287,Artemi,Panarin,Artemi Panarin,Raleigh Wildcats,4,"$12,000,000",23,19,42,39,56,95,34,45,79,60,30,90,156,150,306,NHL,Los Angeles Kings,92,10/30/1991,10,LW,72,"6'0""",176,34,Right,Playmaker,N/A,N/A,N/A,94,87,94,93,87,95,90,92,89,93,88,85,62,79,83,93,91,86,81,89,80,81,90,65,86
0288,Adrian,Kempe,Adrian Kempe,Raleigh Wildcats,2,"$9,000,000",12,17,29,18,37,55,13,44,57,28,41,69,71,139,210,NHL,Los Angeles Kings,89,09/13/1996,9,RW/LW,74,"6'2""",200,29,Left,Sniper,2014,1,29,91,86,90,90,82,92,86,93,87,92,87,86,65,81,82,92,87,82,89,92,82,85,89,75,88
0289,Anze,Kopitar,Anze Kopitar,Puerto Rico Toros,3,"$7,000,000",21,28,49,19,35,54,23,30,53,29,18,47,92,111,203,NHL,Los Angeles Kings,87,08/24/1987,11,C,75,"6'3""",225,39,Left,2 Way Forward,2005,1,11,90,86,92,90,90,89,87,88,91,86,91,89,86,86,82,84,85,86,89,84,81,82,90,70,90
0290,Kevin,Fiala,Kevin Fiala,Oklahoma Twisters,7,"$7,000,000",14,26,40,17,27,44,23,33,56,26,39,65,80,125,205,NHL,Los Angeles Kings,87,07/22/1996,22,LW,72,"6'0""",205,30,Left,Sniper,2014,1,11,93,87,88,88,81,87,89,92,89,91,88,84,65,78,81,87,90,88,83,86,81,83,88,65,85
0291,Drew,Doughty,Drew Doughty,Richmond Robbers,6,"$6,000,000",3,14,17,6,58,64,10,23,33,13,35,48,32,130,162,NHL,Los Angeles Kings,86,12/08/1989,8,RD,73,"6'1""",210,36,Right,2 Way Defender,2008,1,2,86,88,87,87,81,86,87,90,92,83,90,89,55,83,85,86,82,87,84,84,80,82,82,75,88
0292,Brandt,Clarke,Brandt Clarke,Long Island Blizzard,3,"$6,000,000",0,4,4,9,16,25,3,12,15,13,14,27,25,46,71,NHL,Los Angeles Kings,86,02/09/2003,92,RD,74,"6'2""",200,23,Right,Offensive Defenseman,2021,1,8,86,89,90,90,80,91,87,85,89,87,88,87,55,83,82,88,84,84,82,85,78,80,80,67,85
0293,Mikey,Anderson,Mikey Anderson,Nevada Archers,5,"$5,000,000",0,1,1,3,12,15,4,19,23,8,19,27,15,51,66,NHL,Los Angeles Kings,85,05/25/1999,44,LD,72,"6'0""",195,27,Left,2 Way Defender,2017,4,103,82,81,82,82,85,82,82,85,85,83,86,90,55,83,88,83,83,85,84,83,83,87,88,75,86
0294,Quinton,Byfield,Quinton Byfield,Fort Worth Defenders,3,"$5,000,000",4,14,18,11,18,29,28,29,57,20,38,58,63,99,162,NHL,Los Angeles Kings,85,08/19/2002,55,C/LW,77,"6'5""",225,24,Left,Power Forward,2020,1,2,87,88,89,89,81,88,84,86,89,87,89,88,73,80,84,89,88,89,84,92,81,83,87,70,88
0295,Alex,Laferriere,Alex Laferriere,San Antonio Bandits,4,"$3,250,000",0,0,0,0,0,0,21,15,36,18,41,59,39,56,95,NHL,Los Angeles Kings,83,10/28/2001,14,RW,73,"6'1""",205,24,Right,2 Way Forward,2020,3,83,87,85,84,87,82,88,84,87,85,87,86,85,66,81,81,89,86,88,81,88,84,86,84,84,85
0296,Trevor,Moore,Trevor Moore,Memphis Cannons,3,"$3,250,000",19,13,32,10,48,58,11,44,55,18,35,53,58,140,198,NHL,Los Angeles Kings,83,03/31/1995,12,LW/RW,71,"5'11""",195,31,Left,Playmaker,N/A,N/A,N/A,86,85,86,87,85,85,84,84,87,87,87,84,64,82,81,87,86,91,85,86,81,83,84,65,85
0297,Andrei,Kuzmenko,Andrei Kuzmenko,Philadelphia Destroyers,1,"$3,250,000",0,0,0,26,23,49,26,27,53,13,22,35,65,72,137,NHL,Los Angeles Kings,83,02/04/1996,96,LW/RW,71,"5'11""",194,30,Right,Sniper,N/A,N/A,N/A,88,85,90,88,84,89,84,83,88,85,87,82,61,79,79,84,85,88,81,82,79,81,82,65,85
0298,Brian,Dumoulin,Brian Dumoulin,Tennessee Wolverines,2,"$3,250,000",0,11,11,7,36,43,11,17,28,3,20,23,21,84,105,NHL,Los Angeles Kings,83,09/06/1991,2,LD,76,"6'4""",214,35,Left,Defensive Defenseman,2009,2,51,85,83,83,87,87,84,82,82,87,84,87,89,55,83,85,86,85,87,83,84,81,84,86,75,87
0299,Cody,Ceci,Cody Ceci,Houston Hammerheads,5,"$2,500,000",1,10,11,11,16,27,8,17,25,6,11,17,26,54,80,NHL,Los Angeles Kings,82,12/21/1993,5,RD,75,"6'3""",210,32,Right,Defensive Defenseman,2012,1,15,81,80,81,82,86,82,80,84,89,84,88,88,55,84,83,84,83,84,86,85,81,84,88,70,88
0300,Joel,Edmundson,Joel Edmundson,North Dakota Bison,2,"$2,000,000",2,17,19,16,22,38,6,6,12,2,13,15,26,58,84,NHL,Los Angeles Kings,81,06/28/1993,6,LD/RD,77,"6'5""",221,33,Left,Defensive Defenseman,2011,2,46,81,79,81,82,83,82,81,87,87,83,87,87,55,83,81,81,80,82,84,81,83,86,83,80,90
0301,Joel,Armia,Joel Armia,South Dakota Spartans,3,"$2,000,000",9,5,14,9,18,27,11,16,27,9,15,24,38,54,92,NHL,Los Angeles Kings,81,05/31/1993,40,RW,75,"6'3""",216,33,Right,2 Way Forward,2011,1,16,83,82,83,85,83,83,80,84,87,85,87,85,64,82,88,84,85,86,82,84,83,85,82,67,88
0302,Alex,Turcotte,Alex Turcotte,Tennessee Wolverines,4,"$2,000,000",3,6,9,9,19,28,7,8,15,7,8,15,26,41,67,NHL,Los Angeles Kings,81,02/26/2001,15,C,71,"5'11""",185,25,Left,2 Way Forward,2019,1,5,84,84,83,86,81,85,81,81,87,83,87,85,67,81,82,85,83,86,81,86,82,83,79,60,84
0303,Mathieu,Joseph,Mathieu Joseph,Oklahoma Twisters,5,"$2,000,000",9,12,21,10,20,30,17,20,37,13,34,47,49,86,135,NHL,Los Angeles Kings,81,02/09/1997,17,RW/LW,73,"6'1""",189,29,Left,2 Way Forward,2015,4,120,83,82,82,85,80,83,80,82,87,84,87,86,66,84,86,86,83,83,79,88,83,88,80,70,86
0304,Scott,Laughton,Scott Laughton,Philadelphia Destroyers,4,"$1,500,000",7,13,20,11,28,39,20,25,45,29,24,53,67,90,157,NHL,Los Angeles Kings,80,05/30/1994,21,C/LW,73,"6'1""",190,32,Left,2 Way Forward,2012,1,20,83,83,82,84,82,83,80,86,88,86,87,84,75,84,81,85,84,81,82,85,83,89,84,78,87
0305,Samuel,Helenius,Samuel Helenius,New Orleans Whalers,3,"$1,000,000",0,0,0,0,0,0,0,0,0,0,0,0,0,0,0,NHL,Los Angeles Kings,78,11/26/2002,79,C,78,"6'6""",201,23,Left,Power Forward,2021,2,59,80,79,80,80,80,78,80,79,88,81,87,81,75,81,80,81,80,83,78,81,87,89,79,85,87
0306,Jacob,Moverare,Jacob Moverare,Fort Worth Defenders,2,"$1,000,000",0,0,0,0,0,0,0,0,0,0,0,0,0,0,0,NHL,Los Angeles Kings,78,08/31/1998,43,LD,75,"6'3""",210,28,Left,Defensive Defenseman,2016,4,112,80,78,79,81,82,80,80,82,87,81,87,83,55,84,85,80,79,83,80,80,80,83,79,75,87
0307,Jeff,Malott,Jeff Malott,UFA,,,0,0,0,0,0,0,0,0,0,0,0,0,0,0,0,NHL,Los Angeles Kings,75,08/07/1996,39,LW,77,"6'5""",208,30,Left,Power Forward,N/A,N/A,N/A,80,79,74,74,68,72,70,72,87,74,86,72,65,72,80,81,81,86,83,86,86,84,85,75,89
0308,Taylor,Ward,Taylor Ward,UFA,,,0,0,0,0,0,0,0,0,0,0,0,0,0,0,0,NHL,Los Angeles Kings,75,03/31/1998,52,RW,74,"6'2""",215,28,Right,Grinder,N/A,N/A,N/A,82,78,75,77,82,78,75,80,85,78,83,83,63,77,79,83,85,80,79,85,80,81,85,80,83
0309,Quinn,Hughes,Quinn Hughes,Cincinnati Thunderbolts,3,"$15,000,000",3,25,28,13,45,58,11,46,57,31,39,70,58,155,213,NHL,Minnesota Wild,95,10/14/1999,43,LD,70,"5'10""",180,26,Left,Offensive Defenseman,2018,1,7,95,93,97,96,86,97,93,88,89,94,88,93,55,83,86,94,97,94,92,96,80,82,89,65,86
0310,Kirill,Kaprizov,Kirill Kaprizov,Baltimore Oceanics,5,"$15,000,000",25,30,55,43,37,80,40,51,91,56,37,93,164,155,319,NHL,Minnesota Wild,95,04/26/1997,97,LW/RW,70,"5'10""",202,29,Left,Sniper,2015,5,135,95,93,95,95,83,97,95,94,90,95,93,89,68,82,88,89,89,90,83,88,81,84,83,68,89
0311,Matthew,Boldy,Matthew Boldy,Houston Hammerheads,1,"$10,000,000",0,0,0,11,35,46,19,22,41,32,35,67,62,92,154,NHL,Minnesota Wild,90,04/05/2001,12,LW/RW,74,"6'2""",201,25,Left,Power Forward,2019,1,12,93,90,93,94,81,93,90,92,89,92,89,87,68,84,83,91,92,91,86,89,82,82,90,80,89
0312,Brock,Faber,Brock Faber,Oklahoma Twisters,5,"$8,000,000",0,0,0,0,0,0,7,24,31,11,32,43,18,56,74,NHL,Minnesota Wild,88,08/22/2002,7,RD,73,"6'1""",200,24,Right,2 Way Defender,2020,2,45,88,86,90,89,88,89,87,88,90,88,88,89,55,82,85,91,88,91,91,91,80,81,91,76,88
0313,Mats,Zuccarello,Mats Zuccarello,Nevada Archers,1,"$7,000,000",15,20,35,29,36,65,20,46,66,28,44,72,92,146,238,NHL,Minnesota Wild,87,09/01/1987,36,RW/LW,68,"5'8""",181,39,Left,Playmaker,N/A,N/A,N/A,88,85,93,88,83,92,87,88,88,90,88,86,66,82,83,84,84,82,82,83,80,82,86,65,84
0314,Jonas,Brodin,Jonas Brodin,Houston Hammerheads,1,"$7,000,000",0,10,10,8,24,32,8,24,32,11,34,45,27,92,119,NHL,Minnesota Wild,87,07/12/1993,25,LD,74,"6'2""",196,33,Left,2 Way Defender,2011,1,10,86,86,86,86,84,85,84,82,87,84,87,90,55,86,86,87,85,91,84,86,80,83,82,70,87
0315,Joel,Eriksson Ek,Joel Eriksson Ek,St. Louis Leopards,6,"$6,000,000",18,24,42,16,37,53,22,58,80,24,47,71,80,166,246,NHL,Minnesota Wild,86,01/29/1997,14,C,75,"6'3""",207,29,Left,2 Way Forward,2015,1,20,85,84,85,84,82,89,85,88,87,88,88,90,82,83,84,84,83,83,88,86,85,86,83,68,88
0316,Jared,Spurgeon,Jared Spurgeon,San Antonio Bandits,1,"$5,000,000",3,22,25,9,24,33,7,30,37,10,16,26,29,92,121,NHL,Minnesota Wild,85,11/29/1989,46,RD,69,"5'9""",166,36,Right,2 Way Defender,2008,6,156,86,84,88,85,89,86,86,86,87,85,87,88,55,85,84,86,84,85,83,85,80,82,82,70,85
0317,Jacob,Middleton,Jacob Middleton,Honolulu Hawks,6,"$4,000,000",0,0,0,5,12,17,4,15,19,8,15,23,17,42,59,NHL,Minnesota Wild,84,01/02/1996,5,LD,75,"6'3""",219,30,Left,Defensive Defenseman,2014,7,210,82,81,83,85,84,86,84,84,88,87,88,91,55,89,84,84,84,85,85,85,79,82,83,86,89
0318,Marcus,Johansson,Marcus Johansson,Charleston Tsunami,2,"$4,000,000",2,4,6,10,39,49,13,36,49,10,26,36,35,105,140,NHL,Minnesota Wild,84,10/06/1990,90,LW/RW,73,"6'1""",203,35,Left,2 Way Forward,2009,1,24,89,85,89,89,85,88,82,87,87,86,87,85,67,82,84,88,86,86,81,87,80,82,84,65,85
0319,Vladimir,Tarasenko,Vladimir Tarasenko,Washington Admirals,1,"$3,250,000",21,27,48,36,36,72,28,36,64,11,22,33,96,121,217,NHL,Minnesota Wild,83,12/13/1991,91,RW,73,"6'1""",219,34,Left,Sniper,2010,1,16,85,82,86,85,88,87,81,86,90,87,90,83,62,82,79,84,84,84,85,85,80,83,84,65,87
0320,Ryan,Hartman,Ryan Hartman,Raleigh Wildcats,4,"$3,250,000",10,13,23,20,30,50,26,27,53,13,29,42,69,99,168,NHL,Minnesota Wild,83,09/20/1994,38,RW/C,72,"6'0""",197,31,Right,2 Way Forward,2013,1,30,84,83,85,84,80,88,84,84,87,86,87,86,75,83,84,84,82,83,84,84,83,85,82,75,86
0321,Bobby,Brink,Bobby Brink,New Orleans Whalers,7,"$2,500,000",0,0,0,6,12,18,9,34,43,14,29,43,29,75,104,NHL,Minnesota Wild,82,07/08/2001,10,RW,68,"5'8""",169,25,Right,Sniper,2019,2,34,86,85,87,85,83,87,82,84,88,85,88,82,65,80,80,84,85,86,82,87,83,84,82,65,82
0322,Nick,Foligno,Nick Foligno,Washington Admirals,3,"$2,500,000",8,15,23,12,20,32,21,25,46,15,23,38,56,83,139,NHL,Minnesota Wild,82,10/31/1987,71,LW,72,"6'0""",210,38,Left,Power Forward,2006,1,28,83,83,83,85,81,83,79,83,87,85,87,86,73,83,85,82,83,87,86,82,84,90,84,80,88
0323,Marcus,Foligno,Marcus Foligno,Columbus Cougars,1,"$2,500,000",16,5,21,14,23,37,15,26,41,17,16,33,62,70,132,NHL,Minnesota Wild,82,08/10/1991,17,LW/RW,75,"6'3""",226,35,Left,Grinder,2009,4,104,82,83,82,84,80,80,79,83,88,83,87,84,65,83,83,81,81,86,83,81,89,93,82,88,90
0324,Zach,Bogosian,Zach Bogosian,Cincinnati Thunderbolts,1,"$2,000,000",0,0,0,10,18,28,2,9,11,4,8,12,16,35,51,NHL,Minnesota Wild,81,07/15/1990,24,RD,75,"6'3""",231,36,Right,Defensive Defenseman,2008,1,3,81,80,83,82,80,80,83,86,87,83,87,84,55,81,82,83,80,81,79,89,85,87,82,80,90
0325,Yakov,Trenin,Yakov Trenin,Jacksonville Blood Hounds,1,"$2,000,000",6,3,9,13,23,36,12,12,24,8,12,20,39,50,89,NHL,Minnesota Wild,81,01/13/1997,13,C/LW,74,"6'2""",201,29,Left,2 Way Forward,2015,2,55,81,81,81,82,81,83,79,83,87,83,87,85,67,81,85,86,81,84,80,90,86,90,82,70,88
0326,Danila,Yurov,Danila Yurov,Seattle Dragons,4,"$1,500,000",0,0,0,0,0,0,0,0,0,0,0,0,0,0,0,NHL,Minnesota Wild,80,12/22/2003,22,RW,73,"6'1""",178,22,Left,2 Way Forward,2022,1,24,84,83,83,83,82,86,80,79,87,82,87,84,69,74,82,87,89,83,85,88,80,75,85,65,85
0327,Nico,Sturm,Nico Sturm,Florida Sunshine,4,"$1,500,000",0,0,0,10,14,24,11,11,22,14,12,26,35,37,72,NHL,Minnesota Wild,80,05/03/1995,80,C,75,"6'3""",209,31,Left,Power Forward,N/A,N/A,N/A,81,80,81,82,83,82,79,82,88,83,87,85,80,85,85,81,80,83,83,82,86,89,80,70,89
0328,Michael,McCarron,Michael McCarron,Seattle Dragons,3,"$1,500,000",0,0,0,7,18,25,10,12,22,15,24,39,32,54,86,NHL,Minnesota Wild,80,03/07/1995,47,RW/C,78,"6'6""",232,31,Right,Grinder,2013,1,25,80,80,80,81,80,78,77,80,88,82,88,82,81,86,86,84,80,86,83,83,86,88,81,91,88
0329,Jeff,Petry,Jeff Petry,Arizona Heat,1,"$1,500,000",3,13,16,9,25,34,8,28,36,2,24,26,22,90,112,NHL,Minnesota Wild,80,12/09/1987,2,RD,75,"6'3""",208,38,Right,2 Way Defender,2006,2,45,80,80,81,81,82,81,80,81,90,80,89,84,55,83,83,82,80,82,81,82,84,87,80,75,87
0330,Robby,Fabbri,Robby Fabbri,Denver Mountain Lions,2,"$1,500,000",21,12,33,15,37,52,13,29,42,10,20,30,59,98,157,NHL,Minnesota Wild,80,01/22/1996,21,LW/C,73,"6'1""",185,30,Left,Sniper,2014,1,21,87,84,86,86,90,81,80,82,88,83,87,80,65,75,83,85,90,83,85,85,77,77,75,65,83
0331,Daemon,Hunt,Daemon Hunt,UFA,,,0,0,0,0,0,0,0,0,0,0,0,0,0,0,0,NHL,Minnesota Wild,76,05/15/2002,48,LD/RD,73,"6'1""",193,24,Left,2 Way Defender,2020,3,65,80,75,76,75,80,75,70,70,86,71,85,82,55,83,83,82,82,84,84,83,84,82,85,80,84
0332,Nick,Suzuki,Nick Suzuki,Detroit Motors,2,"$11,000,000",17,20,37,11,59,70,16,59,75,29,30,59,73,168,241,NHL,Montreal Canadiens,91,08/10/1999,14,C/RW,71,"5'11""",207,27,Right,Playmaker,2017,1,13,93,88,93,92,88,94,88,92,88,90,87,90,82,86,84,90,88,89,87,89,82,83,95,65,86
0333,Cole,Caufield,Cole Caufield,North Dakota Bison,6,"$10,000,000",7,13,20,24,27,51,29,48,77,41,32,73,101,120,221,NHL,Montreal Canadiens,90,01/02/2001,13,RW/LW,68,"5'8""",175,25,Right,Sniper,2019,1,15,87,89,89,89,86,95,87,95,89,94,89,84,63,79,82,86,89,82,85,87,80,83,88,60,80
0334,Lane,Hutson,Lane Hutson,Detroit Motors,7,"$9,000,000",0,0,0,0,0,0,5,23,28,13,28,41,18,51,69,NHL,Montreal Canadiens,89,02/14/2004,48,LD,69,"5'9""",162,22,Left,Offensive Defenseman,2022,2,62,94,91,92,93,83,93,86,84,86,87,87,87,55,83,87,91,91,90,82,91,79,81,90,65,84
0335,Noah,Dobson,Noah Dobson,Jacksonville Blood Hounds,5,"$8,000,000",1,23,24,9,22,31,8,50,58,12,41,53,30,136,166,NHL,Montreal Canadiens,88,01/07/2000,53,RD,76,"6'4""",200,26,Right,2 Way Defender,2018,1,12,91,88,92,90,84,93,91,92,89,93,89,87,55,85,85,92,90,90,83,91,80,82,87,75,90
0336,Ivan,Demidov,Ivan Demidov,Brooklyn Bulldogs,4,"$7,000,000",0,0,0,0,0,0,0,0,0,8,21,29,8,21,29,NHL,Montreal Canadiens,87,12/10/2005,93,RW/C,73,"6'1""",192,20,Left,Playmaker,2024,1,5,92,90,89,91,80,92,85,86,88,87,90,84,75,78,85,87,88,85,84,87,78,70,85,70,85
0337,Michael,Matheson,Michael Matheson,Honolulu Hawks,2,"$7,000,000",0,0,0,8,29,37,8,30,38,13,42,55,29,101,130,NHL,Montreal Canadiens,87,02/27/1994,8,LD,74,"6'2""",196,32,Left,2 Way Defender,2012,1,23,92,86,88,90,82,88,87,88,92,88,90,87,55,86,86,92,90,91,88,92,80,82,90,75,88
0338,Juraj,Slafkovsky,Juraj Slafkovsky,Iowa Rebels,3,"$6,000,000",0,0,0,15,11,26,12,29,41,14,37,51,41,77,118,NHL,Montreal Canadiens,86,03/30/2004,20,LW/RW,75,"6'3""",225,22,Left,Power Forward,2022,1,1,88,86,89,87,83,89,83,88,85,89,89,86,64,83,82,86,87,88,83,89,83,82,86,75,92
0339,Kaiden,Guhle,Kaiden Guhle,Denver Mountain Lions,1,"$6,000,000",0,0,0,3,7,10,8,13,21,10,51,61,21,71,92,NHL,Montreal Canadiens,86,01/18/2002,21,LD,75,"6'3""",202,24,Left,2 Way Defender,2020,1,16,83,82,84,85,80,85,84,87,90,86,89,88,55,88,86,87,86,88,84,87,86,89,82,80,88
0340,Patrik,Laine,Patrik Laine,Detroit Motors,1,"$5,000,000",26,18,44,46,33,79,30,21,51,20,30,50,122,102,224,NHL,Montreal Canadiens,85,04/19/1998,92,RW/C,76,"6'4""",208,28,Right,Sniper,2016,1,2,88,84,85,88,82,90,82,90,91,87,92,84,66,80,82,86,85,83,80,84,80,82,79,65,89
0341,Phillip,Danault,Phillip Danault,Richmond Robbers,1,"$4,000,000",21,21,42,11,34,45,23,31,54,21,26,47,76,112,188,NHL,Montreal Canadiens,84,02/24/1993,24,C,73,"6'1""",200,33,Left,2 Way Forward,2011,1,26,86,85,85,87,83,83,83,85,87,84,87,90,83,88,87,83,84,85,84,83,83,84,87,75,87
0342,Oliver,Kapanen,Oliver Kapanen,Portland Sea Lions,3,"$4,000,000",0,0,0,0,0,0,0,0,0,4,8,12,4,8,12,NHL,Montreal Canadiens,84,07/29/2003,91,C,74,"6'2""",194,23,Right,2 Way Forward,2021,2,64,88,87,87,87,85,87,82,82,87,85,86,86,70,84,87,86,86,83,79,90,85,84,85,75,86
0343,Kirby,Dach,Kirby Dach,St. Louis Leopards,4,"$3,250,000",9,10,19,18,31,49,15,40,55,25,26,51,67,107,174,NHL,Montreal Canadiens,83,01/21/2001,77,C/RW,76,"6'4""",221,25,Right,Playmaker,2019,1,3,87,83,86,87,80,87,81,84,88,83,88,85,70,83,83,86,84,85,80,91,83,86,81,70,88
0344,Alex,Newhook,Alex Newhook,Oklahoma Twisters,5,"$3,250,000",7,3,10,14,42,56,12,35,47,16,17,33,49,97,146,NHL,Montreal Canadiens,83,01/28/2001,15,C/LW,71,"5'11""",200,25,Left,Playmaker,2019,1,16,87,83,85,86,83,86,82,89,87,86,87,83,73,80,82,89,85,82,80,90,82,84,84,65,85
0345,Alexandre,Carrier,Alexandre Carrier,Arizona Heat,3,"$3,250,000",0,5,5,5,30,35,8,19,27,5,19,24,18,73,91,NHL,Montreal Canadiens,83,10/08/1996,45,RD,71,"5'11""",174,29,Right,Offensive Defenseman,2015,4,115,83,81,83,84,81,86,83,83,89,83,88,87,55,88,87,84,84,88,87,84,81,83,85,60,84
0346,Jake,Evans,Jake Evans,Seattle Dragons,5,"$2,500,000",0,0,0,13,23,36,12,20,32,21,20,41,46,63,109,NHL,Montreal Canadiens,82,06/02/1996,71,C,72,"6'0""",190,30,Right,2 Way Forward,2014,7,207,85,84,86,87,86,82,81,85,87,84,87,86,81,86,87,86,85,84,87,86,82,85,85,65,84
0347,Zachary,Bolduc,Zachary Bolduc,Puerto Rico Toros,5,"$2,500,000",0,0,0,0,0,0,0,0,0,2,11,13,2,11,13,NHL,Montreal Canadiens,82,02/24/2003,76,C,72,"6'0""",187,23,Left,2 Way Forward,2021,1,17,84,82,84,84,81,87,83,86,86,87,85,85,63,82,82,85,85,83,80,86,82,84,80,65,86
0348,Brendan,Gallagher,Brendan Gallagher,Jacksonville Blood Hounds,1,"$2,000,000",13,10,23,22,37,59,17,18,35,23,34,57,75,99,174,NHL,Montreal Canadiens,81,05/06/1992,11,RW,69,"5'9""",185,34,Right,2 Way Forward,2010,5,147,84,83,83,83,80,85,80,87,87,84,87,84,63,80,82,86,85,86,81,86,82,85,82,75,85
0349,Josh,Anderson,Josh Anderson,Las Vegas Vipers,1,"$2,000,000",15,20,35,18,27,45,16,13,29,16,33,49,65,93,158,NHL,Montreal Canadiens,81,05/07/1994,17,RW/LW,75,"6'3""",226,32,Right,Power Forward,2012,4,95,80,80,80,81,80,80,79,83,89,84,89,80,66,80,78,90,83,82,83,88,85,90,83,80,90
0350,Jayden,Struble,Jayden Struble,Washington Admirals,3,"$1,500,000",0,0,0,0,0,0,0,0,0,3,19,22,3,19,22,NHL,Montreal Canadiens,80,09/08/2001,47,LD/RD,72,"6'0""",207,25,Left,2 Way Defender,2019,2,46,84,81,83,83,79,81,81,82,87,84,87,84,55,78,84,82,82,85,78,85,88,90,80,75,84
0351,Alexandre,Texier,Alexandre Texier,Long Island Blizzard,4,"$1,500,000",6,18,24,12,36,48,13,21,34,19,8,27,50,83,133,NHL,Montreal Canadiens,80,09/13/1999,85,LW/RW,73,"6'1""",196,26,Left,2 Way Forward,2017,2,45,85,82,84,86,80,86,80,84,87,86,87,82,61,80,81,83,83,85,79,82,80,83,79,65,86
0352,Joe,Veleno,Joe Veleno,Washington Admirals,6,"$1,250,000",4,7,11,17,25,42,16,35,51,5,25,30,42,92,134,NHL,Montreal Canadiens,79,01/13/2000,90,C,73,"6'1""",201,26,Left,2 Way Forward,2018,1,30,84,82,82,85,85,82,81,82,87,84,87,82,73,84,83,83,83,86,79,88,81,82,81,70,85
0353,Arber,Xhekaj,Arber Xhekaj,Philadelphia Destroyers,4,"$1,250,000",0,0,0,3,4,7,4,3,7,3,9,12,10,16,26,NHL,Montreal Canadiens,79,01/30/2001,72,LD/RD,76,"6'4""",240,25,Left,Defensive Defenseman,N/A,N/A,N/A,80,80,80,80,79,76,80,80,91,81,89,80,55,80,80,81,80,83,78,80,88,91,80,91,92
0354,Roman,Josi,Roman Josi,Philadelphia Destroyers,5,"$12,000,000",12,23,35,11,60,71,11,50,61,16,27,43,50,160,210,NHL,Nashville Predators,92,06/01/1990,59,LD,73,"6'1""",201,36,Left,2 Way Defender,2008,2,38,92,90,92,93,84,94,92,93,93,91,91,92,55,85,87,93,92,93,87,91,80,83,84,70,88
0355,Filip,Forsberg,Filip Forsberg,Cleveland Demons,6,"$8,000,000",25,21,46,32,40,72,40,43,83,39,34,73,136,138,274,NHL,Nashville Predators,88,08/13/1994,9,LW,73,"6'1""",205,32,Right,Sniper,2012,1,11,90,90,90,90,81,90,85,88,89,90,90,84,64,80,84,89,90,90,89,87,83,87,88,70,87
0356,Ryan,O'Reilly,Ryan O'Reilly,Oklahoma Twisters,6,"$7,000,000",22,27,49,31,32,63,20,39,59,21,30,51,94,128,222,NHL,Nashville Predators,87,02/07/1991,90,C,73,"6'1""",207,35,Left,2 Way Forward,2009,2,33,86,89,88,88,89,90,90,90,88,89,88,88,85,87,89,82,85,88,89,83,82,82,88,75,89
0357,Brady,Skjei,Brady Skjei,Lincoln Lumberjacks,2,"$6,000,000",2,11,13,5,15,20,5,26,31,12,31,43,24,83,107,NHL,Nashville Predators,86,03/26/1994,76,LD,75,"6'3""",210,32,Left,2 Way Defender,2012,1,28,84,83,86,85,81,88,87,92,88,91,88,88,55,80,86,89,86,83,85,90,80,82,89,80,88
0358,Steven,Stamkos,Steven Stamkos,Long Island Blizzard,1,"$5,000,000",19,23,42,33,47,80,35,38,73,21,39,60,108,147,255,NHL,Nashville Predators,85,02/07/1990,91,C/LW,73,"6'1""",193,36,Right,Playmaker,2008,1,1,85,83,88,86,81,88,87,90,93,87,92,82,77,81,83,85,85,83,87,85,82,84,88,77,86
0359,Jonathan,Marchessault,Jonathan Marchessault,Montana Miners,4,"$4,000,000",22,30,52,23,46,69,18,63,81,38,45,83,101,184,285,NHL,Nashville Predators,84,12/27/1990,81,RW/LW,69,"5'9""",185,35,Right,Playmaker,N/A,N/A,N/A,84,88,87,87,82,86,85,89,88,89,92,81,66,79,80,88,86,85,86,86,81,84,87,65,84
0360,Luke,Evangelista,Luke Evangelista,Tennessee Wolverines,3,"$4,000,000",0,0,0,0,0,0,7,33,40,11,21,32,18,54,72,NHL,Nashville Predators,84,02/21/2002,77,RW,72,"6'0""",183,24,Right,2 Way Forward,2020,2,42,89,86,89,88,81,89,83,83,86,88,86,86,61,80,83,88,85,87,79,86,82,84,85,65,85
0361,Nicolas,Hague,Nicolas Hague,Kansas City Metrostars,4,"$4,000,000",4,12,16,11,22,33,7,22,29,7,22,29,29,78,107,NHL,Nashville Predators,84,12/05/1998,41,LD,78,"6'6""",245,27,Left,Defensive Defenseman,2017,2,34,82,81,81,83,82,82,80,86,91,84,90,90,55,81,84,81,82,90,79,81,83,86,82,75,88
0362,Erik,Haula,Erik Haula,Brooklyn Bulldogs,1,"$2,500,000",17,20,37,13,27,40,15,29,44,13,34,47,58,110,168,NHL,Nashville Predators,82,03/23/1991,56,C/LW,71,"5'11""",191,35,Left,Playmaker,2009,7,182,82,82,83,84,80,86,82,84,88,85,87,89,80,83,86,85,84,83,83,88,83,86,82,65,85
0363,Nick,Perbix,Nick Perbix,Honolulu Hawks,2,"$2,500,000",0,0,0,0,17,17,4,8,12,6,19,25,10,44,54,NHL,Nashville Predators,82,06/15/1998,40,RD,76,"6'4""",206,28,Right,2 Way Defender,2017,6,169,86,84,85,86,83,86,85,83,88,86,88,85,55,81,81,86,84,89,80,85,82,84,81,70,87
0364,Justin,Barron,Justin Barron,Portland Sea Lions,2,"$1,500,000",1,6,7,0,0,0,6,13,19,3,23,26,10,42,52,NHL,Nashville Predators,80,11/15/2001,20,RD,74,"6'2""",198,24,Right,2 Way Defender,2020,1,25,84,81,83,84,82,83,84,86,88,83,88,83,55,81,83,85,84,83,81,89,84,87,80,75,85
0365,Matthew,Wood,Matthew Wood,North Dakota Bison,4,"$1,500,000",0,0,0,0,0,0,0,0,0,6,11,17,6,11,17,NHL,Nashville Predators,80,02/06/2005,71,LW/C,76,"6'4""",202,21,Right,Power Forward,2023,1,15,84,82,83,83,81,84,80,83,88,84,88,82,66,79,81,82,81,86,86,83,80,82,77,75,87
0366,Fedor,Svechkov,Fedor Svechkov,Nevada Archers,4,"$1,250,000",0,0,0,0,0,0,0,0,0,3,10,13,3,10,13,NHL,Nashville Predators,79,04/05/2003,40,C/LW,72,"6'0""",187,23,Left,2 Way Forward,2021,1,19,85,82,82,85,84,81,83,82,87,83,87,82,72,82,86,86,85,88,78,89,82,82,79,68,82
0367,Ryan,Ufko,Ryan Ufko,Brooklyn Bulldogs,5,"$1,250,000",0,0,0,0,0,0,0,0,0,0,0,0,0,0,0,NHL,Nashville Predators,79,05/07/2003,85,RD/LD,70,"5'10""",181,23,Right,Offensive Defenseman,2021,4,115,87,83,86,86,85,86,80,79,86,80,84,80,50,78,82,86,87,78,82,86,75,74,85,65,77
0368,Zachary,L'Heureux,Zachary L'Heureux,Columbus Cougars,4,"$1,250,000",0,0,0,0,0,0,0,0,0,1,16,17,1,16,17,NHL,Nashville Predators,79,05/15/2003,68,C,71,"5'11""",197,23,Left,Power Forward,2021,1,27,81,81,80,81,80,82,80,83,85,82,85,81,62,83,82,84,82,86,80,83,88,90,80,77,85
0369,Adam,Wilsby,Adam Wilsby,Indianapolis Ghosts,2,"$900,000",0,0,0,0,0,0,0,0,0,0,0,0,0,0,0,NHL,Nashville Predators,78,08/07/2000,83,LD/RD,73,"6'1""",188,26,Left,2 Way Defender,2020,4,101,81,80,80,82,85,80,80,81,85,83,86,82,55,79,84,84,82,85,79,84,82,84,78,65,85
0370,Tyson,Jost,Tyson Jost,Denver Mountain Lions,1,"$1,000,000",3,7,10,18,22,40,14,14,28,7,11,18,42,54,96,NHL,Nashville Predators,78,03/14/1998,17,C,71,"5'11""",187,28,Left,2 Way Forward,2016,1,10,82,80,81,83,80,82,78,84,85,82,85,84,71,81,82,81,82,83,80,81,83,86,79,70,84
0371,Joakim,Kemell,Joakim Kemell,Jacksonville Blood Hounds,3,"$1,300,000",0,0,0,0,0,0,0,0,0,0,0,0,0,0,0,NHL,Nashville Predators,76,04/27/2004,25,RW,71,"5'11""",182,22,Right,Sniper,2022,1,17,84,80,78,81,83,82,78,81,87,78,84,82,62,79,78,85,86,78,85,85,82,84,86,62,83
0372,Ozzy,Wiesblatt,Ozzy Wiesblatt,UFA,,,0,0,0,0,0,0,0,0,0,0,0,0,0,0,0,NHL,Nashville Predators,75,03/09/2002,89,RW,70,"5'10""",183,24,Right,2 Way Forward,2020,1,31,83,79,78,80,80,80,76,76,82,76,81,82,64,80,77,84,85,81,80,84,81,83,83,70,84
0373,Reid,Schaefer,Reid Schaefer,Long Island Blizzard,1,"$900,000",0,0,0,0,0,0,0,0,0,0,0,0,0,0,0,NHL,Nashville Predators,75,09/21/2003,49,LW,77,"6'5""",226,22,Left,Power Forward,2022,1,32,80,78,75,77,78,81,74,76,81,75,81,85,62,80,82,85,84,78,81,83,80,82,78,78,85
0374,Jack,Hughes,Jack Hughes,Jacksonville Blood Hounds,4,"$12,000,000",27,23,50,25,47,72,27,49,76,47,33,80,126,152,278,NHL,New Jersey Devils,92,05/14/2001,86,C/LW,71,"5'11""",175,25,Left,Playmaker,2019,1,1,94,88,94,93,86,95,90,89,90,91,90,87,72,80,85,94,91,84,80,93,80,81,85,65,84
0375,Jesper,Bratt,Jesper Bratt,Honolulu Hawks,6,"$9,000,000",12,26,38,26,39,65,33,50,83,51,22,73,122,137,259,NHL,New Jersey Devils,89,07/30/1998,63,LW/RW,70,"5'10""",175,28,Left,Playmaker,2016,6,162,91,87,92,91,87,91,88,88,88,90,88,82,63,81,81,93,89,85,86,91,82,84,89,65,85
0376,Nico,Hischier,Nico Hischier,Atlanta Cobalts,4,"$8,000,000",22,34,56,9,32,41,10,38,48,37,23,60,78,127,205,NHL,New Jersey Devils,88,01/04/1999,13,C,73,"6'1""",200,27,Left,2 Way Forward,2017,1,1,91,89,90,92,87,91,88,89,88,90,88,89,86,85,85,89,90,89,90,89,82,83,89,65,85
0377,Dougie,Hamilton,Dougie Hamilton,Cleveland Demons,2,"$7,000,000",10,21,31,16,61,77,15,36,51,11,43,54,52,161,213,NHL,New Jersey Devils,87,06/17/1993,7,RD,78,"6'6""",230,33,Right,Offensive Defenseman,2011,1,9,87,85,89,86,80,91,89,92,91,92,91,87,55,80,83,87,85,85,83,87,81,83,81,67,90
0378,Jonas,Siegenthaler,Jonas Siegenthaler,Puerto Rico Toros,5,"$6,000,000",0,0,0,6,10,16,6,12,18,9,44,53,21,66,87,NHL,New Jersey Devils,86,05/06/1997,71,LD,74,"6'2""",218,29,Left,Defensive Defenseman,2015,2,57,81,82,84,83,81,82,86,82,87,82,87,93,55,85,88,82,81,88,81,84,82,85,81,80,91
0379,Brett,Pesce,Brett Pesce,Kansas City Metrostars,2,"$6,000,000",2,20,22,10,27,37,10,8,18,12,33,45,34,88,122,NHL,New Jersey Devils,86,11/15/1994,22,RD,75,"6'3""",206,31,Right,Defensive Defenseman,2013,3,66,84,83,86,86,84,86,88,83,87,87,87,94,55,86,90,84,85,86,85,83,78,80,85,65,90
0380,Luke,Hughes,Luke Hughes,Chicago Rockets,6,"$6,000,000",0,0,0,0,0,0,8,23,31,10,39,49,18,62,80,NHL,New Jersey Devils,86,09/09/2003,43,LD/RD,74,"6'2""",198,22,Left,Offensive Defenseman,2021,1,4,91,87,88,88,86,88,87,86,90,90,89,87,55,83,85,92,90,90,84,90,78,80,86,70,85
0381,Timo,Meier,Timo Meier,Florida Sunshine,5,"$6,000,000",18,22,40,33,42,75,39,39,78,27,42,69,117,145,262,NHL,New Jersey Devils,86,10/08/1996,28,RW/LW,73,"6'1""",220,29,Left,Power Forward,2015,1,9,88,87,87,89,81,88,85,88,90,89,88,84,65,82,80,88,88,90,85,88,82,86,87,75,90
0382,Brenden,Dillon,Brenden Dillon,Raleigh Wildcats,6,"$5,000,000",0,4,4,3,13,16,5,15,20,6,38,44,14,70,84,NHL,New Jersey Devils,85,11/13/1990,5,LD,76,"6'4""",225,35,Left,Defensive Defenseman,N/A,N/A,N/A,81,80,83,83,80,82,82,82,88,81,88,89,55,83,83,84,84,85,83,84,89,92,85,86,90
0383,Simon,Nemec,Simon Nemec,St. Louis Leopards,1,"$5,000,000",0,0,0,0,0,0,7,19,26,3,18,21,10,37,47,NHL,New Jersey Devils,85,02/15/2004,17,RD,73,"6'1""",190,22,Right,2 Way Defender,2022,1,2,86,85,86,86,80,87,85,84,87,85,87,88,55,83,87,85,82,80,83,84,80,82,79,70,86
0384,Dawson,Mercer,Dawson Mercer,Chicago Rockets,3,"$4,000,000",20,22,42,19,31,50,15,44,59,8,25,33,62,122,184,NHL,New Jersey Devils,84,10/27/2001,91,RW/C,72,"6'0""",180,24,Right,Sniper,2020,1,18,85,84,85,86,88,83,83,88,87,88,88,86,69,86,83,85,85,85,84,85,81,82,91,68,85
0385,Johnathan,Kovacevic,Johnathan Kovacevic,New Orleans Whalers,3,"$4,000,000",0,0,0,8,6,14,0,0,0,3,27,30,11,33,44,NHL,New Jersey Devils,84,07/12/1997,8,RD,77,"6'5""",223,29,Right,Defensive Defenseman,2017,3,74,83,82,82,84,80,82,80,82,89,83,87,89,55,82,87,83,83,85,82,82,83,86,85,75,91
0386,Nick,Bjugstad,Nick Bjugstad,New York Steamrollers,2,"$2,500,000",0,0,0,18,18,36,16,24,40,14,24,38,48,66,114,NHL,New Jersey Devils,82,07/17/1992,72,C/RW,78,"6'6""",210,34,Right,Power Forward,2010,1,19,84,83,82,85,81,82,81,85,89,86,88,82,76,82,83,85,84,84,86,84,86,89,81,80,89
0387,Cody,Glass,Cody Glass,Baltimore Oceanics,1,"$2,500,000",9,15,24,13,32,45,16,17,33,16,8,24,54,72,126,NHL,New Jersey Devils,82,04/01/1999,12,C,75,"6'3""",201,27,Right,2 Way Forward,2017,1,6,84,82,83,85,82,85,80,84,88,84,87,87,75,82,85,83,83,82,81,83,84,84,80,75,87
0388,Stefan,Noesen,Stefan Noesen,New York Steamrollers,3,"$2,000,000",1,6,7,14,10,24,13,34,47,22,29,51,50,79,129,NHL,New Jersey Devils,81,02/12/1993,11,RW/LW,73,"6'1""",205,33,Right,Grinder,2011,1,21,81,80,82,81,81,84,80,89,87,85,87,87,67,80,80,81,82,84,87,81,86,87,84,80,88
0389,Arseny,Gritsyuk,Arseny Gritsyuk,Baltimore Oceanics,3,"$2,000,000",0,0,0,0,0,0,0,0,0,0,0,0,0,0,0,NHL,New Jersey Devils,81,03/15/2001,81,RW/LW,72,"6'0""",195,25,Left,Playmaker,2019,5,129,84,82,85,83,85,87,80,79,86,81,86,85,68,78,82,87,88,79,85,88,80,74,85,65,83
0390,Paul,Cotter,Paul Cotter,Las Vegas Vipers,2,"$2,000,000",0,0,0,14,4,18,11,19,30,19,24,43,44,47,91,NHL,New Jersey Devils,81,11/16/1999,47,C/LW,74,"6'2""",213,26,Left,Grinder,2018,4,115,83,80,80,82,80,80,80,82,86,84,86,80,67,80,80,88,85,89,79,90,85,90,81,70,88
0391,Connor,Brown,Connor Brown,Portland Sea Lions,3,"$2,000,000",14,10,24,21,28,49,16,17,33,14,27,41,65,82,147,NHL,New Jersey Devils,81,01/14/1994,16,RW/LW,72,"6'0""",184,32,Right,2 Way Forward,2012,6,156,83,82,84,83,87,86,81,86,86,86,85,85,65,81,83,86,83,82,79,90,80,81,82,65,85
0392,Maxim,Tsyplakov,Maxim Tsyplakov,Cincinnati Thunderbolts,4,"$1,250,000",0,0,0,0,0,0,0,0,0,18,18,36,18,18,36,NHL,New Jersey Devils,79,09/19/1998,42,RW/LW,75,"6'3""",203,27,Left,Playmaker,N/A,N/A,N/A,83,82,82,82,80,80,75,80,87,82,87,80,65,81,82,88,86,90,81,85,86,89,83,70,86
0393,Evgenii,Dadonov,Evgenii Dadonov,Honolulu Hawks,4,"$1,250,000",8,15,23,20,27,47,26,24,50,11,26,37,65,92,157,NHL,New Jersey Devils,79,03/12/1989,10,RW/LW,71,"5'11""",188,37,Left,Sniper,2007,3,71,83,81,85,83,86,79,80,84,88,86,88,79,61,80,77,85,83,85,83,85,81,83,82,65,85
0394,Zack,MacEwen,Zack MacEwen,UFA,,,0,0,0,13,20,33,8,4,12,1,10,11,22,34,56,NHL,New Jersey Devils,77,07/08/1996,15,RW,76,"6'4""",226,30,Right,Grinder,N/A,N/A,N/A,80,78,78,79,78,81,79,78,83,79,83,79,67,77,78,83,81,82,80,83,87,86,78,85,86
0395,Lenni,Hämeenaho,Lenni Hämeenaho,Chicago Rockets,2,"$900,000",0,0,0,0,0,0,0,0,0,0,0,0,0,0,0,NHL,New Jersey Devils,77,11/07/2004,29,RW,72,"6'0""",174,21,Right,2 Way Forward,2023,2,58,81,80,80,80,80,84,75,78,86,79,85,84,66,73,79,84,85,80,80,85,80,75,85,70,80
0396,Marc,McLaughlin,Marc McLaughlin,UFA,,,0,0,0,0,0,0,0,0,0,0,0,0,0,0,0,NHL,New Jersey Devils,76,07/26/1999,21,C,72,"6'0""",202,27,Right,Sniper,N/A,N/A,N/A,80,79,79,81,89,81,80,80,85,82,85,84,68,79,80,80,80,80,82,81,81,87,78,65,85
0397,Dennis,Cholowski,Dennis Cholowski,UFA,,,1,16,17,6,7,13,0,0,0,0,0,0,7,23,30,NHL,New Jersey Devils,76,02/15/1998,44,LD,74,"6'2""",210,28,Left,2 Way Defender,2016,1,20,82,80,83,82,82,80,80,80,87,81,87,81,55,80,81,79,80,80,78,80,77,80,79,70,85
0398,Brian,Halonen,Brian Halonen,UFA,,,0,0,0,0,0,0,0,0,0,0,0,0,0,0,0,NHL,New Jersey Devils,76,01/11/1999,40,LW,72,"6'0""",207,27,Right,Grinder,N/A,N/A,N/A,81,76,76,76,86,79,77,80,87,82,86,78,65,75,76,85,83,82,80,85,86,85,83,77,83
0399,Bo,Horvat,Bo Horvat,Memphis Cannons,5,"$9,000,000",21,24,45,27,38,65,28,34,62,27,48,75,103,144,247,NHL,New York Islanders,89,04/05/1995,14,C,73,"6'1""",225,31,Left,2 Way Forward,2013,1,9,91,88,92,90,86,93,90,94,89,91,88,87,85,85,84,90,87,88,87,91,85,83,90,75,89
0400,Matthew,Schaefer,Matthew Schaefer,Memphis Cannons,4,"$8,000,000",0,0,0,0,0,0,0,0,0,0,0,0,0,0,0,NHL,New York Islanders,88,09/05/2007,48,LD/RD,74,"6'2""",186,19,Left,2 Way Defender,2025,1,1,88,87,88,88,75,89,85,83,88,85,87,89,50,85,90,88,88,86,80,92,80,82,85,70,86
0401,Adam,Pelech,Adam Pelech,Portland Sea Lions,4,"$7,000,000",0,17,17,6,24,30,4,16,20,9,34,43,19,91,110,NHL,New York Islanders,87,08/16/1994,3,LD,75,"6'3""",212,32,Left,Defensive Defenseman,2012,3,65,85,84,84,87,81,84,82,82,88,83,87,94,55,84,92,83,84,89,88,82,81,84,82,78,89
0402,Ryan,Pulock,Ryan Pulock,Charleston Tsunami,6,"$7,000,000",6,22,28,13,20,33,17,15,32,10,42,52,46,99,145,NHL,New York Islanders,87,10/06/1994,6,RD,73,"6'1""",219,31,Right,2 Way Defender,2013,1,15,84,86,88,88,86,83,83,89,93,84,92,90,55,89,83,85,86,87,88,85,84,86,85,75,88
0403,Mathew,Barzal,Mathew Barzal,Tennessee Wolverines,4,"$7,000,000",31,40,71,21,54,75,16,54,70,28,25,53,96,173,269,NHL,New York Islanders,87,05/26/1997,13,C/RW,73,"6'1""",186,29,Right,Playmaker,2015,1,16,85,89,90,90,86,90,87,86,87,85,88,84,67,81,80,90,85,88,81,91,81,82,81,65,85
0404,Brayden,Schenn,Brayden Schenn,Denver Mountain Lions,5,"$4,000,000",18,15,33,14,31,45,14,36,50,22,27,49,68,109,177,NHL,New York Islanders,84,08/22/1991,10,C/LW,73,"6'1""",200,35,Left,2 Way Forward,2009,1,5,86,83,88,86,81,86,85,88,87,88,88,85,81,85,85,86,86,84,86,86,85,89,88,84,88
0405,Anders,Lee,Anders Lee,Denver Mountain Lions,1,"$4,000,000",13,14,27,16,31,47,21,22,43,24,31,55,74,98,172,NHL,New York Islanders,84,07/03/1990,27,LW/C,75,"6'3""",234,36,Left,Power Forward,2009,6,152,83,83,85,84,82,87,83,86,88,87,87,83,65,82,79,83,84,92,85,83,86,86,86,80,90
0406,Kyle,Palmieri,Kyle Palmieri,Cleveland Demons,5,"$3,250,000",15,10,25,29,31,60,14,25,39,23,33,56,81,99,180,NHL,New York Islanders,83,02/01/1991,21,RW/LW,72,"6'0""",192,35,Right,2 Way Forward,2009,1,26,86,84,86,86,84,88,84,88,88,89,87,84,65,82,80,85,87,87,85,85,81,83,88,70,86
0407,Alexander,Romanov,Alexander Romanov,Indianapolis Ghosts,5,"$3,250,000",0,7,7,7,16,23,2,22,24,7,23,30,16,68,84,NHL,New York Islanders,83,01/06/2000,28,LD,73,"6'1""",220,26,Left,2 Way Defender,2018,2,38,84,82,83,84,85,80,81,84,92,86,89,86,55,88,85,84,84,85,81,84,87,91,84,69,88
0408,Simon,Holmström,Simon Holmström,Detroit Motors,4,"$3,250,000",0,0,0,9,13,22,14,20,34,26,32,58,49,65,114,NHL,New York Islanders,83,05/24/2001,92,RW,73,"6'1""",208,25,Left,2 Way Forward,2019,1,23,85,84,85,87,88,86,80,85,88,86,87,86,63,85,87,84,86,86,85,89,80,80,83,70,87
0409,Scott,Mayfield,Scott Mayfield,Honolulu Hawks,5,"$2,500,000",1,14,15,4,15,19,6,20,26,3,6,9,14,55,69,NHL,New York Islanders,82,10/14/1992,24,RD,76,"6'4""",215,33,Right,Defensive Defenseman,2011,2,34,81,79,80,80,81,80,80,81,86,82,87,87,55,87,85,81,81,84,80,81,83,87,81,83,89
0410,Emil,Heineman,Emil Heineman,Indianapolis Ghosts,3,"$2,500,000",0,0,0,0,0,0,0,0,0,7,8,15,7,8,15,NHL,New York Islanders,82,11/16/2001,51,LW,74,"6'2""",204,24,Left,Power Forward,2020,2,43,82,81,82,82,81,85,84,86,87,84,87,83,62,82,82,88,86,85,79,92,86,92,79,70,86
0411,Carson,Soucy,Carson Soucy,Portland Sea Lions,2,"$2,500,000",4,17,21,7,26,33,4,15,19,1,14,15,16,72,88,NHL,New York Islanders,82,07/27/1994,4,LD/RD,76,"6'4""",211,32,Left,Defensive Defenseman,2013,5,137,82,80,82,83,80,83,81,84,88,85,88,86,55,84,87,81,82,83,82,81,83,87,82,80,89
0412,Tony,DeAngelo,Tony DeAngelo,Honolulu Hawks,3,"$2,500,000",3,16,19,14,35,49,10,27,37,2,8,10,29,86,115,NHL,New York Islanders,82,10/24/1995,77,RD,72,"6'0""",190,30,Right,Offensive Defenseman,2014,1,19,86,82,89,86,86,90,85,85,88,88,88,81,55,79,82,86,82,81,81,85,78,79,80,67,84
0413,Jean-Gabriel,Pageau,Jean-Gabriel Pageau,Arizona Heat,2,"$2,500,000",13,17,30,13,35,48,12,34,46,19,27,46,57,113,170,NHL,New York Islanders,82,11/11/1992,44,C,71,"5'11""",180,33,Right,2 Way Forward,2011,4,96,84,84,84,85,85,81,81,86,87,84,87,87,82,88,84,83,82,82,87,84,84,88,86,65,83
0414,Adam,Boqvist,Adam Boqvist,Cleveland Demons,4,"$2,000,000",4,12,16,8,18,26,12,14,26,2,21,23,26,65,91,NHL,New York Islanders,81,08/15/2000,34,RD,72,"6'0""",195,26,Right,Offensive Defenseman,2018,1,8,85,82,84,84,83,87,87,83,88,84,88,83,55,79,84,82,82,81,81,82,79,81,79,60,84
0415,Anthony,Duclair,Anthony Duclair,Cleveland Demons,1,"$2,000,000",26,30,56,22,29,51,14,26,40,23,33,56,85,118,203,NHL,New York Islanders,81,08/26/1995,11,LW/RW,72,"6'0""",198,31,Left,Sniper,2013,3,80,84,83,84,84,84,86,80,82,89,83,89,82,62,78,82,86,86,83,85,86,81,83,80,68,85
0416,Casey,Cizikas,Casey Cizikas,Seattle Dragons,1,"$2,000,000",5,4,9,10,23,33,16,13,29,10,14,24,41,54,95,NHL,New York Islanders,81,02/27/1991,53,C,71,"5'11""",191,35,Left,2 Way Forward,2009,4,92,82,82,82,84,81,80,80,82,86,83,86,87,78,88,87,82,82,86,83,83,87,90,82,70,85
0417,Calum,Ritchie,Calum Ritchie,San Antonio Bandits,1,"$1,500,000",0,0,0,0,0,0,0,0,0,1,10,11,1,10,11,NHL,New York Islanders,80,01/21/2005,64,C,74,"6'2""",200,21,Right,Power Forward,2023,1,27,83,82,82,83,89,85,80,84,87,84,86,82,69,81,83,85,82,83,78,88,85,84,78,73,86
0418,Pierre,Engvall,Pierre Engvall,Chicago Rockets,1,"$1,500,000",2,5,7,16,17,33,9,22,31,1,15,16,28,59,87,NHL,New York Islanders,80,05/31/1996,18,LW/RW,77,"6'5""",215,30,Left,Power Forward,2014,7,188,84,82,82,85,81,83,81,82,87,85,87,82,66,79,80,87,83,84,79,87,82,83,80,75,87
0419,Maxim,Shabanov,Maxim Shabanov,Richmond Robbers,4,"$1,500,000",0,0,0,0,0,0,0,0,0,0,0,0,0,0,0,NHL,New York Islanders,80,10/07/2000,49,RW,69,"5'9""",167,25,Left,Playmaker,N/A,N/A,N/A,83,82,87,86,85,86,80,81,86,83,86,75,70,72,80,88,88,75,85,88,80,70,80,65,76
0420,Ondrej,Palat,Ondrej Palat,Las Vegas Vipers,4,"$1,250,000",22,26,48,13,43,56,25,25,50,13,18,31,73,112,185,NHL,New York Islanders,79,03/28/1991,81,LW/RW,72,"6'0""",194,35,Left,2 Way Forward,2011,7,208,84,83,84,85,85,81,80,87,88,85,87,82,63,86,83,83,84,84,80,82,83,87,82,65,85
0421,Kyle,MacLean,Kyle MacLean,UFA,,,0,0,0,0,0,0,0,0,0,0,0,0,0,0,0,NHL,New York Islanders,77,04/29/1999,32,LW,73,"6'1""",190,27,Left,2 Way Forward,N/A,N/A,N/A,81,80,80,80,82,80,79,81,85,82,85,83,77,80,83,81,80,81,80,81,87,90,80,75,85
0422,Marc,Gatcomb,Marc Gatcomb,UFA,,,0,0,0,0,0,0,0,0,0,0,0,0,0,0,0,NHL,New York Islanders,75,07/22/1999,16,RW,78,"6'6""",200,27,Right,2 Way Forward,N/A,N/A,N/A,76,75,75,75,85,85,75,74,85,74,84,82,60,72,80,82,83,85,80,82,80,80,85,76,84
0423,Adam,Fox,Adam Fox,Richmond Robbers,7,"$11,000,000",5,17,22,10,71,81,7,49,56,13,29,42,35,166,201,NHL,New York Rangers,91,02/17/1998,23,RD,71,"5'11""",185,28,Right,Offensive Defenseman,2016,3,66,93,91,93,93,83,94,91,86,89,92,88,90,55,82,85,84,91,92,90,85,79,81,88,70,85
0424,Vincent,Trocheck,Vincent Trocheck,Charleston Tsunami,2,"$8,000,000",15,22,37,22,29,51,22,39,61,36,51,87,95,141,236,NHL,New York Rangers,88,07/11/1993,16,C,71,"5'11""",187,33,Right,2 Way Forward,2011,3,64,89,88,89,90,82,90,87,90,87,88,87,91,85,87,87,86,89,83,86,90,86,89,91,65,85
0425,J.T.,Miller,J.T. Miller,Lincoln Lumberjacks,6,"$7,000,000",22,33,55,28,54,82,35,54,89,52,30,82,137,171,308,NHL,New York Rangers,87,03/14/1993,8,C/LW,72,"6'0""",211,33,Left,Power Forward,2011,1,15,89,89,90,89,81,88,89,88,92,84,92,86,84,85,84,86,86,89,89,86,86,88,87,75,92
0426,Mika,Zibanejad,Mika Zibanejad,Memphis Cannons,1,"$7,000,000",23,24,47,29,40,69,30,37,67,29,45,74,111,146,257,NHL,New York Rangers,87,04/18/1993,93,C,74,"6'2""",208,33,Right,Sniper,2011,1,6,88,86,90,88,86,89,86,89,90,89,91,88,80,82,89,86,86,82,90,86,80,82,90,75,88
0427,Braden,Schneider,Braden Schneider,Raleigh Wildcats,3,"$6,000,000",0,0,0,4,8,12,3,10,13,7,9,16,14,27,41,NHL,New York Rangers,86,09/20/2001,4,RD,75,"6'3""",206,24,Right,Defensive Defenseman,2020,1,19,84,82,84,85,86,85,83,83,87,87,87,91,55,85,84,86,84,84,79,87,86,90,83,80,90
0428,Vladislav,Gavrikov,Vladislav Gavrikov,Iowa Rebels,2,"$5,000,000",2,2,4,9,16,25,3,20,23,5,25,30,19,63,82,NHL,New York Rangers,85,11/21/1995,44,LD,75,"6'3""",210,30,Left,Defensive Defenseman,2015,6,159,81,81,82,83,84,84,83,88,88,86,88,92,55,84,89,85,83,82,84,84,79,82,89,80,89
0429,Will,Cuylle,Will Cuylle,St. Louis Leopards,1,"$4,000,000",0,0,0,13,4,17,11,19,30,28,46,74,52,69,121,NHL,New York Rangers,84,02/05/2002,50,LW,75,"6'3""",212,24,Left,Power Forward,2020,2,60,82,82,84,85,81,85,82,86,88,88,88,84,65,83,80,86,84,85,81,86,84,94,83,80,90
0430,Alexis,Lafrenière,Alexis Lafrenière,Cleveland Demons,1,"$4,000,000",13,26,39,24,41,65,24,35,59,25,51,76,86,153,239,NHL,New York Rangers,84,10/11/2001,13,LW/RW,74,"6'2""",191,24,Left,Playmaker,2020,1,1,89,86,88,89,83,86,84,85,88,88,87,80,66,80,80,89,86,85,79,87,82,85,87,70,85
0431,Will,Borgen,Will Borgen,Montana Miners,4,"$2,500,000",0,0,0,2,3,5,3,14,17,3,8,11,8,25,33,NHL,New York Rangers,82,12/19/1996,17,RD,75,"6'3""",199,29,Right,Defensive Defenseman,2015,4,92,82,80,82,83,82,83,82,83,87,86,87,85,55,83,82,82,81,85,83,84,88,90,84,75,88
0432,Taylor,Raddysh,Taylor Raddysh,Columbus Cougars,2,"$2,000,000",0,0,0,22,19,41,15,10,25,14,26,40,51,55,106,NHL,New York Rangers,81,02/18/1998,14,RW,74,"6'2""",201,28,Right,Power Forward,2016,2,58,84,83,84,84,83,84,80,83,89,84,88,84,65,80,80,86,82,84,85,86,84,85,82,75,87
0433,Noah,Laba,Noah Laba,Nevada Archers,4,"$1,500,000",0,0,0,0,0,0,0,0,0,0,0,0,0,0,0,NHL,New York Rangers,80,08/04/2003,46,C,75,"6'3""",214,23,Right,Power Forward,2021,4,111,83,82,82,82,80,85,80,79,87,80,86,84,74,78,83,85,84,86,80,91,80,80,85,72,86
0434,Jonny,Brodzinski,Jonny Brodzinski,Oklahoma Twisters,1,"$1,500,000",0,0,0,0,0,0,13,6,19,8,25,33,21,31,52,NHL,New York Rangers,80,06/19/1993,22,C,72,"6'0""",206,33,Right,Power Forward,2013,5,148,82,81,82,83,84,83,80,84,87,85,86,86,72,80,86,82,81,83,80,89,81,83,79,75,88
0435,Juuso,Pärssinen,Juuso Pärssinen,Montana Miners,1,"$1,250,000",0,0,0,0,0,0,6,18,24,8,18,26,14,36,50,NHL,New York Rangers,79,02/01/2001,71,C,75,"6'3""",207,25,Left,2 Way Forward,2019,7,210,82,81,82,83,83,83,80,83,87,82,87,84,71,81,80,81,81,86,80,81,83,82,79,66,87
0436,Gabe,Perreault,Gabe Perreault,Brooklyn Bulldogs,3,"$1,250,000",0,0,0,0,0,0,0,0,0,10,13,23,10,13,23,NHL,New York Rangers,79,05/07/2005,94,RW,71,"5'11""",180,21,Left,Sniper,2023,1,23,79,78,81,79,89,87,84,84,87,84,87,82,59,78,79,84,78,80,78,85,80,83,78,65,78
0437,Tye,Kartye,Tye Kartye,North Dakota Bison,3,"$1,000,000",0,0,0,0,0,0,13,28,41,13,10,23,26,38,64,NHL,New York Rangers,78,04/30/2001,24,LW,71,"5'11""",202,25,Left,2 Way Forward,N/A,N/A,N/A,81,80,81,82,80,82,80,82,87,84,87,83,65,84,80,81,81,86,79,81,89,90,79,70,86
0438,Adam,Edström,Adam Edström,Houston Hammerheads,3,"$1,000,000",0,0,0,0,0,0,0,0,0,0,0,0,0,0,0,NHL,New York Rangers,78,10/12/2000,84,C,79,"6'7""",232,25,Left,Grinder,2019,6,161,80,79,80,81,84,75,78,80,87,82,87,81,61,81,83,86,80,83,83,91,82,82,78,70,89
0439,Urho,Vaakanainen,Urho Vaakanainen,Raleigh Wildcats,1,"$1,000,000",0,5,5,6,18,24,2,11,13,3,13,16,11,47,58,NHL,New York Rangers,78,01/01/1999,18,LD/RD,74,"6'2""",202,27,Left,Defensive Defenseman,2017,1,18,81,79,81,81,82,82,81,81,87,82,87,85,55,80,82,81,80,82,78,81,79,81,80,80,87
0440,Matthew,Rempe,Matthew Rempe,Iowa Rebels,3,"$1,000,000",0,0,0,0,0,0,0,0,0,0,11,11,0,11,11,NHL,New York Rangers,78,06/29/2002,73,C,81,"6'9""",261,24,Right,Grinder,2020,6,165,80,79,80,82,80,78,79,79,88,81,88,80,65,81,79,82,80,85,78,85,82,82,78,90,90
0441,Vinny,Iorio,Vinny Iorio,UFA,,,0,0,0,3,3,6,0,0,0,0,0,0,3,3,6,NHL,New York Rangers,75,11/14/2002,6,RD/LD,76,"6'4""",220,23,Right,2 Way Defender,2021,2,55,76,71,75,74,80,77,70,71,87,72,86,81,55,85,85,83,82,85,82,83,80,80,85,76,85
0442,Matthew,Robertson,Matthew Robertson,UFA,,,0,0,0,0,0,0,0,0,0,0,0,0,0,0,0,NHL,New York Rangers,75,03/09/2001,29,LD,76,"6'4""",210,25,Left,Defensive Defenseman,2019,2,49,78,77,77,76,75,74,80,72,87,75,86,78,60,85,86,82,82,87,70,82,87,85,85,80,87
0443,Conor,Sheary,Conor Sheary,UFA,,,13,12,25,14,22,36,9,20,29,0,0,0,36,54,90,NHL,New York Rangers,75,06/08/1992,43,LW,68,"5'8""",180,34,Left,Sniper,N/A,N/A,N/A,84,82,83,83,85,72,75,81,87,82,87,75,65,77,80,85,85,82,85,85,80,78,85,65,83
0444,Drew,Fortescue,Drew Fortescue,UFA,,,0,0,0,0,0,0,0,0,0,0,0,0,0,0,0,NHL,New York Rangers,74,04/28/2005,45,LD,74,"6'2""",195,21,Left,Defensive Defenseman,2023,3,90,68,70,72,72,75,69,75,67,86,68,86,84,50,81,82,82,81,83,80,82,80,79,85,74,84
0445,Jaroslav,Chmelar,Jaroslav Chmelar,UFA,,,0,0,0,0,0,0,0,0,0,0,0,0,0,0,0,NHL,New York Rangers,74,07/20/2003,49,RW,76,"6'4""",226,23,Right,Power Forward,2021,5,144,79,75,74,74,81,76,80,77,84,79,85,76,61,75,75,84,83,82,80,84,84,81,82,75,86
0446,Tim,Stützle,Tim Stützle,San Antonio Bandits,1,"$10,000,000",14,33,47,21,52,73,21,49,70,35,62,97,91,196,287,NHL,Ottawa Senators,90,01/15/2002,18,C/LW,72,"6'0""",187,24,Left,Playmaker,2020,1,3,94,88,91,92,82,91,87,88,88,89,88,85,73,80,81,94,90,92,83,95,83,86,90,65,85
0447,Brady,Tkachuk,Brady Tkachuk,Detroit Motors,4,"$9,000,000",7,8,15,22,38,60,24,36,60,34,26,60,87,108,195,NHL,Ottawa Senators,89,09/16/1999,7,LW,76,"6'4""",226,26,Left,Power Forward,2018,1,4,88,86,89,87,80,92,88,87,89,93,89,84,74,80,79,87,87,91,89,86,88,93,87,87,91
0448,Jake,Sanderson,Jake Sanderson,Cleveland Demons,7,"$9,000,000",0,0,0,5,23,28,5,16,21,7,46,53,17,85,102,NHL,Ottawa Senators,89,07/08/2002,85,LD,74,"6'2""",202,24,Left,2 Way Defender,2020,1,5,92,89,88,88,89,88,87,87,89,90,88,90,55,85,89,91,89,93,90,92,79,81,90,70,88
0449,Drake,Batherson,Drake Batherson,Detroit Motors,5,"$7,000,000",17,24,41,20,40,60,26,35,61,27,19,46,90,118,208,NHL,Ottawa Senators,87,04/27/1998,19,RW,75,"6'3""",209,28,Right,2 Way Forward,2017,4,121,90,87,92,90,83,92,86,92,89,89,88,86,65,80,82,88,88,90,87,88,83,87,89,70,88
0450,Thomas,Chabot,Thomas Chabot,Memphis Cannons,5,"$7,000,000",6,17,23,9,38,47,12,24,36,6,24,30,33,103,136,NHL,Ottawa Senators,87,01/30/1997,72,LD,73,"6'1""",200,29,Left,2 Way Defender,2015,1,18,92,88,90,92,84,92,88,91,91,91,90,87,55,85,82,92,89,90,82,91,80,82,87,70,87
0451,Claude,Giroux,Claude Giroux,Philadelphia Destroyers,3,"$6,000,000",18,17,35,29,40,69,19,19,38,27,27,54,93,103,196,NHL,Ottawa Senators,86,01/12/1988,28,C/RW,71,"5'11""",186,38,Right,Playmaker,2006,1,22,87,84,91,87,85,90,87,88,87,87,86,86,82,82,83,85,83,83,90,84,81,83,89,70,84
0452,Artem,Zub,Artem Zub,Florida Sunshine,5,"$6,000,000",2,21,23,9,24,33,6,21,27,12,36,48,29,102,131,NHL,Ottawa Senators,86,10/03/1995,2,RD,75,"6'3""",201,30,Right,2 Way Defender,N/A,N/A,N/A,81,82,84,83,80,85,85,83,89,84,89,89,55,85,89,81,80,85,85,81,84,86,82,80,87
0453,Dylan,Cozens,Dylan Cozens,Lincoln Lumberjacks,1,"$5,000,000",28,17,45,23,42,65,21,24,45,19,44,63,91,127,218,NHL,Ottawa Senators,85,02/09/2001,24,C/LW,75,"6'3""",205,25,Right,2 Way Forward,2019,1,7,89,85,88,88,81,88,84,89,88,90,88,85,81,83,85,90,88,85,87,89,86,88,87,70,86
0454,Shane,Pinto,Shane Pinto,Oklahoma Twisters,1,"$4,000,000",4,9,13,14,17,31,19,24,43,12,18,30,49,68,117,NHL,Ottawa Senators,84,11/12/2000,12,C,75,"6'3""",206,25,Right,2 Way Forward,2019,2,32,87,86,85,88,83,86,85,86,88,87,88,86,79,87,88,87,86,85,85,86,82,84,83,77,88
0455,Jordan,Spence,Jordan Spence,South Dakota Spartans,4,"$3,250,000",0,0,0,0,0,0,10,22,32,7,15,22,17,37,54,NHL,Ottawa Senators,83,02/24/2001,10,RD,71,"5'11""",188,25,Right,Offensive Defenseman,2019,4,95,85,83,86,85,86,87,86,87,86,82,86,86,55,80,83,85,83,85,79,85,84,85,81,65,84
0456,Ridly,Greig,Ridly Greig,Fort Worth Defenders,3,"$3,250,000",0,0,0,0,0,0,18,28,46,12,20,32,30,48,78,NHL,Ottawa Senators,83,08/08/2002,71,C/LW,72,"6'0""",184,24,Left,2 Way Forward,2020,1,28,84,83,85,85,80,88,85,84,86,86,87,85,73,84,85,84,84,85,83,84,85,88,84,70,86
0457,Nick,Jensen,Nick Jensen,Lincoln Lumberjacks,3,"$3,250,000",0,0,0,4,16,20,2,11,13,7,13,20,13,40,53,NHL,Ottawa Senators,83,09/21/1990,3,RD,72,"6'0""",202,35,Right,Defensive Defenseman,2009,5,150,84,84,84,85,89,85,84,83,88,84,87,89,55,81,84,85,84,88,82,85,80,82,84,70,88
0458,Fabian,Zetterlund,Fabian Zetterlund,Montana Miners,3,"$2,500,000",0,0,0,11,16,27,18,37,55,22,31,53,51,84,135,NHL,Ottawa Senators,82,08/25/1999,20,RW,71,"5'11""",208,27,Right,2 Way Forward,2017,3,63,83,82,83,84,84,86,82,88,87,88,86,84,66,85,83,85,85,83,85,86,84,87,86,67,89
0459,Mike,Amadio,Mike Amadio,Long Island Blizzard,3,"$2,500,000",0,0,0,16,12,28,11,23,34,10,17,27,37,52,89,NHL,Ottawa Senators,82,05/13/1996,22,RW/C,73,"6'1""",206,30,Right,2 Way Forward,2014,3,90,84,83,83,85,83,85,80,83,87,85,87,86,67,83,84,83,85,87,80,83,83,85,81,75,87
0460,Warren,Foegele,Warren Foegele,Tennessee Wolverines,2,"$2,500,000",5,13,18,17,28,45,21,27,48,21,32,53,64,100,164,NHL,Ottawa Senators,82,04/01/1996,37,LW/RW,74,"6'2""",204,30,Left,Power Forward,2014,3,67,83,83,82,83,82,84,80,85,87,86,87,86,66,82,84,88,87,87,83,88,82,84,85,80,87
0461,Lars,Eller,Lars Eller,Charleston Tsunami,3,"$2,000,000",8,25,33,10,28,38,8,26,34,18,16,34,44,95,139,NHL,Ottawa Senators,81,05/08/1989,89,C,74,"6'2""",207,37,Left,2 Way Forward,2007,1,13,86,84,84,86,80,81,80,82,87,85,87,86,79,83,85,84,84,87,81,84,83,84,83,70,87
0462,Tyler,Kleven,Tyler Kleven,Fort Worth Defenders,5,"$2,000,000",0,0,0,0,0,0,0,0,0,0,0,0,0,0,0,NHL,Ottawa Senators,81,01/10/2002,40,LD,77,"6'5""",225,24,Left,Defensive Defenseman,2020,2,44,83,82,81,85,82,80,79,81,87,79,86,87,55,83,84,83,80,86,79,84,82,86,79,75,85
0463,Nick,Cousins,Nick Cousins,Brooklyn Bulldogs,1,"$1,250,000",2,4,6,14,43,57,11,9,20,13,6,19,40,62,102,NHL,Ottawa Senators,79,07/20/1993,21,C/LW,71,"5'11""",191,33,Left,2 Way Forward,2011,3,68,83,82,82,85,79,83,80,82,86,84,86,83,64,81,80,83,82,86,80,82,85,89,79,65,84
0464,Nikolas,Matinpalo,Nikolas Matinpalo,Denver Mountain Lions,2,"$950,000",0,0,0,0,0,0,0,0,0,0,0,0,0,0,0,NHL,Ottawa Senators,77,10/05/1998,33,RD/LD,75,"6'3""",213,27,Right,Defensive Defenseman,N/A,N/A,N/A,80,78,80,81,81,80,83,82,86,83,85,82,55,79,83,82,79,80,81,89,81,84,79,70,86
0465,Kurtis,MacDermid,Kurtis MacDermid,UFA,,,0,0,0,4,3,7,0,0,0,0,0,0,4,3,7,NHL,Ottawa Senators,77,03/25/1994,23,LW,77,"6'5""",233,32,Left,Grinder,N/A,N/A,N/A,79,78,79,79,80,75,77,79,87,80,87,75,60,81,77,79,78,80,79,79,85,92,78,85,90
0466,Lassi,Thomson,Lassi Thomson,UFA,,,0,0,0,5,14,19,0,0,0,0,0,0,5,14,19,NHL,Ottawa Senators,74,09/24/2000,60,RD,72,"6'0""",190,25,Right,2 Way Defender,2019,1,19,84,80,80,79,77,83,82,81,87,84,88,77,55,71,77,89,89,78,84,90,88,87,87,68,78
0467,Cameron,Crotty,Cameron Crotty,UFA,,,0,0,0,0,0,0,0,0,0,0,0,0,0,0,0,NHL,Ottawa Senators,74,05/05/1999,5,RD,75,"6'3""",182,27,Right,Defensive Defenseman,2017,3,82,74,71,70,72,75,65,75,67,87,71,87,77,55,85,85,83,83,87,83,84,85,85,85,75,88
0468,Travis,Konecny,Travis Konecny,Atlanta Cobalts,6,"$8,000,000",14,17,31,14,42,56,16,50,66,32,39,71,76,148,224,NHL,Philadelphia Flyers,88,03/11/1997,11,RW/LW,70,"5'10""",192,29,Right,2 Way Forward,2015,1,24,91,87,93,91,82,93,88,89,88,90,88,87,67,84,82,90,88,86,87,89,81,84,90,65,87
0469,Travis,Sanheim,Travis Sanheim,Florida Sunshine,4,"$7,000,000",3,23,26,6,22,28,6,32,38,6,27,33,21,104,125,NHL,Philadelphia Flyers,87,03/29/1996,6,LD,76,"6'4""",222,30,Left,2 Way Defender,2014,1,17,86,84,85,85,83,84,88,87,92,84,89,89,55,86,89,90,91,86,88,90,80,83,90,75,88
0470,Trevor,Zegras,Trevor Zegras,Arizona Heat,2,"$6,000,000",20,20,40,29,39,68,27,23,50,16,34,50,92,116,208,NHL,Philadelphia Flyers,86,03/20/2001,46,C/LW,72,"6'0""",185,25,Left,Playmaker,2019,1,9,92,87,90,88,81,91,85,85,87,86,87,85,70,80,84,88,84,82,79,85,81,83,81,65,83
0471,Matvei,Michkov,Matvei Michkov,Florida Sunshine,3,"$6,000,000",0,0,0,0,0,0,0,0,0,28,21,49,28,21,49,NHL,Philadelphia Flyers,86,12/09/2004,39,RW,70,"5'10""",172,21,Left,Playmaker,2023,1,7,90,85,91,88,81,89,87,90,87,92,88,80,66,80,79,88,86,83,82,86,80,82,86,65,86
0472,Sean,Couturier,Sean Couturier,Las Vegas Vipers,4,"$4,000,000",27,21,48,25,52,77,21,27,48,16,27,43,89,127,216,NHL,Philadelphia Flyers,84,12/07/1992,14,C,76,"6'4""",210,33,Left,2 Way Forward,2011,1,8,85,84,86,85,82,87,86,85,88,86,88,88,84,80,86,84,83,84,84,83,84,83,86,70,89
0473,Owen,Tippett,Owen Tippett,Montana Miners,4,"$4,000,000",10,6,16,22,18,40,18,28,46,21,48,69,71,100,171,NHL,Philadelphia Flyers,84,02/16/1999,74,RW,73,"6'1""",210,27,Right,Sniper,2017,1,10,84,83,83,85,87,85,85,85,92,88,92,80,65,83,80,94,87,84,85,92,81,85,85,70,87
0474,Cam,York,Cam York,Houston Hammerheads,1,"$4,000,000",1,5,6,7,21,28,9,27,36,4,34,38,21,87,108,NHL,Philadelphia Flyers,84,01/05/2001,8,LD/RD,72,"6'0""",194,25,Left,Offensive Defenseman,2019,1,14,86,85,86,85,82,88,82,83,88,87,88,87,55,87,83,85,85,86,86,86,81,83,84,65,86
0475,Christian,Dvorak,Christian Dvorak,San Antonio Bandits,5,"$3,250,000",15,21,36,17,22,39,19,23,42,12,7,19,63,73,136,NHL,Philadelphia Flyers,83,02/02/1996,22,C,73,"6'1""",190,30,Left,2 Way Forward,2014,2,58,83,82,84,83,86,86,83,82,87,84,87,88,82,86,86,82,81,82,85,83,81,83,83,75,87
0476,Noah,Cates,Noah Cates,Indianapolis Ghosts,5,"$3,250,000",0,0,0,26,20,46,11,10,21,17,8,25,54,38,92,NHL,Philadelphia Flyers,83,02/05/1999,27,LW/C,74,"6'2""",194,27,Left,2 Way Forward,2017,5,137,83,83,83,85,87,84,81,83,87,84,87,89,78,84,89,81,85,89,87,81,84,85,84,75,84
0477,Jamie,Drysdale,Jamie Drysdale,Las Vegas Vipers,5,"$3,250,000",0,10,10,8,28,36,8,30,38,8,18,26,24,86,110,NHL,Philadelphia Flyers,83,04/08/2002,9,RD,71,"5'11""",185,24,Right,Offensive Defenseman,2020,1,6,87,84,85,87,85,88,84,82,89,84,88,85,55,82,83,86,83,85,81,86,79,81,81,65,84
0478,Tyson,Foerster,Tyson Foerster,Chicago Rockets,5,"$2,500,000",4,1,5,12,5,17,13,24,37,14,28,42,43,58,101,NHL,Philadelphia Flyers,82,01/18/2002,71,RW/C,74,"6'2""",215,24,Right,2 Way Forward,2020,1,23,84,83,83,86,81,85,80,87,89,87,92,85,62,83,83,84,85,86,83,84,83,84,85,75,86
0479,Nick,Seeler,Nick Seeler,Oklahoma Twisters,1,"$2,500,000",0,0,0,4,7,11,0,0,0,6,26,32,10,33,43,NHL,Philadelphia Flyers,82,06/03/1993,24,LD/RD,75,"6'3""",197,33,Left,Defensive Defenseman,2011,5,131,80,79,80,81,81,82,81,82,86,85,86,87,55,89,86,81,81,82,80,82,83,87,82,80,87
0480,Emil,Andrae,Emil Andrae,Iowa Rebels,3,"$1,500,000",0,0,0,0,0,0,0,0,0,3,12,15,3,12,15,NHL,Philadelphia Flyers,80,02/23/2002,36,LD/RD,69,"5'9""",189,24,Left,Offensive Defenseman,2020,2,54,86,83,84,87,81,84,84,82,87,83,86,83,55,82,82,82,82,88,78,82,80,83,79,70,85
0481,Rasmus,Ristolainen,Rasmus Ristolainen,Atlanta Cobalts,4,"$1,500,000",5,20,25,5,19,24,5,16,21,3,8,11,18,63,81,NHL,Philadelphia Flyers,80,10/27/1994,55,RD,76,"6'4""",208,31,Right,2 Way Defender,2013,1,8,85,83,82,84,85,80,82,83,88,82,88,83,55,83,84,84,83,88,81,84,83,86,81,80,88
0482,Garnet,Hathaway,Garnet Hathaway,San Antonio Bandits,3,"$1,250,000",8,10,18,22,26,48,13,22,35,17,26,43,60,84,144,NHL,Philadelphia Flyers,79,11/23/1991,19,RW/LW,74,"6'2""",212,34,Right,Grinder,N/A,N/A,N/A,79,79,79,80,80,80,79,82,87,82,87,78,65,87,78,83,80,81,83,87,86,92,80,85,86
0483,Luke,Glendening,Luke Glendening,Cincinnati Thunderbolts,3,"$1,250,000",0,0,0,4,17,21,2,7,9,10,6,16,16,30,46,NHL,Philadelphia Flyers,79,04/28/1989,41,C/RW,71,"5'11""",190,37,Right,Grinder,N/A,N/A,N/A,79,79,79,80,84,78,80,80,86,80,85,82,89,87,87,86,84,85,85,88,85,85,80,75,85
0484,Rodrigo,Abols,Rodrigo Abols,Denver Mountain Lions,4,"$1,250,000",0,0,0,0,0,0,0,0,0,0,0,0,0,0,0,NHL,Philadelphia Flyers,79,01/05/1996,18,C,76,"6'4""",206,30,Left,Power Forward,2016,7,184,83,81,80,81,83,84,80,80,85,81,86,86,78,82,86,83,84,84,81,82,82,83,80,75,85
0485,Porter,Martone,Porter Martone,Memphis Cannons,3,"$1,250,000",0,0,0,0,0,0,0,0,0,0,0,0,0,0,0,NHL,Philadelphia Flyers,79,10/26/2006,94,RW,75,"6'3""",214,19,Right,Power Forward,2025,1,6,84,85,85,85,75,86,75,80,87,82,87,79,68,71,82,84,82,83,75,84,80,78,85,75,85
0486,Denver,Barkey,Denver Barkey,Nevada Archers,5,"$1,000,000",0,0,0,0,0,0,0,0,0,0,0,0,0,0,0,NHL,Philadelphia Flyers,78,04/27/2005,52,C,69,"5'9""",154,21,Left,Playmaker,2023,3,95,84,82,83,82,74,86,80,79,85,79,86,78,65,74,76,87,85,79,77,88,75,75,82,65,81
0487,Carl,Grundström,Carl Grundström,Montana Miners,2,"$1,000,000",8,6,14,14,17,31,10,8,18,5,10,15,37,41,78,NHL,Philadelphia Flyers,77,12/01/1997,9,RW/LW,72,"6'0""",200,28,Left,2 Way Forward,2016,2,57,80,80,80,80,80,80,75,83,87,85,87,82,63,83,78,82,80,82,79,83,89,93,79,70,85
0488,Nikita,Grebenkin,Nikita Grebenkin,North Dakota Bison,3,"$3,500,000",0,0,0,0,0,0,0,0,0,0,0,0,0,0,0,NHL,Philadelphia Flyers,77,05/02/2003,29,LW/RW,74,"6'2""",210,23,Left,Playmaker,2022,5,135,84,83,83,82,84,83,80,78,86,79,84,80,62,75,79,84,85,80,78,84,81,79,80,50,84
0489,Alex,Bump,Alex Bump,New Orleans Whalers,4,"$900,000",0,0,0,0,0,0,0,0,0,0,0,0,0,0,0,NHL,Philadelphia Flyers,77,11/20/2003,20,LW,73,"6'1""",201,22,Left,2 Way Forward,2022,5,133,83,82,82,82,85,86,80,81,87,83,86,79,74,72,78,84,85,84,80,85,75,78,85,70,84
0490,Noah,Juulsen,Noah Juulsen,UFA,,,1,5,6,7,18,25,0,0,0,0,0,0,8,23,31,NHL,Philadelphia Flyers,77,04/02/1997,47,RD,74,"6'2""",201,29,Right,Defensive Defenseman,2015,1,26,79,78,78,79,81,76,79,78,86,78,86,80,55,86,82,80,79,82,82,80,86,90,79,70,85
0491,Oliver,Bonk,Oliver Bonk,Las Vegas Vipers,3,"$1,500,000",0,0,0,0,0,0,0,0,0,0,0,0,0,0,0,NHL,Philadelphia Flyers,75,01/09/2005,59,RD,74,"6'2""",198,21,Right,2 Way Defender,2023,1,22,78,78,78,78,74,80,77,79,86,80,85,81,55,77,78,86,85,82,85,86,77,75,85,74,84
0492,Sidney,Crosby,Sidney Crosby,Denver Mountain Lions,3,"$15,000,000",25,29,54,21,42,63,37,49,86,39,36,75,122,156,278,NHL,Pittsburgh Penguins,95,08/07/1987,87,C,71,"5'11""",200,39,Left,Playmaker,2005,1,1,93,96,96,96,84,97,95,92,92,89,92,93,86,83,89,87,89,93,91,90,84,84,90,75,92
0493,Evgeni,Malkin,Evgeni Malkin,Memphis Cannons,4,"$9,000,000",19,23,42,31,55,86,25,48,73,33,43,76,108,169,277,NHL,Pittsburgh Penguins,89,07/31/1986,71,C,77,"6'5""",213,40,Left,Playmaker,2004,1,2,92,88,92,92,80,92,88,89,91,86,90,87,75,81,89,85,87,85,80,85,81,82,85,70,92
0494,Erik,Karlsson,Erik Karlsson,Florida Sunshine,3,"$7,000,000",7,16,23,14,42,56,9,50,59,13,48,61,43,156,199,NHL,Pittsburgh Penguins,87,05/31/1990,65,RD,72,"6'0""",185,36,Right,Offensive Defenseman,2008,1,15,92,89,94,92,86,88,88,89,93,92,90,85,55,80,84,92,90,89,87,92,79,81,90,65,85
0495,Kris,Letang,Kris Letang,Oklahoma Twisters,6,"$6,000,000",3,24,27,11,57,68,18,34,52,8,32,40,40,147,187,NHL,Pittsburgh Penguins,86,04/24/1987,58,RD,72,"6'0""",199,39,Right,2 Way Defender,2005,3,62,89,86,89,87,81,91,89,91,91,90,90,88,55,81,82,89,87,86,87,87,85,87,89,75,85
0496,Samuel,Girard,Samuel Girard,Seattle Dragons,5,"$6,000,000",0,23,23,7,53,60,4,34,38,10,28,38,21,138,159,NHL,Pittsburgh Penguins,86,05/12/1998,49,LD/RD,70,"5'10""",170,28,Left,Offensive Defenseman,2016,2,47,86,83,87,87,88,90,87,83,88,84,87,87,55,82,85,90,85,85,83,90,80,82,85,65,83
0497,Bryan,Rust,Bryan Rust,Oklahoma Twisters,5,"$6,000,000",24,16,40,21,44,65,19,34,53,23,31,54,87,125,212,NHL,Pittsburgh Penguins,86,05/11/1992,17,RW/LW,71,"5'11""",202,34,Right,2 Way Forward,2010,3,80,86,87,89,87,85,90,84,88,87,92,87,87,64,85,84,87,86,85,89,88,82,83,86,70,85
0498,Rickard,Rakell,Rickard Rakell,Long Island Blizzard,4,"$6,000,000",25,22,47,24,41,65,17,37,54,27,36,63,93,136,229,NHL,Pittsburgh Penguins,86,05/05/1993,67,RW/LW,73,"6'1""",194,33,Right,2 Way Forward,2011,1,30,88,88,88,89,87,91,87,90,87,90,87,86,66,84,84,85,88,85,88,85,85,87,88,65,87
0499,Anthony,Mantha,Anthony Mantha,Richmond Robbers,5,"$4,000,000",20,20,40,17,30,47,19,19,38,18,20,38,74,89,163,NHL,Pittsburgh Penguins,84,09/16/1994,39,RW/LW,77,"6'5""",240,31,Left,Sniper,2013,1,20,86,86,86,87,81,89,85,84,92,85,91,86,65,82,85,85,81,82,79,84,82,85,79,70,90
0500,Justin,Brazeau,Justin Brazeau,Puerto Rico Toros,3,"$3,250,000",0,0,0,0,0,0,0,0,0,15,20,35,15,20,35,NHL,Pittsburgh Penguins,83,02/02/1998,16,RW,78,"6'6""",232,28,Right,Power Forward,N/A,N/A,N/A,82,81,83,82,86,85,85,83,87,84,87,84,64,81,82,82,82,88,79,82,87,89,80,80,90
0501,Thomas,Novak,Thomas Novak,Memphis Cannons,4,"$2,500,000",0,0,0,0,0,0,15,30,45,8,26,34,23,56,79,NHL,Pittsburgh Penguins,82,04/28/1997,18,C,73,"6'1""",190,29,Left,2 Way Forward,2015,3,85,89,86,87,88,86,84,86,86,88,87,87,84,72,80,86,88,86,84,79,87,80,80,80,70,87
0502,Egor,Chinakhov,Egor Chinakhov,Charleston Tsunami,4,"$2,500,000",0,0,0,22,20,42,18,30,48,17,21,38,57,71,128,NHL,Pittsburgh Penguins,82,02/01/2001,59,RW/LW,73,"6'1""",203,25,Left,Sniper,2020,1,21,84,82,84,84,86,86,84,86,92,85,92,83,60,79,83,87,81,83,84,88,81,84,79,65,86
0503,Benjamin,Kindel,Benjamin Kindel,St. Louis Leopards,3,"$2,500,000",0,0,0,0,0,0,0,0,0,0,0,0,0,0,0,NHL,Pittsburgh Penguins,82,04/19/2007,81,C,71,"5'11""",182,19,Right,Playmaker,2025,1,11,88,86,86,86,72,87,80,80,86,84,87,83,68,76,81,88,88,80,79,89,80,75,83,65,82
0504,Parker,Wotherspoon,Parker Wotherspoon,Iowa Rebels,4,"$2,500,000",0,0,0,0,0,0,0,0,0,0,0,0,0,0,0,NHL,Pittsburgh Penguins,82,08/24/1997,29,LD,73,"6'1""",190,29,Left,2 Way Defender,2015,4,112,84,82,83,84,84,83,82,82,87,82,85,87,55,85,85,80,79,84,79,81,83,86,80,75,85
0505,Connor,Clifton,Connor Clifton,Las Vegas Vipers,1,"$2,000,000",0,0,0,6,12,18,3,11,14,7,18,25,16,41,57,NHL,Pittsburgh Penguins,81,04/28/1995,75,RD,72,"6'0""",196,31,Right,2 Way Defender,2013,5,133,83,81,82,84,80,81,82,82,89,82,88,85,55,86,82,85,83,86,80,84,89,93,82,70,85
0506,Kevin,Hayes,Kevin Hayes,Atlanta Cobalts,3,"$2,000,000",16,14,30,24,41,65,11,31,42,20,24,44,71,110,181,NHL,Pittsburgh Penguins,81,05/08/1992,13,C,75,"6'3""",217,34,Left,Power Forward,2010,1,24,85,82,83,84,86,81,80,81,89,84,89,81,77,80,83,87,84,88,80,84,81,84,81,80,88
0507,Noel,Acciari,Noel Acciari,Denver Mountain Lions,2,"$1,500,000",0,0,0,10,18,28,14,14,28,0,9,9,24,41,65,NHL,Pittsburgh Penguins,80,12/01/1991,55,C/RW,71,"5'11""",204,34,Right,Grinder,N/A,N/A,N/A,80,80,80,82,85,78,75,80,87,81,87,82,78,89,84,81,81,82,84,81,85,91,82,67,87
0508,Blake,Lizotte,Blake Lizotte,Detroit Motors,1,"$1,500,000",0,0,0,18,26,44,17,11,28,10,14,24,45,51,96,NHL,Pittsburgh Penguins,80,12/13/1997,46,C,69,"5'9""",176,28,Left,Playmaker,N/A,N/A,N/A,84,83,81,85,80,83,79,83,86,84,86,88,74,83,85,84,83,87,80,84,84,86,80,70,83
0509,Ryan,Shea,Ryan Shea,Puerto Rico Toros,7,"$1,500,000",0,0,0,0,0,0,0,0,0,0,0,0,0,0,0,NHL,Pittsburgh Penguins,80,02/11/1997,5,LD,73,"6'1""",200,29,Left,2 Way Defender,2015,4,121,82,82,83,84,82,82,80,80,87,81,87,84,55,81,84,80,80,83,78,80,80,82,79,75,85
0510,Connor,Dewar,Connor Dewar,Arizona Heat,3,"$1,500,000",0,0,0,8,21,29,4,13,17,9,10,19,21,44,65,NHL,Pittsburgh Penguins,80,06/26/1999,19,C/LW,70,"5'10""",187,27,Left,2 Way Forward,2018,3,92,81,80,80,83,83,82,80,81,86,83,87,85,69,85,87,82,81,86,79,88,86,90,79,65,83
0511,Elmer,Söderblom,Elmer Söderblom,Lincoln Lumberjacks,2,"$1,250,000",0,0,0,9,14,23,9,16,25,7,12,19,25,42,67,NHL,Pittsburgh Penguins,79,07/05/2001,25,C,80,"6'8""",252,25,Left,2 Way Forward,2019,6,159,84,82,82,84,84,83,79,81,88,82,88,82,65,80,83,83,84,87,81,82,80,80,78,65,91
0512,Filip,Hållander,Filip Hållander,Memphis Cannons,1,"$900,000",0,0,0,0,0,0,0,0,0,0,0,0,0,0,0,NHL,Pittsburgh Penguins,78,06/29/2000,36,C,73,"6'1""",203,26,Left,2 Way Forward,2018,2,58,85,83,83,81,78,85,80,73,82,80,86,80,62,79,80,89,89,85,87,90,80,79,89,65,84
0513,Caleb,Jones,Caleb Jones,Brooklyn Bulldogs,1,"$1,300,000",0,8,8,9,18,27,3,10,13,0,0,0,12,36,48,NHL,Pittsburgh Penguins,77,06/06/1997,82,LD,73,"6'1""",184,29,Left,2 Way Defender,2015,4,117,80,80,80,83,81,81,80,80,87,80,87,81,55,81,82,80,79,82,80,80,85,88,78,70,85
0514,Ilya,Solovyov,Ilya Solovyov,UFA,,,0,0,0,0,0,0,0,0,0,0,0,0,0,0,0,NHL,Pittsburgh Penguins,76,07/20/2000,7,LD/RD,75,"6'3""",208,26,Left,Defensive Defenseman,2020,7,205,86,74,75,73,75,70,70,65,86,66,87,82,55,82,86,82,80,86,83,82,85,84,85,65,86
0515,Jake,Livanavage,Jake Livanavage,UFA,,,0,0,0,0,0,0,0,0,0,0,0,0,0,0,0,NHL,Pittsburgh Penguins,74,05/06/2004,57,LD,71,"5'11""",190,22,Left,2 Way Defender,N/A,N/A,N/A,80,79,79,79,80,75,75,76,85,78,85,81,50,74,79,83,84,82,85,83,78,78,85,72,83
0516,Macklin,Celebrini,Macklin Celebrini,Chicago Rockets,4,"$13,000,000",0,0,0,0,0,0,0,0,0,6,26,32,6,26,32,NHL,San Jose Sharks,93,06/13/2006,71,C/LW,72,"6'0""",190,20,Left,Playmaker,2024,1,1,95,93,92,91,82,96,90,90,88,95,89,92,78,82,91,93,93,88,84,92,83,80,87,75,88
0517,Will,Smith,Will Smith,New York Steamrollers,1,"$8,000,000",0,0,0,0,0,0,0,0,0,19,13,32,19,13,32,NHL,San Jose Sharks,88,03/17/2005,2,C,72,"6'0""",180,21,Right,Playmaker,2023,1,4,91,89,92,90,82,91,85,89,87,91,85,85,68,79,83,87,90,84,85,87,82,82,83,65,84
0518,Dmitry,Orlov,Dmitry Orlov,Houston Hammerheads,3,"$7,000,000",4,13,17,7,40,47,8,28,36,5,16,21,24,97,121,NHL,San Jose Sharks,87,07/23/1991,9,LD,71,"5'11""",215,35,Left,2 Way Defender,2009,2,55,87,84,89,87,84,88,87,87,88,87,88,88,55,79,87,89,87,86,82,86,84,87,85,65,87
0519,William,Eklund,William Eklund,Cleveland Demons,5,"$6,000,000",4,3,7,12,17,29,13,20,33,21,29,50,50,69,119,NHL,San Jose Sharks,86,10/12/2002,72,LW/C,70,"5'10""",185,23,Left,Playmaker,2021,1,7,88,84,89,88,84,89,84,87,86,88,87,85,66,83,80,87,86,89,85,86,82,83,87,67,83
0520,Tyler,Toffoli,Tyler Toffoli,Oklahoma Twisters,5,"$5,000,000",13,18,31,19,39,58,15,48,63,27,38,65,74,143,217,NHL,San Jose Sharks,85,04/24/1992,73,RW/LW,72,"6'0""",205,34,Right,2 Way Forward,2010,2,47,85,84,87,86,86,92,88,90,89,93,89,85,65,80,83,85,85,84,88,85,80,83,86,65,85
0521,Alexander,Wennberg,Alexander Wennberg,Washington Admirals,6,"$5,000,000",10,12,22,10,50,60,9,37,46,19,15,34,48,114,162,NHL,San Jose Sharks,85,09/22/1994,21,C,74,"6'2""",190,31,Left,2 Way Forward,2013,1,14,90,87,89,92,87,85,85,83,87,84,87,87,79,89,88,85,86,90,87,89,81,82,88,65,85
0522,Kiefer,Sherwood,Kiefer Sherwood,Indianapolis Ghosts,2,"$3,250,000",4,4,8,5,9,14,14,12,26,30,28,58,53,53,106,NHL,San Jose Sharks,83,03/31/1995,44,LW,72,"6'0""",194,31,Right,2 Way Forward,N/A,N/A,N/A,82,82,85,83,81,87,80,86,86,88,86,86,66,81,83,84,82,84,79,88,87,95,82,70,88
0523,Mario,Ferraro,Mario Ferraro,St. Louis Leopards,4,"$3,250,000",2,19,21,12,12,24,4,14,18,10,20,30,28,65,93,NHL,San Jose Sharks,83,09/17/1998,38,LD,71,"5'11""",200,27,Left,2 Way Defender,2017,2,49,82,81,81,84,81,81,82,85,87,84,87,87,55,86,84,86,83,90,85,85,85,88,87,70,85
0524,Collin,Graf,Collin Graf,Lincoln Lumberjacks,3,"$2,500,000",0,0,0,0,0,0,0,0,0,0,0,0,0,0,0,NHL,San Jose Sharks,82,09/21/2002,51,RW/C,73,"6'1""",190,23,Right,2 Way Forward,N/A,N/A,N/A,84,82,84,84,84,86,80,84,86,84,87,86,63,82,87,84,82,84,80,84,85,83,79,50,85
0525,John,Klingberg,John Klingberg,Brooklyn Bulldogs,4,"$2,500,000",7,23,30,5,30,35,10,26,36,0,0,0,22,79,101,NHL,San Jose Sharks,82,08/14/1992,3,RD,74,"6'2""",185,34,Right,Offensive Defenseman,2010,5,131,86,85,86,86,80,86,80,82,88,84,86,86,55,81,86,84,82,85,78,81,80,81,78,65,86
0526,Adam,Gaudette,Adam Gaudette,Raleigh Wildcats,7,"$2,000,000",0,0,0,13,29,42,0,0,0,11,12,23,24,41,65,NHL,San Jose Sharks,81,10/03/1996,81,C,73,"6'1""",190,29,Right,2 Way Forward,2015,5,149,83,81,83,83,85,86,82,86,87,85,87,85,73,80,79,82,82,85,79,82,85,86,80,70,87
0527,Nick,Leddy,Nick Leddy,South Dakota Spartans,3,"$2,000,000",4,11,15,8,26,34,6,23,29,10,36,46,28,96,124,NHL,San Jose Sharks,81,03/20/1991,4,LD,72,"6'0""",205,35,Left,2 Way Defender,2009,1,16,83,80,80,83,88,81,83,79,88,80,88,86,55,80,83,85,81,86,80,85,78,80,81,65,86
0528,Philipp,Kurashev,Philipp Kurashev,Denver Mountain Lions,1,"$2,000,000",0,0,0,12,21,33,16,36,52,8,10,18,36,67,103,NHL,San Jose Sharks,81,10/12/1999,96,C/LW,72,"6'0""",190,26,Left,Playmaker,2018,4,120,84,83,85,86,83,85,80,86,88,84,88,85,71,81,85,84,83,82,80,84,82,83,81,65,85
0529,Igor,Chernyshov,Igor Chernyshov,Richmond Robbers,3,"$1,500,000",0,0,0,0,0,0,0,0,0,0,0,0,0,0,0,NHL,San Jose Sharks,80,11/30/2005,92,LW,74,"6'2""",195,20,Right,Power Forward,2024,2,33,83,85,85,85,72,85,80,78,86,80,86,80,54,77,79,86,84,84,75,86,80,75,85,75,88
0530,Vincent,Desharnais,Vincent Desharnais,Honolulu Hawks,6,"$1,500,000",0,0,0,0,0,0,0,0,0,4,17,21,4,17,21,NHL,San Jose Sharks,80,05/29/1996,5,RD,79,"6'7""",225,30,Right,Defensive Defenseman,N/A,N/A,N/A,80,78,79,80,79,78,78,78,88,79,87,84,55,87,82,80,77,84,79,80,85,89,80,80,90
0531,Barclay,Goodrow,Barclay Goodrow,Raleigh Wildcats,1,"$1,250,000",0,0,0,12,19,31,10,13,23,9,12,21,31,44,75,NHL,San Jose Sharks,79,02/26/1993,23,LW/C,74,"6'2""",210,33,Left,Grinder,N/A,N/A,N/A,80,80,80,80,80,77,78,81,87,81,87,81,71,87,87,81,80,80,84,81,86,89,82,78,88
0532,Ty,Dellandrea,Ty Dellandrea,Houston Hammerheads,1,"$1,000,000",5,5,10,6,14,20,16,17,33,3,21,24,30,57,87,NHL,San Jose Sharks,78,07/21/2000,10,C/RW,74,"6'2""",185,26,Right,2 Way Forward,2018,1,13,80,79,80,81,80,81,79,81,86,82,86,83,73,85,84,81,80,81,81,82,87,90,80,71,85
0533,Shakir,Mukhamadullin,Shakir Mukhamadullin,Iowa Rebels,2,"$1,750,000",0,0,0,0,0,0,0,0,0,0,0,0,0,0,0,NHL,San Jose Sharks,78,01/10/2002,85,LD/RD,76,"6'4""",200,24,Left,2 Way Defender,2020,1,20,81,80,81,82,83,82,80,81,86,81,85,82,55,84,81,82,81,86,83,82,81,83,79,70,87
0534,Sam,Dickinson,Sam Dickinson,Columbus Cougars,5,"$1,000,000",0,0,0,0,0,0,0,0,0,0,0,0,0,0,0,NHL,San Jose Sharks,78,06/07/2006,6,LD/RD,75,"6'3""",200,20,Left,2 Way Defender,2024,1,11,78,79,80,79,85,77,80,74,86,74,85,84,60,80,83,84,85,82,80,84,80,80,85,65,86
0535,Pavol,Regenda,Pavol Regenda,Richmond Robbers,2,"$3,000,000",0,0,0,8,31,39,0,0,0,0,0,0,8,31,39,NHL,San Jose Sharks,78,12/07/1999,84,LW,76,"6'4""",211,26,Left,2 Way Forward,N/A,N/A,N/A,82,80,79,78,79,84,75,79,85,80,85,83,65,82,85,84,86,83,83,85,83,85,88,75,84
0536,Michael,Misa,Michael Misa,Memphis Cannons,3,"$1,000,000",0,0,0,0,0,0,0,0,0,0,0,0,0,0,0,NHL,San Jose Sharks,78,02/16/2007,77,C,73,"6'1""",185,19,Left,Playmaker,2025,1,2,85,83,84,85,85,86,75,79,85,80,86,79,72,70,79,85,85,76,77,86,75,70,85,65,73
0537,Ryan,Reaves,Ryan Reaves,UFA,,,0,0,0,8,5,13,0,0,0,0,0,0,8,5,13,NHL,San Jose Sharks,75,01/20/1987,75,RW,74,"6'2""",225,39,Right,Grinder,2005,5,156,74,74,75,75,75,70,75,74,88,75,87,70,60,77,75,77,76,89,75,78,88,90,78,94,92
0538,Zack,Ostapchuk,Zack Ostapchuk,UFA,,,0,0,0,0,0,0,0,0,0,0,0,0,0,0,0,NHL,San Jose Sharks,75,05/29/2003,63,LW,75,"6'3""",205,23,Left,Power Forward,2021,2,39,78,79,78,76,75,78,70,74,86,74,86,77,60,77,80,82,81,85,80,85,88,81,85,75,85
0539,Logan,Couture,Logan Couture,New York Steamrollers,2,"$900,000",8,22,30,17,55,72,20,46,66,16,38,54,61,161,222,NHL,San Jose Sharks,70,03/28/1989,39,C,73,"6'1""",206,37,Left,Playmaker,2007,1,9,75,75,75,75,87,75,70,75,87,75,87,70,75,80,75,85,85,85,88,85,75,75,75,70,85
0540,Vince,Dunn,Vince Dunn,New Orleans Whalers,3,"$7,000,000",3,12,15,7,31,38,14,30,44,9,39,48,33,112,145,NHL,Seattle Kraken,87,10/29/1996,29,LD/RD,72,"6'0""",200,29,Left,2 Way Defender,2015,2,56,91,87,92,90,83,92,89,91,92,88,91,88,55,81,83,88,87,89,84,87,79,81,84,70,87
0541,Jared,McCann,Jared McCann,Nevada Archers,7,"$7,000,000",15,14,29,19,20,39,36,37,73,32,36,68,102,107,209,NHL,Seattle Kraken,87,05/31/1996,19,C/LW,73,"6'1""",191,30,Left,2 Way Forward,2014,1,24,88,86,89,88,86,91,88,88,90,90,91,88,69,83,86,89,85,83,86,88,80,82,87,68,85
0542,Brandon,Montour,Brandon Montour,Portland Sea Lions,2,"$7,000,000",1,21,22,5,27,32,12,61,73,12,19,31,30,128,158,NHL,Seattle Kraken,87,04/11/1994,62,RD,72,"6'0""",199,32,Right,2 Way Defender,2014,2,55,89,86,89,87,81,92,89,93,93,93,91,87,55,81,84,93,87,84,84,93,80,83,89,73,86
0543,Matty,Beniers,Matty Beniers,Raleigh Wildcats,3,"$5,000,000",0,0,0,22,22,44,13,27,40,17,30,47,52,79,131,NHL,Seattle Kraken,85,11/05/2002,10,C,74,"6'2""",181,23,Left,2 Way Forward,2021,1,2,90,87,87,90,88,87,83,89,87,87,87,88,79,87,84,88,87,85,84,86,82,83,88,68,86
0544,Jamie,Oleksiak,Jamie Oleksiak,New York Steamrollers,3,"$5,000,000",2,12,14,6,13,19,9,23,32,8,19,27,25,67,92,NHL,Seattle Kraken,85,12/21/1992,24,LD/RD,79,"6'7""",252,33,Left,Defensive Defenseman,2011,1,14,82,80,82,83,83,82,83,85,92,83,91,90,55,88,85,85,83,85,87,84,82,85,86,85,93
0545,Jordan,Eberle,Jordan Eberle,Memphis Cannons,1,"$5,000,000",17,25,42,23,26,49,22,33,55,24,39,63,86,123,209,NHL,Seattle Kraken,85,05/15/1990,7,RW,71,"5'11""",180,36,Right,Sniper,2008,1,22,87,84,88,88,83,89,85,86,88,87,87,86,65,80,84,86,86,86,84,86,80,81,81,65,84
0546,Shane,Wright,Shane Wright,Long Island Blizzard,1,"$4,000,000",0,0,0,10,22,32,9,19,28,10,19,29,29,60,89,NHL,Seattle Kraken,84,01/05/2004,51,C,72,"6'0""",192,22,Right,2 Way Forward,2022,1,4,88,87,87,87,84,90,85,85,88,85,88,85,75,83,84,89,87,84,81,86,81,82,80,65,84
0547,Adam,Larsson,Adam Larsson,Montana Miners,4,"$4,000,000",2,14,16,6,20,26,5,26,31,6,42,48,19,102,121,NHL,Seattle Kraken,84,11/12/1992,6,RD,75,"6'3""",207,33,Right,Defensive Defenseman,2011,1,4,84,81,86,85,83,85,83,89,87,87,87,89,55,87,82,85,83,84,87,86,84,86,89,70,88
0548,Chandler,Stephenson,Chandler Stephenson,Atlanta Cobalts,1,"$4,000,000",21,28,49,24,14,38,23,24,47,30,29,59,98,95,193,NHL,Seattle Kraken,84,04/22/1994,9,C/LW,72,"6'0""",201,32,Left,2 Way Forward,2012,3,77,89,85,91,89,86,88,83,87,87,84,88,86,83,83,87,85,85,84,89,85,81,82,89,70,86
0549,Eeli,Tolvanen,Eeli Tolvanen,South Dakota Spartans,3,"$4,000,000",9,25,34,21,28,49,22,35,57,16,29,45,68,117,185,NHL,Seattle Kraken,84,04/22/1999,20,LW/RW,70,"5'10""",182,27,Left,Sniper,2017,1,30,84,83,85,86,83,88,82,90,91,87,92,85,63,86,83,83,82,84,82,83,83,90,83,65,85
0550,Ryker,Evans,Ryker Evans,Seattle Dragons,2,"$4,000,000",1,6,7,0,0,0,0,0,0,5,26,31,6,32,38,NHL,Seattle Kraken,84,12/13/2001,41,LD/RD,72,"6'0""",195,24,Left,2 Way Defender,2021,2,35,86,83,86,86,81,87,81,84,87,85,86,87,55,82,81,86,84,88,79,86,85,88,82,70,84
0551,Kaapo,Kakko,Kaapo Kakko,Charleston Tsunami,4,"$3,250,000",18,16,34,14,17,31,11,9,20,5,16,21,48,58,106,NHL,Seattle Kraken,83,02/13/2001,84,RW,73,"6'1""",215,25,Left,Power Forward,2019,1,2,86,85,87,88,81,88,80,85,88,86,88,85,66,80,81,83,85,88,81,82,80,83,83,70,87
0552,Jaden,Schwartz,Jaden Schwartz,Detroit Motors,1,"$3,250,000",10,14,24,16,28,44,16,16,32,28,33,61,70,91,161,NHL,Seattle Kraken,83,06/25/1992,17,LW,70,"5'10""",185,34,Left,Sniper,2010,1,14,88,92,87,88,83,87,80,86,88,85,88,86,67,80,83,85,86,84,85,84,81,83,86,65,85
0553,Ryan,Lindgren,Ryan Lindgren,Philadelphia Destroyers,6,"$2,500,000",1,15,16,4,14,18,10,7,17,2,17,19,17,53,70,NHL,Seattle Kraken,82,02/11/1998,55,LD,72,"6'0""",194,28,Left,Defensive Defenseman,2016,2,49,83,81,84,83,81,84,80,83,87,85,87,88,55,85,83,82,82,84,87,83,83,85,84,75,88
0554,Frederick,Gaudreau,Frederick Gaudreau,Washington Admirals,1,"$2,500,000",0,0,0,13,24,37,15,13,28,19,18,37,47,55,102,NHL,Seattle Kraken,82,05/01/1993,89,C/RW,72,"6'0""",184,33,Right,2 Way Forward,N/A,N/A,N/A,84,83,82,86,88,83,80,87,86,87,86,88,79,86,87,83,83,82,84,83,80,83,84,65,83
0555,Bobby,McMann,Bobby McMann,Raleigh Wildcats,5,"$2,500,000",0,0,0,0,0,0,9,14,23,14,16,30,23,30,53,NHL,Seattle Kraken,82,06/15/1996,74,C,74,"6'2""",217,30,Left,2 Way Forward,N/A,N/A,N/A,84,84,84,85,81,86,83,84,87,89,86,84,64,80,84,86,85,88,80,88,86,88,81,75,89
0556,Josh,Mahura,Josh Mahura,Brooklyn Bulldogs,7,"$1,250,000",0,0,0,8,17,25,6,7,13,1,14,15,15,38,53,NHL,Seattle Kraken,79,05/05/1998,28,LD/RD,72,"6'0""",193,28,Left,2 Way Defender,2016,3,85,82,80,82,82,80,83,81,82,87,81,87,83,55,81,81,83,80,81,79,83,86,90,79,70,85
0557,Cale,Fleury,Cale Fleury,Arizona Heat,2,"$1,000,000",1,6,7,6,8,14,4,6,10,2,10,12,13,30,43,NHL,Seattle Kraken,78,11/19/1998,8,RD,73,"6'1""",204,27,Right,2 Way Defender,2017,3,87,81,79,81,82,89,82,79,83,87,81,86,82,55,86,81,81,79,81,79,81,86,90,78,70,86
0558,Berkly,Catton,Berkly Catton,New Orleans Whalers,1,"$7,000,000",0,0,0,0,0,0,0,0,0,0,0,0,0,0,0,NHL,Seattle Kraken,77,01/14/2006,27,C/LW,70,"5'10""",179,20,Left,Playmaker,2024,1,8,82,79,79,82,71,85,80,77,86,78,87,82,73,72,78,87,86,79,78,88,75,70,84,65,82
0559,Ben,Meyers,Ben Meyers,Fort Worth Defenders,2,"$1,500,000",0,0,0,0,0,0,0,0,0,0,0,0,0,0,0,NHL,Seattle Kraken,77,11/15/1998,59,LW/C,71,"5'11""",194,27,Left,2 Way Forward,N/A,N/A,N/A,85,82,80,82,84,82,82,79,85,80,85,81,76,78,80,86,87,81,84,87,86,86,83,70,83
0560,Ryan,Winterton,Ryan Winterton,St. Louis Leopards,2,"$900,000",0,0,0,0,0,0,0,0,0,0,0,0,0,0,0,NHL,Seattle Kraken,76,09/04/2003,26,C,74,"6'2""",175,23,Right,2 Way Forward,2021,3,67,82,80,78,80,82,79,78,80,84,82,84,81,65,79,85,85,85,84,79,89,82,82,82,68,85
0561,Jacob,Melanson,Jacob Melanson,UFA,,,0,0,0,0,0,0,0,0,0,0,0,0,0,0,0,NHL,Seattle Kraken,75,04/22/2003,63,RW,72,"6'0""",207,23,Right,2 Way Forward,2021,5,131,78,76,75,75,79,79,80,78,85,78,84,83,62,80,80,83,83,81,79,83,84,82,79,74,83
0562,Robert,Thomas,Robert Thomas,Iowa Rebels,6,"$8,000,000",17,9,26,27,34,61,25,42,67,6,23,29,75,108,183,NHL,St. Louis Blues,88,07/02/1999,18,C/RW,72,"6'0""",207,27,Right,2 Way Forward,2017,1,20,92,87,94,91,84,92,89,87,87,89,87,88,84,83,86,90,89,87,89,88,81,82,88,70,87
0563,Colton,Parayko,Colton Parayko,Atlanta Cobalts,4,"$6,000,000",6,26,32,12,27,39,6,15,21,10,28,38,34,96,130,NHL,St. Louis Blues,86,05/12/1993,55,RD,78,"6'6""",228,33,Right,2 Way Defender,2012,3,86,86,85,85,86,89,85,82,87,94,84,92,88,55,87,85,88,87,92,86,88,81,84,87,80,88
0564,Jordan,Kyrou,Jordan Kyrou,St. Louis Leopards,6,"$6,000,000",13,19,32,21,43,64,9,40,49,32,51,83,75,153,228,NHL,St. Louis Blues,86,05/05/1998,25,RW/C,73,"6'1""",189,28,Right,Playmaker,2016,2,35,90,86,89,88,85,88,88,87,87,92,87,81,64,80,80,93,89,85,84,91,80,82,88,65,82
0565,Pavel,Buchnevich,Pavel Buchnevich,Denver Mountain Lions,5,"$4,000,000",20,23,43,28,33,61,12,53,65,29,39,68,89,148,237,NHL,St. Louis Blues,84,04/17/1995,89,LW/RW,73,"6'1""",196,31,Left,2 Way Forward,2013,3,75,87,84,90,86,84,90,84,89,88,86,88,85,68,81,85,85,85,82,88,84,80,82,88,65,87
0566,Cam,Fowler,Cam Fowler,Atlanta Cobalts,4,"$4,000,000",2,13,15,10,29,39,9,24,33,6,24,30,27,90,117,NHL,St. Louis Blues,84,12/05/1991,17,LD/RD,74,"6'2""",213,34,Left,2 Way Defender,2010,1,12,89,84,91,89,87,90,85,85,89,87,88,86,55,81,81,87,85,86,85,87,78,80,86,70,88
0567,Dylan,Holloway,Dylan Holloway,Charleston Tsunami,3,"$4,000,000",0,0,0,9,16,25,8,18,26,20,41,61,37,75,112,NHL,St. Louis Blues,84,09/23/2001,81,LW,73,"6'1""",207,24,Left,2 Way Forward,2020,1,14,88,87,87,88,84,87,84,89,90,87,91,84,68,84,82,89,88,89,80,88,86,89,83,80,88
0568,Jake,Neighbours,Jake Neighbours,Jacksonville Blood Hounds,5,"$4,000,000",5,2,7,16,31,47,20,22,42,22,24,46,63,79,142,NHL,St. Louis Blues,84,03/29/2002,63,LW,72,"6'0""",201,24,Left,Power Forward,2020,1,26,84,83,85,86,81,88,83,86,87,87,87,85,64,83,82,85,84,86,84,85,86,88,84,75,88
0569,Philip,Broberg,Philip Broberg,North Dakota Bison,1,"$4,000,000",3,10,13,8,23,31,0,0,0,11,23,34,22,56,78,NHL,St. Louis Blues,84,06/25/2001,6,LD/RD,76,"6'4""",210,25,Left,2 Way Defender,2019,1,8,83,82,83,84,88,86,84,83,87,86,87,88,55,80,83,86,84,85,82,89,79,82,81,70,85
0570,Pius,Suter,Pius Suter,Columbus Cougars,6,"$3,250,000",21,9,30,17,33,50,19,20,39,15,15,30,72,77,149,NHL,St. Louis Blues,83,05/24/1996,22,C/LW,71,"5'11""",172,30,Left,2 Way Forward,N/A,N/A,N/A,83,83,83,84,86,85,81,89,86,87,86,89,74,82,88,83,83,82,84,83,80,83,86,65,84
0571,Jonathan,Drouin,Jonathan Drouin,Cincinnati Thunderbolts,3,"$3,250,000",14,19,33,20,40,60,14,31,45,19,34,53,67,124,191,NHL,St. Louis Blues,83,03/28/1995,92,LW/C,71,"5'11""",189,31,Left,Playmaker,2013,1,3,85,83,88,86,86,87,83,87,87,88,87,83,66,79,81,84,82,81,84,87,80,82,81,60,86
0572,Jimmy,Snuggerud,Jimmy Snuggerud,North Dakota Bison,3,"$2,500,000",0,0,0,0,0,0,0,0,0,1,11,12,1,11,12,NHL,St. Louis Blues,82,06/01/2004,21,RW,73,"6'1""",193,22,Right,Power Forward,2022,1,23,85,85,85,85,89,87,80,80,88,83,87,83,60,81,82,84,83,87,78,84,82,82,78,82,87
0573,Oskar,Sundqvist,Oskar Sundqvist,Portland Sea Lions,1,"$2,000,000",5,18,23,12,21,33,12,22,34,20,27,47,49,88,137,NHL,St. Louis Blues,81,03/23/1994,70,C/RW,75,"6'3""",210,32,Right,Grinder,2012,3,81,81,80,81,82,80,82,79,83,87,83,87,88,73,87,86,81,81,81,80,81,82,86,81,75,88
0574,Tyler,Tucker,Tyler Tucker,New Orleans Whalers,3,"$2,000,000",0,0,0,0,0,0,2,7,9,0,0,0,2,7,9,NHL,St. Louis Blues,81,03/01/2000,75,LD/RD,73,"6'1""",204,26,Left,Defensive Defenseman,2018,7,200,80,78,79,81,80,78,79,81,88,85,87,85,55,81,83,80,79,83,78,80,86,90,79,87,88
0575,Jonatan,Berggren,Jonatan Berggren,Charleston Tsunami,2,"$2,000,000",0,0,0,9,10,19,8,13,21,11,13,24,28,36,64,NHL,St. Louis Blues,81,07/16/2000,29,C,71,"5'11""",195,26,Left,2 Way Forward,2018,2,33,84,83,85,84,83,86,83,82,87,85,87,84,63,79,80,85,83,84,80,84,82,83,80,70,85
0576,Alexey,Toropchenko,Alexey Toropchenko,Raleigh Wildcats,3,"$1,500,000",0,0,0,7,4,11,20,17,37,4,9,13,31,30,61,NHL,St. Louis Blues,80,06/25/1999,13,RW/LW,78,"6'6""",225,27,Left,Power Forward,2017,4,113,81,80,80,82,82,80,80,81,89,83,89,80,63,84,80,83,82,87,81,84,86,90,81,75,88
0577,Justin,Holl,Justin Holl,Washington Admirals,2,"$1,500,000",2,6,8,11,12,23,7,19,26,3,34,37,23,71,94,NHL,St. Louis Blues,80,01/30/1992,4,RD,76,"6'4""",194,34,Right,Defensive Defenseman,2010,2,54,83,80,81,82,83,82,80,81,86,81,85,86,55,83,83,82,80,84,79,81,82,84,81,80,88
0578,Nathan,Walker,Nathan Walker,North Dakota Bison,3,"$1,250,000",0,0,0,7,12,19,7,12,19,2,13,15,16,37,53,NHL,St. Louis Blues,79,02/07/1994,26,LW,69,"5'9""",191,32,Left,2 Way Forward,2014,3,89,81,80,80,82,80,82,79,83,86,83,85,85,68,87,82,81,80,82,80,82,85,92,80,65,83
0579,Dalibor,Dvorsky,Dalibor Dvorsky,Houston Hammerheads,3,"$1,250,000",0,0,0,0,0,0,0,0,0,13,9,22,13,9,22,NHL,St. Louis Blues,79,06/15/2005,54,C,73,"6'1""",207,21,Left,2 Way Forward,2023,1,10,83,82,82,82,87,84,75,84,88,84,87,82,75,76,82,84,85,84,83,85,80,82,86,65,85
0580,Matt,Kessel,Matt Kessel,UFA,,,0,0,0,0,0,0,0,0,0,0,0,0,0,0,0,NHL,St. Louis Blues,77,06/23/2000,51,RD/LD,75,"6'3""",212,26,Right,Defensive Defenseman,2020,5,150,81,79,82,82,85,82,80,82,86,79,87,84,55,80,84,81,79,81,78,80,77,79,78,80,86
0581,Theo,Lindstein,Theo Lindstein,Indianapolis Ghosts,3,"$3,250,000",0,0,0,0,0,0,0,0,0,0,0,0,0,0,0,NHL,St. Louis Blues,76,01/05/2005,41,LD,72,"6'0""",197,21,Left,2 Way Defender,2023,1,29,76,77,77,77,80,78,80,77,86,78,85,83,55,76,78,84,84,83,85,84,78,75,85,70,84
0582,Logan,Mailloux,Logan Mailloux,Cincinnati Thunderbolts,2,"$900,000",0,0,0,0,0,0,0,0,0,3,4,7,3,4,7,NHL,St. Louis Blues,76,04/15/2003,23,RD/LD,75,"6'3""",212,23,Right,2 Way Defender,2021,1,31,80,78,79,79,79,81,79,81,88,82,87,80,55,79,82,80,82,85,80,81,82,82,78,65,84
0583,Jack,Finley,Jack Finley,UFA,,,0,0,0,0,0,0,0,0,0,0,0,0,0,0,0,NHL,St. Louis Blues,75,09/02/2002,37,C,78,"6'6""",227,24,Right,Power Forward,2020,2,57,79,78,77,76,83,80,75,78,84,75,82,79,80,75,79,80,82,79,87,80,86,83,80,80,86
0584,Otto,Stenberg,Otto Stenberg,Lincoln Lumberjacks,1,"$900,000",0,0,0,0,0,0,0,0,0,0,0,0,0,0,0,NHL,St. Louis Blues,75,05/29/2005,28,C/LW,71,"5'11""",180,21,Left,Playmaker,2023,1,25,83,81,83,81,80,84,75,76,84,78,84,75,70,70,77,84,84,75,80,84,70,68,85,70,77
0585,Torey,Krug,Torey Krug,Atlanta Cobalts,1,"$900,000",8,22,30,15,42,57,9,25,34,7,32,39,39,121,160,NHL,St. Louis Blues,70,04/12/1991,47,LD,69,"5'9""",194,35,Left,2 Way Defender,N/A,N/A,N/A,75,75,75,75,83,75,75,75,85,70,80,76,55,80,80,80,80,80,75,80,85,85,85,65,80
0586,Nikita,Kucherov,Nikita Kucherov,Montana Miners,2,"$16,000,000",24,20,44,39,50,89,45,42,87,52,28,80,160,140,300,NHL,Tampa Bay Lightning,96,06/17/1993,86,RW,72,"6'0""",173,33,Left,Playmaker,2011,2,58,96,93,98,96,83,97,95,94,92,95,92,90,63,84,91,93,94,90,85,90,80,84,91,65,89
0587,Victor,Hedman,Victor Hedman,Puerto Rico Toros,4,"$14,000,000",6,23,29,10,50,60,9,41,50,19,25,44,44,139,183,NHL,Tampa Bay Lightning,94,12/18/1990,77,C,79,"6'7""",244,35,Left,2 Way Defender,2009,1,2,89,88,94,90,83,94,93,92,94,91,92,92,55,84,85,90,88,90,86,88,79,81,92,70,90
0588,Brandon,Hagel,Brandon Hagel,Richmond Robbers,3,"$10,000,000",3,2,5,18,32,50,24,34,58,34,25,59,79,93,172,NHL,Tampa Bay Lightning,90,08/27/1998,38,LW,74,"6'2""",186,28,Left,Playmaker,2016,6,159,90,87,91,90,81,92,88,89,87,91,87,85,65,84,81,93,90,91,85,93,81,83,90,65,82
0589,Jake,Guentzel,Jake Guentzel,Charleston Tsunami,6,"$10,000,000",24,29,53,26,34,60,34,37,71,41,43,84,125,143,268,NHL,Tampa Bay Lightning,90,10/06/1994,59,LW/RW,71,"5'11""",176,31,Left,Sniper,2013,3,77,89,89,92,90,85,93,89,92,88,93,88,85,69,83,84,87,88,84,87,86,80,82,89,65,85
0590,Brayden,Point,Brayden Point,Cleveland Demons,4,"$9,000,000",28,34,62,21,58,79,20,59,79,44,37,81,113,188,301,NHL,Tampa Bay Lightning,89,03/13/1996,21,C/RW,71,"5'11""",177,30,Right,Playmaker,2014,3,79,91,88,90,90,90,90,90,89,89,92,89,83,76,82,80,94,91,88,86,95,81,82,89,65,85
0591,Anthony,Cirelli,Anthony Cirelli,Houston Hammerheads,2,"$6,000,000",10,20,30,19,39,58,12,35,47,25,28,53,66,122,188,NHL,Tampa Bay Lightning,86,07/15/1997,71,C/LW,73,"6'1""",193,29,Left,2 Way Forward,2015,3,72,85,84,87,87,85,88,85,86,87,87,87,90,83,88,85,86,85,83,88,87,82,82,88,70,86
0592,Darren,Raddysh,Darren Raddysh,Puerto Rico Toros,4,"$6,000,000",0,0,0,0,0,0,4,12,16,6,21,27,10,33,43,NHL,Tampa Bay Lightning,86,02/28/1996,43,RD,73,"6'1""",202,30,Right,2 Way Defender,N/A,N/A,N/A,87,86,89,87,86,88,88,89,94,88,92,87,55,83,84,86,83,86,82,86,82,83,82,75,90
0593,Erik,Cernak,Erik Cernak,Seattle Dragons,2,"$5,000,000",2,17,19,6,14,20,11,16,27,5,24,29,24,71,95,NHL,Tampa Bay Lightning,85,05/28/1997,81,RD,76,"6'4""",230,29,Right,Defensive Defenseman,2015,2,43,82,80,83,84,80,83,80,84,89,83,88,89,55,81,83,81,81,83,88,83,86,91,83,75,93
0594,Ryan,McDonagh,Ryan McDonagh,Charleston Tsunami,2,"$5,000,000",3,15,18,6,22,28,8,14,22,12,24,36,29,75,104,NHL,Tampa Bay Lightning,85,06/13/1989,27,LD/RD,73,"6'1""",216,37,Left,2 Way Defender,2007,1,12,83,83,86,85,85,84,85,84,88,84,88,89,55,86,86,83,84,82,88,84,79,81,87,75,88
0595,Oliver,Bjorkstrand,Oliver Bjorkstrand,Kansas City Metrostars,4,"$4,000,000",27,20,47,34,34,68,20,29,49,13,17,30,94,100,194,NHL,Tampa Bay Lightning,84,04/10/1995,22,RW/LW,72,"6'0""",175,31,Right,Sniper,2013,3,89,88,86,86,88,87,85,85,88,88,88,88,86,64,79,80,86,85,84,82,84,82,84,84,65,84
0596,Yanni,Gourde,Yanni Gourde,South Dakota Spartans,3,"$4,000,000",17,21,38,20,43,63,20,33,53,17,30,47,74,127,201,NHL,Tampa Bay Lightning,84,12/15/1991,37,C/RW,69,"5'9""",173,34,Left,2 Way Forward,N/A,N/A,N/A,85,84,86,86,81,86,83,85,88,83,88,88,76,85,86,82,83,87,81,83,84,86,82,75,88
0597,Nick,Paul,Nick Paul,Arizona Heat,1,"$4,000,000",1,11,12,10,8,18,17,23,40,20,37,57,48,79,127,NHL,Tampa Bay Lightning,84,03/20/1995,20,C/LW,76,"6'4""",230,31,Left,Power Forward,2013,4,101,88,85,85,86,85,86,82,84,88,87,88,86,78,81,83,84,87,90,83,84,84,84,85,77,90
0598,J.J.,Moser,J.J. Moser,Richmond Robbers,3,"$4,000,000",0,0,0,4,15,19,7,19,26,9,23,32,20,57,77,NHL,Tampa Bay Lightning,84,06/06/2000,90,LD/RD,74,"6'2""",183,26,Left,2 Way Defender,2021,2,60,83,81,84,84,82,86,84,82,87,84,87,88,55,82,85,82,82,84,81,82,80,82,82,80,85
0599,Corey,Perry,Corey Perry,San Antonio Bandits,4,"$3,250,000",0,0,0,18,25,43,15,19,34,0,12,12,33,56,89,NHL,Tampa Bay Lightning,83,05/16/1985,10,RW,72,"6'0""",208,41,Right,Grinder,2003,1,28,85,84,85,85,80,87,85,85,86,87,86,85,65,83,83,82,82,86,79,82,82,85,81,85,89
0600,Emil,Lilleberg,Emil Lilleberg,Puerto Rico Toros,4,"$1,500,000",0,0,0,0,0,0,0,0,0,1,10,11,1,10,11,NHL,Tampa Bay Lightning,80,02/02/2001,78,LD,75,"6'3""",215,25,Left,Defensive Defenseman,2021,4,107,81,79,81,82,79,82,81,82,85,80,85,85,55,80,82,82,80,87,79,83,86,90,81,63,85
0601,Gage,Goncalves,Gage Goncalves,Richmond Robbers,6,"$1,500,000",0,0,0,4,3,7,0,0,0,0,0,0,4,3,7,NHL,Tampa Bay Lightning,80,01/16/2001,93,C,73,"6'1""",189,25,Left,Playmaker,2020,2,62,83,81,83,83,81,84,80,84,86,83,84,86,63,80,82,84,82,83,80,89,82,86,80,70,83
0602,Pontus,Holmberg,Pontus Holmberg,Washington Admirals,2,"$1,500,000",0,0,0,0,0,0,6,21,27,7,12,19,13,33,46,NHL,Tampa Bay Lightning,80,03/09/1999,29,RW,72,"6'0""",201,27,Left,Playmaker,2018,6,156,84,82,83,84,81,83,82,82,87,84,87,84,71,86,82,82,83,88,79,83,85,85,80,65,85
0603,Charle-Edouard,D'Astous,Charle-Edouard D'Astous,Richmond Robbers,2,"$3,000,000",0,0,0,0,0,0,0,0,0,0,0,0,0,0,0,NHL,Tampa Bay Lightning,79,04/21/1998,51,LD/RD,74,"6'2""",211,28,Left,2 Way Defender,N/A,N/A,N/A,78,80,82,80,70,78,75,78,87,79,86,83,55,84,86,84,84,87,83,84,85,85,85,75,87
0604,Max,Crozier,Max Crozier,Portland Sea Lions,3,"$1,000,000",0,0,0,0,0,0,0,0,0,0,0,0,0,0,0,NHL,Tampa Bay Lightning,79,04/19/2000,24,RD/LD,75,"6'3""",204,26,Right,2 Way Defender,2019,4,120,76,75,78,78,80,78,70,72,85,73,84,85,50,80,85,82,82,84,80,83,80,80,85,75,85
0605,Zemgus,Girgensons,Zemgus Girgensons,Brooklyn Bulldogs,1,"$1,250,000",0,0,0,12,12,24,6,10,16,8,11,19,26,33,59,NHL,Tampa Bay Lightning,79,01/05/1994,28,LW/C,75,"6'3""",197,32,Left,2 Way Forward,2012,1,14,81,80,80,83,83,78,78,82,87,82,87,85,68,86,81,87,81,87,83,86,88,91,81,75,87
0606,Dominic,James,Dominic James,Richmond Robbers,4,"$1,000,000",0,0,0,0,0,0,0,0,0,0,0,0,0,0,0,NHL,Tampa Bay Lightning,78,07/03/2002,17,LW/C,72,"6'0""",190,24,Left,2 Way Forward,2022,6,173,79,80,81,81,75,83,75,75,85,78,85,84,70,77,84,87,87,83,75,89,80,75,85,72,84
0607,Declan,Carlile,Declan Carlile,UFA,,,0,0,0,0,0,0,0,0,0,0,0,0,0,0,0,NHL,Tampa Bay Lightning,76,05/18/2000,67,LD/RD,73,"6'1""",185,26,Left,2 Way Defender,N/A,N/A,N/A,76,74,76,75,80,74,75,70,85,70,85,82,60,85,85,83,82,85,83,84,80,80,85,70,85
0608,Scott,Sabourin,Scott Sabourin,UFA,,,0,0,0,0,0,0,0,0,0,0,0,0,0,0,0,NHL,Tampa Bay Lightning,73,07/30/1992,46,RW,76,"6'4""",207,34,Right,Grinder,N/A,N/A,N/A,81,77,74,77,78,77,75,77,83,77,83,80,63,78,78,83,84,77,79,83,81,82,82,84,80
0609,William,Nylander,William Nylander,Denver Mountain Lions,6,"$13,000,000",27,26,53,26,32,58,40,44,84,40,37,77,133,139,272,NHL,Toronto Maple Leafs,93,05/01/1996,88,RW/C,72,"6'0""",200,30,Right,Playmaker,2014,1,8,94,89,94,94,85,95,89,92,89,95,89,85,68,80,82,93,92,88,88,92,80,82,90,65,85
0610,Auston,Matthews,Auston Matthews,Portland Sea Lions,3,"$12,000,000",25,28,53,36,45,81,44,45,89,45,29,74,150,147,297,NHL,Toronto Maple Leafs,92,09/17/1997,34,C,75,"6'3""",215,28,Left,Sniper,2016,1,1,92,90,90,90,86,92,90,93,92,94,95,90,83,89,88,91,89,87,88,90,81,82,84,65,90
0611,Matthew,Knies,Matthew Knies,Washington Admirals,7,"$9,000,000",0,0,0,0,0,0,21,25,46,26,36,62,47,61,108,NHL,Toronto Maple Leafs,89,10/17/2002,23,LW,75,"6'3""",232,23,Left,Power Forward,2021,2,57,87,87,88,88,81,90,83,88,92,87,92,88,62,84,85,86,86,92,83,86,86,89,86,80,93
0612,John,Tavares,John Tavares,Cincinnati Thunderbolts,1,"$9,000,000",18,16,34,30,39,69,32,41,73,18,37,55,98,133,231,NHL,Toronto Maple Leafs,89,09/20/1990,91,C/LW,73,"6'1""",217,35,Left,Sniper,2009,1,1,91,89,89,89,82,91,89,87,89,90,89,87,85,83,84,86,90,91,87,87,84,85,87,70,88
0613,Morgan,Rielly,Morgan Rielly,San Antonio Bandits,2,"$7,000,000",4,26,30,4,44,48,7,45,52,12,44,56,27,159,186,NHL,Toronto Maple Leafs,87,03/09/1994,44,LD,73,"6'1""",219,32,Left,2 Way Defender,2012,1,5,88,87,93,89,87,93,89,86,89,92,88,88,55,84,84,89,86,84,84,89,79,81,88,70,89
0614,Oliver,Ekman-Larsson,Oliver Ekman-Larsson,Nevada Archers,2,"$6,000,000",2,22,24,13,27,40,4,14,18,12,21,33,31,84,115,NHL,Toronto Maple Leafs,86,07/17/1991,95,LD,74,"6'2""",190,35,Left,2 Way Defender,2009,1,6,84,82,88,85,80,89,85,86,89,86,88,88,55,80,86,85,84,83,82,85,81,85,85,65,87
0615,Jake,McCabe,Jake McCabe,Atlanta Cobalts,6,"$5,000,000",0,14,14,6,18,24,14,21,35,5,31,36,25,84,109,NHL,Toronto Maple Leafs,85,10/12/1993,22,LD/RD,73,"6'1""",210,32,Left,Defensive Defenseman,2012,2,44,83,82,84,84,81,84,83,86,87,83,87,90,55,87,84,84,82,88,85,89,86,89,84,65,89
0616,Christopher,Tanev,Christopher Tanev,Detroit Motors,2,"$5,000,000",1,15,16,8,19,27,6,7,13,3,41,44,18,82,100,NHL,Toronto Maple Leafs,85,12/20/1989,8,RD,75,"6'3""",200,36,Right,Defensive Defenseman,N/A,N/A,N/A,83,83,84,85,86,83,85,81,88,83,88,94,55,93,84,84,82,87,88,83,80,80,84,75,89
0617,Brandon,Carlo,Brandon Carlo,Indianapolis Ghosts,6,"$5,000,000",4,10,14,7,13,20,9,10,19,7,41,48,27,74,101,NHL,Toronto Maple Leafs,85,11/26/1996,25,RD,77,"6'5""",227,29,Right,Defensive Defenseman,2015,2,37,80,80,80,82,82,84,85,83,89,82,87,92,55,88,86,83,80,86,82,82,81,85,86,80,91
0618,Nicholas,Robertson,Nicholas Robertson,Charleston Tsunami,5,"$3,250,000",0,0,0,16,19,35,25,23,48,9,17,26,50,59,109,NHL,Toronto Maple Leafs,83,09/11/2001,89,C/LW,69,"5'9""",180,24,Left,Sniper,2019,2,53,85,83,84,85,83,85,83,86,88,86,89,84,62,81,83,87,84,84,79,88,82,85,80,60,84
0619,Matias,Maccelli,Matias Maccelli,South Dakota Spartans,2,"$3,250,000",0,0,0,11,21,32,14,36,50,20,31,51,45,88,133,NHL,Toronto Maple Leafs,83,10/14/2000,63,LW,71,"5'11""",187,25,Left,Playmaker,2019,4,98,89,83,88,87,86,88,83,84,88,85,88,83,64,79,79,87,84,81,80,85,80,81,81,65,80
0620,Max,Domi,Max Domi,Nevada Archers,3,"$3,250,000",13,10,23,19,41,60,13,38,51,14,17,31,59,106,165,NHL,Toronto Maple Leafs,83,03/02/1995,11,C/LW,70,"5'10""",208,31,Left,Playmaker,2013,1,12,87,84,87,86,80,85,85,83,87,83,87,85,76,80,83,87,85,84,80,86,80,82,82,85,85
0621,Troy,Stecher,Troy Stecher,Lincoln Lumberjacks,2,"$2,000,000",0,4,4,4,16,20,6,13,19,2,13,15,12,46,58,NHL,Toronto Maple Leafs,81,04/07/1994,28,RD,70,"5'10""",184,32,Right,Defensive Defenseman,N/A,N/A,N/A,83,84,82,84,81,82,85,82,85,84,85,88,55,83,88,83,84,86,85,85,80,83,80,65,85
0622,Steven,Lorentz,Steven Lorentz,Tennessee Wolverines,1,"$2,000,000",0,0,0,5,11,16,8,16,24,1,8,9,14,35,49,NHL,Toronto Maple Leafs,81,04/13/1996,18,C/LW,76,"6'4""",219,30,Left,2 Way Forward,2015,7,186,82,82,82,84,85,83,80,82,87,83,87,86,67,85,85,81,81,83,78,82,86,91,80,75,90
0623,Dakota,Joshua,Dakota Joshua,Tennessee Wolverines,3,"$2,000,000",0,0,0,8,12,20,13,21,34,14,20,34,35,53,88,NHL,Toronto Maple Leafs,81,05/15/1996,81,LW,75,"6'3""",218,30,Left,Power Forward,2014,5,128,82,81,81,83,80,82,79,81,88,82,88,85,66,83,83,81,82,86,84,81,89,92,80,75,89
0624,Simon,Benoit,Simon Benoit,North Dakota Bison,4,"$1,500,000",0,0,0,0,0,0,3,8,11,3,16,19,6,24,30,NHL,Toronto Maple Leafs,80,09/19/1998,2,LD,76,"6'4""",210,27,Left,Defensive Defenseman,N/A,N/A,N/A,80,79,80,81,80,77,78,80,87,81,87,83,55,85,84,82,80,83,79,87,88,92,82,75,86
0625,Calle,Jarnkrok,Calle Jarnkrok,Tennessee Wolverines,4,"$1,500,000",11,7,18,9,26,35,13,26,39,9,15,24,42,74,116,NHL,Toronto Maple Leafs,80,09/25/1991,19,C/LW,72,"6'0""",193,34,Right,2 Way Forward,2010,2,51,82,82,82,82,83,83,79,82,86,81,86,85,65,82,84,84,82,85,79,85,80,84,79,65,85
0626,Easton,Cowan,Easton Cowan,New Orleans Whalers,3,"$1,250,000",0,0,0,0,0,0,0,0,0,0,0,0,0,0,0,NHL,Toronto Maple Leafs,79,05/20/2005,53,C,72,"6'0""",190,21,Left,2 Way Forward,2023,1,28,84,84,84,82,80,86,75,77,87,79,86,83,72,77,85,85,85,85,75,85,80,75,85,70,85
0627,Philippe,Myers,Philippe Myers,Memphis Cannons,1,"$900,000",2,4,6,5,11,16,0,0,0,0,0,0,7,15,22,NHL,Toronto Maple Leafs,79,01/25/1997,51,RD,77,"6'5""",221,29,Right,Defensive Defenseman,N/A,N/A,N/A,80,79,80,81,81,78,80,83,90,83,89,81,55,83,84,80,79,81,78,81,86,90,78,75,87
0628,Michael,Pezzetta,Michael Pezzetta,Indianapolis Ghosts,2,"$1,500,000",0,0,0,15,14,29,0,0,0,0,0,0,15,14,29,NHL,Toronto Maple Leafs,78,03/13/1998,61,LW/RW,73,"6'1""",219,28,Left,Grinder,2016,6,160,79,78,79,80,79,78,78,80,87,82,87,80,65,83,79,80,79,80,79,80,90,92,78,86,87
0629,Benoit-Olivier,Groulx,Benoit-Olivier Groulx,Tennessee Wolverines,2,"$2,500,000",1,2,3,15,14,29,9,11,20,7,20,27,32,47,79,NHL,Toronto Maple Leafs,78,02/06/2000,29,C,74,"6'2""",198,26,Left,2 Way Forward,2018,2,54,81,79,80,81,81,81,78,80,87,81,87,84,72,85,83,81,80,83,79,80,80,81,79,75,87
0630,Jacob,Quillan,Jacob Quillan,UFA,,,0,0,0,0,0,0,0,0,0,0,0,0,0,0,0,NHL,Toronto Maple Leafs,75,02/02/2002,26,C/LW,73,"6'1""",204,24,Left,2 Way Forward,N/A,N/A,N/A,81,79,78,78,80,81,76,78,85,79,85,80,75,78,83,84,84,80,78,84,80,79,82,50,84
0631,Clayton,Keller,Clayton Keller,Fort Worth Defenders,7,"$10,000,000",18,20,38,27,54,81,27,50,77,34,32,66,106,156,262,NHL,Utah Mammoth,90,07/29/1998,9,RW/LW,70,"5'10""",175,28,Left,Playmaker,2016,1,7,92,87,94,91,83,94,89,92,87,92,87,83,66,80,80,90,88,85,87,88,79,81,89,65,84
0632,Dylan,Guenther,Dylan Guenther,Fort Worth Defenders,2,"$8,000,000",3,2,5,10,9,19,14,31,45,32,39,71,59,81,140,NHL,Utah Mammoth,88,04/10/2003,11,LW,73,"6'1""",191,23,Right,Sniper,2021,1,9,87,85,88,87,82,92,87,91,89,91,89,86,65,82,85,89,86,81,82,92,81,83,82,60,85
0633,Logan,Cooley,Logan Cooley,Portland Sea Lions,3,"$8,000,000",0,0,0,0,0,0,20,28,48,28,23,51,48,51,99,NHL,Utah Mammoth,88,05/04/2004,92,C,72,"6'0""",191,22,Left,Playmaker,2022,1,3,90,86,91,89,81,91,87,91,84,90,85,85,74,81,81,91,87,86,81,95,81,83,86,65,81
0634,Nick,Schmaltz,Nick Schmaltz,Long Island Blizzard,7,"$8,000,000",22,13,35,19,31,50,12,35,47,24,17,41,77,96,173,NHL,Utah Mammoth,88,02/23/1996,8,C/RW,72,"6'0""",184,30,Right,Playmaker,2014,1,20,91,88,90,91,87,89,88,90,88,87,87,87,72,85,85,88,88,85,86,87,80,82,89,70,87
0635,Mikhail,Sergachev,Mikhail Sergachev,Atlanta Cobalts,5,"$8,000,000",3,14,17,5,34,39,7,33,40,10,35,45,25,116,141,NHL,Utah Mammoth,88,06/25/1998,98,LD/RD,75,"6'3""",212,28,Left,2 Way Defender,2016,1,9,89,87,90,89,83,92,89,89,90,89,90,88,55,85,84,88,86,87,89,87,80,86,87,78,92
0636,John-Jason,Peterka,John-Jason Peterka,Kansas City Metrostars,5,"$6,000,000",0,0,0,16,18,34,18,22,40,29,30,59,63,70,133,NHL,Utah Mammoth,86,01/14/2002,77,RW/LW,72,"6'0""",189,24,Left,Sniper,2020,2,34,86,84,86,86,82,87,85,90,87,90,87,84,63,79,83,90,87,85,84,89,80,82,86,75,85
0637,MacKenzie,Weegar,MacKenzie Weegar,Long Island Blizzard,4,"$6,000,000",6,22,28,14,32,46,9,26,35,12,29,41,41,109,150,NHL,Utah Mammoth,86,01/07/1994,52,LD/RD,72,"6'0""",206,32,Right,2 Way Defender,2013,7,206,89,87,89,89,84,83,90,90,87,90,87,87,55,87,88,91,90,83,89,90,87,91,90,70,87
0638,Sean,Durzi,Sean Durzi,St. Louis Leopards,3,"$5,000,000",0,0,0,12,26,38,8,26,34,7,46,53,27,98,125,NHL,Utah Mammoth,85,10/21/1998,50,RD/LD,73,"6'1""",196,27,Right,2 Way Defender,2018,2,52,87,86,87,87,80,90,86,86,89,86,88,87,55,85,83,88,87,84,81,88,80,82,81,70,85
0639,John,Marino,John Marino,Jacksonville Blood Hounds,6,"$4,000,000",5,24,29,8,23,31,10,23,33,6,23,29,29,93,122,NHL,Utah Mammoth,84,05/21/1997,6,RD,73,"6'1""",200,29,Right,2 Way Defender,2015,6,154,85,84,86,86,87,86,85,82,88,83,88,88,55,80,84,84,82,85,84,83,78,80,81,75,86
0640,Barrett,Hayton,Barrett Hayton,Memphis Cannons,3,"$3,250,000",4,3,7,23,12,35,16,18,34,19,33,52,62,66,128,NHL,Utah Mammoth,83,06/09/2000,27,C/LW,73,"6'1""",200,26,Left,2 Way Forward,2018,1,5,86,84,86,86,81,88,85,82,87,85,87,87,81,81,85,86,84,83,86,87,82,82,84,75,85
0641,Alexander,Kerfoot,Alexander Kerfoot,Kansas City Metrostars,1,"$3,250,000",14,20,34,13,31,44,14,34,48,9,18,27,50,103,153,NHL,Utah Mammoth,83,08/11/1994,15,C/LW,71,"5'11""",185,32,Left,2 Way Forward,2012,5,150,85,84,85,86,85,85,81,85,87,84,87,88,74,88,87,84,84,85,87,84,81,83,85,65,84
0642,Lawson,Crouse,Lawson Crouse,Washington Admirals,5,"$3,250,000",2,2,4,14,28,42,22,27,49,14,18,32,52,75,127,NHL,Utah Mammoth,83,06/23/1997,67,LW/RW,76,"6'4""",214,29,Left,Power Forward,2015,1,11,81,81,81,82,82,85,82,87,89,84,89,84,67,84,83,84,82,82,84,89,84,90,84,80,90
0643,Nate,Schmidt,Nate Schmidt,Seattle Dragons,2,"$3,250,000",2,22,24,9,26,35,5,23,28,8,5,13,24,76,100,NHL,Utah Mammoth,83,07/16/1991,88,LD/RD,72,"6'0""",197,35,Left,2 Way Defender,N/A,N/A,N/A,85,83,87,85,84,87,85,85,89,85,88,86,55,80,83,83,82,87,80,84,84,85,82,65,85
0644,Ian,Cole,Ian Cole,Houston Hammerheads,2,"$2,500,000",0,0,0,10,13,23,5,9,14,7,17,24,22,39,61,NHL,Utah Mammoth,82,02/21/1989,28,LD/RD,73,"6'1""",237,37,Left,Defensive Defenseman,2007,1,18,81,80,83,82,80,82,81,83,88,82,87,89,55,93,82,81,80,83,83,81,83,85,86,75,88
0645,Michael,Carcone,Michael Carcone,Cincinnati Thunderbolts,4,"$2,000,000",0,0,0,0,0,0,17,23,40,7,10,17,24,33,57,NHL,Utah Mammoth,81,05/19/1996,53,LW/C,69,"5'9""",182,30,Left,2 Way Forward,N/A,N/A,N/A,87,84,85,85,75,85,80,85,85,86,85,84,68,70,85,87,87,84,82,87,80,80,85,70,84
0646,Jack,McBain,Jack McBain,Montana Miners,4,"$2,000,000",0,0,0,6,8,14,19,31,50,15,24,39,40,63,103,NHL,Utah Mammoth,81,01/06/2000,22,C/LW,76,"6'4""",219,26,Left,Grinder,2018,3,63,83,82,81,84,80,80,80,83,87,82,86,82,74,83,81,83,83,84,82,83,86,93,82,87,88
0647,Kevin,Stenlund,Kevin Stenlund,Houston Hammerheads,2,"$1,500,000",4,6,10,4,11,15,17,16,33,12,18,30,37,51,88,NHL,Utah Mammoth,80,09/20/1996,82,C/RW,75,"6'3""",213,29,Right,Grinder,2015,2,58,82,81,81,83,80,80,80,84,88,84,88,86,83,86,84,82,81,82,87,82,81,83,83,70,89
0648,Brandon,Tanev,Brandon Tanev,Tennessee Wolverines,2,"$1,250,000",6,11,17,14,16,30,4,19,23,22,26,48,46,72,118,NHL,Utah Mammoth,79,12/31/1991,73,LW/RW,72,"6'0""",189,34,Left,Grinder,N/A,N/A,N/A,79,80,79,79,83,76,75,79,87,81,87,80,64,89,80,85,82,84,85,90,84,90,82,75,86
0649,Liam,O'Brien,Liam O'Brien,Puerto Rico Toros,3,"$1,250,000",0,0,0,5,7,12,0,0,0,6,7,13,11,14,25,NHL,Utah Mammoth,79,07/29/1994,38,C/LW,73,"6'1""",215,32,Left,Grinder,N/A,N/A,N/A,79,79,80,80,79,78,80,79,86,79,87,82,62,81,79,81,79,81,83,81,85,92,79,90,89
0650,Kailer,Yamamoto,Kailer Yamamoto,Brooklyn Bulldogs,4,"$1,000,000",12,21,33,19,34,53,13,26,39,0,0,0,44,81,125,NHL,Utah Mammoth,78,09/29/1998,56,RW/LW,69,"5'9""",178,27,Right,2 Way Forward,2017,1,22,86,83,83,84,81,85,80,81,86,79,83,82,64,74,80,87,86,83,82,87,80,80,83,60,80
0651,Nick,DeSimone,Nick DeSimone,UFA,,,0,0,0,0,0,0,0,0,0,0,0,0,0,0,0,NHL,Utah Mammoth,77,11/21/1994,57,RD,74,"6'2""",194,31,Right,2 Way Defender,N/A,N/A,N/A,81,79,82,81,89,81,82,81,87,83,87,82,55,80,81,81,79,80,79,80,79,82,78,80,85
0652,Filip,Hronek,Filip Hronek,Lincoln Lumberjacks,4,"$7,000,000",5,16,21,7,41,48,6,36,42,9,51,60,27,144,171,NHL,Vancouver Canucks,87,11/02/1997,17,RD,72,"6'0""",190,28,Right,2 Way Defender,2016,2,53,85,83,88,85,82,88,87,88,93,87,90,89,55,80,87,86,83,83,84,86,82,85,85,70,87
0653,Elias,Pettersson,Elias Pettersson,Baltimore Oceanics,3,"$7,000,000",18,26,44,19,41,60,31,48,79,21,46,67,89,161,250,NHL,Vancouver Canucks,87,11/12/1998,40,C/LW,74,"6'2""",176,27,Left,Playmaker,2017,1,5,90,88,89,91,87,88,85,86,91,88,90,88,78,86,87,87,88,88,85,85,82,84,85,65,85
0654,Marco,Rossi,Marco Rossi,Seattle Dragons,6,"$6,000,000",0,0,0,13,11,24,11,30,41,35,39,74,59,80,139,NHL,Vancouver Canucks,86,09/23/2001,93,C,69,"5'9""",182,24,Left,2 Way Forward,2020,1,9,86,86,90,88,83,89,88,85,87,87,87,87,77,82,84,87,88,87,80,88,82,84,86,72,86
0655,Brock,Boeser,Brock Boeser,Chicago Rockets,4,"$5,000,000",19,17,36,29,28,57,30,42,72,30,51,81,108,138,246,NHL,Vancouver Canucks,85,02/25/1997,6,RW,73,"6'1""",208,29,Right,Sniper,2015,1,23,86,86,88,86,86,90,85,90,91,89,93,84,65,80,82,83,83,83,84,84,81,83,87,67,87
0656,Marcus,Pettersson,Marcus Pettersson,Houston Hammerheads,5,"$5,000,000",2,9,11,6,19,25,9,23,32,5,17,22,22,68,90,NHL,Vancouver Canucks,85,05/08/1996,29,LD,77,"6'5""",174,30,Left,Defensive Defenseman,2014,2,38,84,83,85,85,81,85,84,86,88,83,88,92,55,84,86,84,83,85,87,83,81,84,87,70,87
0657,Filip,Chytil,Filip Chytil,Houston Hammerheads,6,"$4,000,000",13,22,35,22,28,50,21,24,45,21,30,51,77,104,181,NHL,Vancouver Canucks,84,09/05/1999,72,C/LW,74,"6'2""",210,27,Left,2 Way Forward,2017,1,21,89,85,86,89,81,87,83,84,88,85,88,86,75,79,88,90,86,86,79,88,81,82,80,70,88
0658,Jake,DeBrusk,Jake DeBrusk,Jacksonville Blood Hounds,5,"$4,000,000",9,7,16,22,20,42,15,35,50,18,21,39,64,83,147,NHL,Vancouver Canucks,84,10/17/1996,74,LW/RW,73,"6'1""",198,29,Left,2 Way Forward,2015,1,14,84,86,86,86,86,88,86,87,88,90,87,85,65,82,83,87,85,86,85,92,84,85,86,70,88
0659,Evander,Kane,Evander Kane,Puerto Rico Toros,3,"$3,250,000",12,19,31,29,30,59,30,16,46,29,27,56,100,92,192,NHL,Vancouver Canucks,83,08/02/1991,9,LW,74,"6'2""",218,35,Left,Power Forward,2009,1,4,83,82,83,83,80,86,84,84,89,87,89,82,67,79,79,88,83,83,84,88,87,91,83,85,88
0660,Zeev,Buium,Zeev Buium,Las Vegas Vipers,1,"$3,250,000",0,0,0,0,0,0,0,0,0,5,9,14,5,9,14,NHL,Vancouver Canucks,83,12/07/2005,24,LD,72,"6'0""",183,20,Left,2 Way Defender,2024,1,12,84,83,83,83,80,86,80,79,87,82,87,87,50,82,87,86,88,85,80,86,80,75,85,70,84
0661,Drew,O'Connor,Drew O'Connor,Las Vegas Vipers,2,"$2,500,000",0,0,0,12,10,22,16,34,50,16,9,25,44,53,97,NHL,Vancouver Canucks,82,06/09/1998,18,LW,76,"6'4""",209,28,Left,Power Forward,N/A,N/A,N/A,83,82,82,84,81,83,80,85,88,85,88,87,67,86,88,85,84,86,79,89,83,84,83,80,88
0662,Linus,Karlsson,Linus Karlsson,San Antonio Bandits,6,"$2,000,000",0,0,0,0,0,0,0,0,0,0,0,0,0,0,0,NHL,Vancouver Canucks,81,11/16/1999,94,C,73,"6'1""",178,26,Right,2 Way Forward,2018,3,87,83,83,83,85,81,85,82,82,87,83,87,85,68,81,86,85,83,86,78,85,84,87,80,68,86
0663,Teddy,Blueger,Teddy Blueger,Tennessee Wolverines,3,"$2,000,000",13,10,23,16,32,48,14,31,45,14,24,38,57,97,154,NHL,Vancouver Canucks,81,08/15/1994,53,C/LW,72,"6'0""",185,32,Left,2 Way Forward,2012,2,52,81,81,82,83,81,82,80,82,87,83,87,88,81,84,88,83,81,81,85,82,83,86,83,70,85
0664,Nils,Höglander,Nils Höglander,Fort Worth Defenders,5,"$2,000,000",14,13,27,20,23,43,12,26,38,15,16,31,61,78,139,NHL,Vancouver Canucks,81,12/20/2000,21,LW/RW,69,"5'9""",185,25,Left,2 Way Forward,2019,2,40,85,84,86,86,81,84,80,82,87,83,87,85,61,79,80,86,85,89,84,85,82,81,80,70,85
0665,Derek,Forbort,Derek Forbort,Detroit Motors,1,"$2,000,000",0,0,0,2,20,22,5,12,17,3,16,19,10,48,58,NHL,Vancouver Canucks,81,03/04/1992,27,LD,76,"6'4""",216,34,Left,Defensive Defenseman,2010,1,15,80,79,80,81,81,81,80,82,87,82,87,87,55,84,84,80,79,81,80,80,83,86,80,80,88
0666,Tom,Willander,Tom Willander,San Antonio Bandits,5,"$1,500,000",0,0,0,0,0,0,0,0,0,0,0,0,0,0,0,NHL,Vancouver Canucks,80,02/09/2005,5,RD,73,"6'1""",180,21,Right,2 Way Defender,2023,1,11,80,79,81,79,80,79,80,75,86,77,85,85,60,83,85,88,90,85,83,87,85,75,85,70,84
0667,Max,Sasson,Max Sasson,Memphis Cannons,1,"$1,250,000",0,0,0,0,0,0,0,0,0,0,11,11,0,11,11,NHL,Vancouver Canucks,79,09/05/2000,63,C,73,"6'1""",181,26,Left,2 Way Forward,N/A,N/A,N/A,81,80,80,82,89,85,79,80,86,83,86,84,70,80,81,88,83,85,78,88,82,82,78,70,85
0668,Pierre-Olivier,Joseph,Pierre-Olivier Joseph,North Dakota Bison,5,"$1,250,000",2,7,9,3,12,15,6,20,26,3,30,33,14,69,83,NHL,Vancouver Canucks,79,07/01/1999,7,LD/RD,74,"6'2""",185,27,Left,2 Way Defender,2017,1,23,81,80,82,82,82,78,80,81,87,83,87,84,55,79,85,81,80,82,79,82,78,79,79,70,85
0669,Aatu,Räty,Aatu Räty,St. Louis Leopards,4,"$1,000,000",0,0,0,7,7,14,0,0,0,0,0,0,7,7,14,NHL,Vancouver Canucks,78,11/14/2002,54,C,74,"6'2""",204,23,Left,2 Way Forward,2021,2,52,80,79,81,81,81,84,80,81,84,83,83,85,81,81,82,81,79,82,84,80,80,81,78,60,83
0670,Elias,Pettersson,Elias Pettersson,Detroit Motors,1,"$1,000,000",0,0,0,0,0,0,0,0,0,1,8,9,1,8,9,NHL,Vancouver Canucks,78,02/16/2004,25,LD/RD,74,"6'2""",185,22,Left,2 Way Defender,2022,3,80,81,80,82,82,80,80,83,83,87,82,87,82,55,79,80,81,79,80,78,89,87,89,78,65,86
0671,Liam,Öhgren,Liam Öhgren,Seattle Dragons,2,"$1,000,000",0,0,0,0,0,0,9,14,23,9,10,19,18,24,42,NHL,Vancouver Canucks,78,01/28/2004,92,C,72,"6'0""",187,22,Left,2 Way Forward,2022,1,19,82,80,81,83,87,82,78,84,87,82,85,82,60,81,83,84,81,84,79,88,80,80,78,75,85
0672,Victor,Mancini,Victor Mancini,Indianapolis Ghosts,2,"$900,000",0,0,0,0,0,0,0,0,0,0,0,0,0,0,0,NHL,Vancouver Canucks,78,05/26/2002,90,RD,75,"6'3""",229,24,Right,Defensive Defenseman,2022,5,159,80,80,80,81,82,80,80,81,87,83,86,83,55,80,78,82,81,85,78,82,86,88,78,75,86
0673,Curtis,Douglas,Curtis Douglas,UFA,,,0,0,0,0,0,0,0,0,0,0,0,0,0,0,0,NHL,Vancouver Canucks,75,03/06/2000,42,C,81,"6'9""",242,26,Left,Power Forward,2018,4,106,79,76,74,75,78,76,76,73,81,76,81,80,66,78,81,80,83,82,78,80,86,86,79,85,86
0674,Ty,Mueller,Ty Mueller,UFA,,,0,0,0,0,0,0,0,0,0,0,0,0,0,0,0,NHL,Vancouver Canucks,74,02/26/2003,39,C,71,"5'11""",185,23,Left,2 Way Forward,2023,4,105,81,79,75,79,83,75,77,78,84,75,82,82,74,77,84,83,86,83,80,85,83,82,86,70,83
0675,Jack,Eichel,Jack Eichel,Montana Miners,5,"$14,000,000",33,23,56,43,39,82,27,36,63,48,37,85,151,135,286,NHL,Vegas Golden Knights,94,10/28/1996,9,C,74,"6'2""",208,29,Right,Playmaker,2015,1,2,94,88,94,94,88,93,90,93,92,91,91,88,77,85,84,94,91,93,87,93,80,82,88,75,88
0676,Mitch,Marner,Mitch Marner,Atlanta Cobalts,4,"$12,000,000",27,23,50,34,52,86,30,60,90,34,36,70,125,171,296,NHL,Vegas Golden Knights,92,05/05/1997,93,RW,72,"6'0""",180,29,Right,Playmaker,2015,1,4,93,92,96,95,87,95,89,89,87,90,87,88,64,83,91,89,93,85,90,88,80,83,90,65,85
0677,Mark,Stone,Mark Stone,Richmond Robbers,7,"$10,000,000",29,31,60,34,57,91,16,44,60,29,37,66,108,169,277,NHL,Vegas Golden Knights,90,05/13/1992,61,RW,75,"6'3""",210,34,Right,2 Way Forward,2010,6,178,88,90,91,90,85,92,90,89,90,86,90,93,63,83,88,85,85,87,87,85,85,83,80,75,90
0678,Shea,Theodore,Shea Theodore,New York Steamrollers,2,"$8,000,000",6,29,35,11,29,40,11,35,46,12,33,45,40,126,166,NHL,Vegas Golden Knights,88,08/03/1995,27,LD/RD,74,"6'2""",197,31,Left,2 Way Defender,2013,1,26,92,88,94,92,84,93,90,86,90,89,90,88,55,82,86,91,89,83,86,90,78,79,83,70,87
0679,Noah,Hanifin,Noah Hanifin,South Dakota Spartans,7,"$8,000,000",1,24,25,7,31,38,14,28,42,16,31,47,38,114,152,NHL,Vegas Golden Knights,88,01/25/1997,15,LD,75,"6'3""",206,29,Left,2 Way Defender,2015,1,5,89,87,92,89,88,88,85,89,88,92,88,90,55,82,87,89,89,84,86,90,79,82,89,75,88
0680,Rasmus,Andersson,Rasmus Andersson,Washington Admirals,3,"$8,000,000",3,21,24,7,25,32,4,14,18,10,47,57,24,107,131,NHL,Vegas Golden Knights,88,10/27/1996,4,RD,73,"6'1""",202,29,Right,2 Way Defender,2015,2,53,88,86,88,88,82,88,85,91,88,90,88,90,55,91,87,90,88,86,92,89,80,84,90,75,88
0681,Ivan,Barbashev,Ivan Barbashev,Atlanta Cobalts,1,"$6,000,000",24,11,35,19,27,46,19,30,49,6,37,43,68,105,173,NHL,Vegas Golden Knights,86,12/14/1995,49,LW/C,72,"6'0""",203,30,Left,2 Way Forward,2014,2,33,86,86,88,88,85,90,86,87,91,89,91,86,66,82,86,86,84,89,85,86,85,86,84,65,89
0682,Tomas,Hertl,Tomas Hertl,Florida Sunshine,2,"$6,000,000",19,25,44,23,46,69,26,34,60,28,29,57,96,134,230,NHL,Vegas Golden Knights,86,11/12/1993,48,C/LW,75,"6'3""",220,32,Left,Sniper,2012,1,17,89,87,88,90,83,86,86,86,89,89,88,86,82,85,85,85,89,92,87,84,85,86,85,65,90
0683,Pavel,Dorofeyev,Pavel Dorofeyev,Chicago Rockets,2,"$6,000,000",2,5,7,18,9,27,20,19,39,20,29,49,60,62,122,NHL,Vegas Golden Knights,86,10/26/2000,16,LW/RW,73,"6'1""",194,25,Left,Sniper,2019,3,79,86,85,84,87,82,88,85,91,88,91,88,85,63,80,82,86,87,90,83,84,80,81,83,65,84
0684,Brayden,McNabb,Brayden McNabb,Cleveland Demons,3,"$5,000,000",2,7,9,5,21,26,4,9,13,5,22,27,16,59,75,NHL,Vegas Golden Knights,85,01/21/1991,3,LD,76,"6'4""",215,35,Left,Defensive Defenseman,2009,3,66,82,80,82,83,83,83,83,85,88,86,87,91,55,90,87,82,83,82,85,82,82,86,87,80,89
0685,William,Karlsson,William Karlsson,Indianapolis Ghosts,2,"$4,000,000",17,15,32,21,52,73,23,34,57,19,43,62,80,144,224,NHL,Vegas Golden Knights,84,01/08/1993,71,C,72,"6'0""",190,33,Left,2 Way Forward,2011,2,53,86,85,86,87,88,87,85,85,86,86,87,88,81,83,87,88,85,85,85,87,81,82,82,65,85
0686,Kaedan,Korczak,Kaedan Korczak,Long Island Blizzard,3,"$3,250,000",0,0,0,0,0,0,0,0,0,3,13,16,3,13,16,NHL,Vegas Golden Knights,83,01/29/2001,6,RD,75,"6'3""",206,25,Right,Defensive Defenseman,2019,2,41,83,82,84,83,87,82,85,80,86,81,85,88,55,85,85,81,81,84,79,81,83,88,79,75,88
0687,Brett,Howden,Brett Howden,North Dakota Bison,4,"$2,500,000",6,6,12,13,13,26,9,12,21,16,17,33,44,48,92,NHL,Vegas Golden Knights,82,03/29/1998,21,C/LW,74,"6'2""",201,28,Left,Grinder,2016,1,27,83,82,83,83,80,83,82,85,87,87,87,83,73,86,84,84,83,86,81,88,85,88,83,75,87
0688,Keegan,Kolesar,Keegan Kolesar,Kansas City Metrostars,2,"$2,500,000",0,0,0,6,8,14,12,8,20,16,12,28,34,28,62,NHL,Vegas Golden Knights,82,04/08/1997,55,RW,74,"6'2""",216,29,Right,Grinder,2015,3,69,84,82,81,82,81,80,80,80,86,82,86,80,65,83,81,84,84,88,82,83,86,91,82,90,90
0689,Reilly,Smith,Reilly Smith,Lincoln Lumberjacks,2,"$2,500,000",17,21,38,16,33,49,21,36,57,20,31,51,74,121,195,NHL,Vegas Golden Knights,82,04/01/1991,19,RW/LW,73,"6'1""",185,35,Left,Sniper,2009,3,69,83,82,86,83,83,85,83,86,88,86,88,84,64,82,83,86,83,81,85,85,81,83,84,65,85
0690,Jeremy,Lauzon,Jeremy Lauzon,Philadelphia Destroyers,5,"$2,500,000",0,3,3,6,14,20,7,16,23,3,23,26,16,56,72,NHL,Vegas Golden Knights,82,04/28/1997,5,LD/RD,75,"6'3""",225,29,Left,Defensive Defenseman,2015,2,52,80,78,79,80,79,81,80,83,90,81,89,85,55,80,81,85,79,82,84,86,90,92,79,86,89
0691,Nic,Dowd,Nic Dowd,Baltimore Oceanics,5,"$2,500,000",0,0,0,12,27,39,6,26,32,0,8,8,18,61,79,NHL,Vegas Golden Knights,82,05/27/1990,62,C,74,"6'2""",195,36,Right,Grinder,2009,7,198,84,84,83,86,80,82,79,84,87,82,87,88,82,89,87,82,83,86,88,82,84,88,84,75,87
0692,Colton,Sissons,Colton Sissons,Kansas City Metrostars,1,"$2,000,000",9,10,19,11,27,38,16,22,38,20,25,45,56,84,140,NHL,Vegas Golden Knights,81,11/05/1993,10,C,73,"6'1""",200,32,Right,2 Way Forward,2012,2,50,82,82,82,84,82,83,80,82,87,83,87,86,79,87,85,82,82,86,88,89,84,87,83,75,87
0693,Braeden,Bowman,Braeden Bowman,Long Island Blizzard,5,"$1,500,000",0,0,0,0,0,0,0,0,0,0,0,0,0,0,0,NHL,Vegas Golden Knights,80,06/26/2003,42,RW,74,"6'2""",195,23,Right,Power Forward,N/A,N/A,N/A,84,85,85,85,86,86,83,81,86,82,86,83,65,79,86,84,84,84,82,84,80,78,84,70,86
0694,Cole,Smith,Cole Smith,Houston Hammerheads,7,"$1,250,000",3,1,4,8,12,20,7,10,17,8,28,36,26,51,77,NHL,Vegas Golden Knights,79,10/28/1995,22,LW,75,"6'3""",195,30,Left,Grinder,N/A,N/A,N/A,79,78,76,76,80,74,77,77,87,78,87,81,65,81,82,83,81,88,84,90,87,90,80,87,89
0695,Ben,Hutton,Ben Hutton,Chicago Rockets,1,"$1,200,000",0,3,3,7,13,20,6,10,16,0,0,0,13,26,39,NHL,Vegas Golden Knights,79,04/20/1993,17,LD,75,"6'3""",209,33,Left,2 Way Defender,2012,5,147,82,81,81,84,88,81,82,82,87,82,87,84,55,82,83,81,81,85,79,80,79,82,78,65,87
0696,Brandon,Saad,Brandon Saad,St. Louis Leopards,3,"$1,250,000",16,17,33,19,34,53,28,14,42,7,16,23,70,81,151,NHL,Vegas Golden Knights,79,10/27/1992,20,LW/RW,73,"6'1""",207,33,Left,Sniper,2011,2,43,82,81,82,82,87,83,80,80,87,82,87,81,65,80,82,87,85,82,81,87,81,82,83,70,86
0697,Alex,Pietrangelo,Alex Pietrangelo,UFA,,,6,16,22,14,57,71,10,29,39,21,38,59,51,140,191,NHL,Vegas Golden Knights,70,01/18/1990,7,RD,75,"6'3""",215,36,Right,2 Way Defender,2008,1,4,75,75,75,75,83,77,75,70,85,70,85,77,55,70,75,75,75,85,88,75,85,87,85,75,85
0698,Dylan,Strome,Dylan Strome,Honolulu Hawks,7,"$9,000,000",17,14,31,22,49,71,19,18,37,30,28,58,88,109,197,NHL,Washington Capitals,89,03/07/1997,17,C,76,"6'4""",200,29,Left,Playmaker,2015,1,3,91,88,92,90,83,91,89,87,90,90,90,87,83,82,85,88,88,82,84,86,80,81,87,70,88
0699,Alex,Ovechkin,Alex Ovechkin,Brooklyn Bulldogs,4,"$9,000,000",23,22,45,34,48,82,37,29,66,41,43,84,135,142,277,NHL,Washington Capitals,89,09/17/1985,8,LW,75,"6'3""",238,40,Right,Sniper,2004,1,1,83,82,88,82,83,94,90,93,95,94,93,82,62,80,79,85,85,93,83,83,82,88,85,80,94
0700,Jakob,Chychrun,Jakob Chychrun,Montana Miners,2,"$8,000,000",3,18,21,10,24,34,14,25,39,11,36,47,38,103,141,NHL,Washington Capitals,88,03/31/1998,6,LD/RD,74,"6'2""",215,28,Left,2 Way Defender,2016,1,16,91,87,89,89,80,90,91,91,89,93,89,89,55,82,86,91,90,89,82,90,80,82,86,80,89
0701,Tom,Wilson,Tom Wilson,Florida Sunshine,7,"$8,000,000",17,18,35,18,32,50,18,34,52,23,32,55,76,116,192,NHL,Washington Capitals,88,03/29/1994,43,RW,76,"6'4""",225,32,Right,Power Forward,2012,1,16,83,90,83,85,80,88,84,89,89,86,87,85,64,88,84,84,84,88,86,88,86,93,87,86,94
0702,Aliaksei,Protas,Aliaksei Protas,Philadelphia Destroyers,6,"$6,000,000",2,2,4,3,14,17,10,20,30,23,33,56,38,69,107,NHL,Washington Capitals,86,01/06/2001,21,C/LW,78,"6'6""",250,25,Left,Power Forward,2019,3,91,87,87,88,88,85,88,87,85,90,89,89,88,65,83,86,88,85,86,80,90,80,82,84,85,91
0703,Pierre-Luc,Dubois,Pierre-Luc Dubois,Lincoln Lumberjacks,4,"$6,000,000",14,17,31,20,47,67,12,31,43,3,18,21,49,113,162,NHL,Washington Capitals,86,06/24/1998,80,C,76,"6'4""",220,28,Left,Power Forward,2016,1,3,91,87,90,90,80,89,87,87,90,87,89,85,81,85,83,88,89,92,85,88,84,85,87,75,87
0704,Martin,Fehervary,Martin Fehervary,Memphis Cannons,6,"$6,000,000",0,7,7,9,5,14,6,13,19,10,22,32,25,47,72,NHL,Washington Capitals,86,10/06/1999,42,LD,74,"6'2""",215,26,Left,Defensive Defenseman,2018,2,46,83,80,85,85,87,85,87,87,87,84,87,93,55,89,84,85,82,89,86,85,80,84,85,80,90
0705,Rasmus,Sandin,Rasmus Sandin,Memphis Cannons,3,"$5,000,000",1,12,13,19,26,45,5,17,22,8,26,34,33,81,114,NHL,Washington Capitals,85,03/07/2000,38,LD,71,"5'11""",189,26,Left,2 Way Defender,2018,1,29,89,85,89,89,85,88,85,84,87,85,87,87,55,84,85,88,85,84,81,86,81,84,85,70,85
0706,Connor,McMichael,Connor McMichael,Long Island Blizzard,3,"$5,000,000",4,15,19,16,27,43,19,24,43,29,34,63,68,100,168,NHL,Washington Capitals,85,01/15/2001,24,C/LW,72,"6'0""",180,25,Left,2 Way Forward,2019,1,25,86,85,86,86,81,89,85,87,88,86,88,87,69,83,84,90,86,86,82,90,80,84,85,68,88
0707,Matt,Roy,Matt Roy,Montana Miners,1,"$4,000,000",3,9,12,7,11,18,9,19,28,6,22,28,25,61,86,NHL,Washington Capitals,84,03/01/1995,3,RD,74,"6'2""",220,31,Right,2 Way Defender,2015,7,194,83,81,86,83,83,86,84,87,88,85,87,87,55,85,82,83,82,83,81,84,84,87,84,80,87
0708,Timothy,Liljegren,Timothy Liljegren,Portland Sea Lions,3,"$2,500,000",1,10,11,3,18,21,3,22,25,2,9,11,9,59,68,NHL,Washington Capitals,82,04/30/1999,27,RD,73,"6'1""",200,27,Right,2 Way Defender,2017,1,17,85,82,85,85,81,87,82,88,87,86,87,85,55,85,82,86,83,84,83,86,82,85,82,65,85
0709,Trevor,van Riemsdyk,Trevor van Riemsdyk,Baltimore Oceanics,4,"$2,500,000",0,0,0,5,9,14,7,7,14,1,5,6,13,21,34,NHL,Washington Capitals,82,07/24/1991,57,RD,75,"6'3""",210,35,Right,Defensive Defenseman,N/A,N/A,N/A,85,83,86,87,83,84,85,83,87,83,87,89,55,85,84,84,82,88,80,83,78,80,84,75,88
0710,Ryan,Leonard,Ryan Leonard,Florida Sunshine,5,"$2,500,000",0,0,0,0,0,0,0,0,0,8,21,29,8,21,29,NHL,Washington Capitals,82,01/21/2005,9,RW/C,73,"6'1""",205,21,Right,2 Way Forward,2023,1,8,86,83,85,87,81,86,83,84,87,84,87,85,64,78,82,86,84,86,83,88,84,88,78,70,87
0711,Justin,Sourdif,Justin Sourdif,Long Island Blizzard,5,"$2,000,000",0,0,0,6,5,11,0,0,0,0,0,0,6,5,11,NHL,Washington Capitals,81,03/24/2002,34,C,72,"6'0""",195,24,Right,2 Way Forward,2020,3,87,86,84,84,83,80,84,80,79,86,82,86,84,72,79,84,87,87,85,79,87,88,84,82,75,87
0712,Brandon,Duhaime,Brandon Duhaime,Nevada Archers,5,"$2,000,000",5,2,7,13,12,25,11,11,22,9,19,28,38,44,82,NHL,Washington Capitals,81,05/22/1997,22,RW/LW,74,"6'2""",210,29,Left,Grinder,2016,4,106,80,80,80,83,81,81,79,82,86,83,86,83,65,87,83,83,81,86,85,83,84,90,82,92,88
0713,Ethen,Frank,Ethen Frank,Houston Hammerheads,5,"$1,500,000",0,0,0,0,0,0,0,0,0,0,0,0,0,0,0,NHL,Washington Capitals,80,02/05/1998,53,C,71,"5'11""",188,28,Right,Sniper,N/A,N/A,N/A,83,82,82,82,82,84,80,83,87,84,87,81,61,78,79,86,82,82,82,90,82,84,79,65,83
0714,Anthony,Beauvillier,Anthony Beauvillier,Philadelphia Destroyers,3,"$1,500,000",12,20,32,26,28,54,14,25,39,12,15,27,64,88,152,NHL,Washington Capitals,80,06/08/1997,72,LW/RW,71,"5'11""",181,29,Left,2 Way Forward,2015,1,28,83,82,83,84,85,84,81,84,86,86,85,84,65,83,83,84,83,83,80,85,85,87,82,70,85
0715,Declan,Chisholm,Declan Chisholm,Washington Admirals,4,"$1,500,000",0,0,0,0,0,0,0,0,0,0,9,9,0,9,9,NHL,Washington Capitals,80,01/12/2000,47,RD,73,"6'1""",205,26,Left,2 Way Defender,2018,5,150,85,82,85,85,86,82,86,84,87,83,86,84,55,81,83,85,81,83,79,85,79,81,80,70,85
0716,Hendrix,Lapierre,Hendrix Lapierre,Las Vegas Vipers,3,"$1,250,000",0,0,0,0,0,0,9,10,19,4,12,16,13,22,35,NHL,Washington Capitals,79,02/09/2002,29,C,72,"6'0""",195,24,Left,2 Way Forward,2020,1,22,85,81,84,86,85,83,80,80,85,82,85,84,70,82,83,82,81,81,78,82,82,83,78,65,84
0717,David,Kampf,David Kampf,Atlanta Cobalts,1,"$1,250,000",0,0,0,17,32,49,16,13,29,16,32,48,49,77,126,NHL,Washington Capitals,79,01/12/1995,64,C/RW,74,"6'2""",193,31,Left,2 Way Forward,N/A,N/A,N/A,81,80,80,82,83,80,78,81,87,82,87,86,78,80,88,81,82,85,80,81,84,86,80,65,85
0718,Cole,Hutson,Cole Hutson,Brooklyn Bulldogs,4,"$1,000,000",0,0,0,0,0,0,0,0,0,0,0,0,0,0,0,NHL,Washington Capitals,78,06/28/2006,44,LD,71,"5'11""",172,20,Left,Offensive Defenseman,2024,2,43,86,84,86,85,80,85,75,78,85,82,85,79,55,80,81,86,88,82,80,85,75,72,85,68,82
0719,Ivan,Miroshnichenko,Ivan Miroshnichenko,Lincoln Lumberjacks,2,"$900,000",0,0,0,0,0,0,15,14,29,2,17,19,17,31,48,NHL,Washington Capitals,77,02/04/2004,63,LW,73,"6'1""",185,22,Right,Sniper,2022,1,20,81,79,80,81,87,82,78,84,87,82,87,82,60,81,79,81,80,80,79,80,82,87,78,75,86
0720,Dylan,McIlrath,Dylan McIlrath,UFA,,,0,0,0,0,0,0,0,0,0,0,0,0,0,0,0,NHL,Washington Capitals,75,04/20/1992,52,RD,77,"6'5""",240,34,Right,Enforcer,2010,1,10,78,77,77,78,80,75,80,77,88,79,88,80,55,80,81,78,78,84,80,79,84,89,78,91,90
0721,Kyle,Connor,Kyle Connor,Columbus Cougars,4,"$12,000,000",25,22,47,25,34,59,33,33,66,30,33,63,113,122,235,NHL,Winnipeg Jets,92,12/09/1996,81,LW,73,"6'1""",183,29,Left,Sniper,2015,1,17,92,87,93,91,86,95,90,94,90,94,90,84,63,82,81,93,90,83,83,91,80,81,89,70,86
0722,Mark,Scheifele,Mark Scheifele,Arizona Heat,4,"$12,000,000",13,21,34,32,48,80,24,33,57,37,41,78,106,143,249,NHL,Winnipeg Jets,92,03/15/1993,55,C,75,"6'3""",207,33,Right,Playmaker,2011,1,7,92,89,93,91,82,94,89,93,89,89,89,89,80,84,86,90,90,90,83,90,83,83,90,70,87
0723,Josh,Morrissey,Josh Morrissey,Baltimore Oceanics,2,"$11,000,000",9,19,28,6,31,37,11,36,47,19,48,67,45,134,179,NHL,Winnipeg Jets,91,03/28/1995,44,LD,72,"6'0""",195,31,Left,Offensive Defenseman,2013,1,13,92,89,92,92,85,94,91,92,91,92,90,88,55,81,85,91,89,90,88,89,80,82,90,75,85
0724,Gabe,Vilardi,Gabe Vilardi,Indianapolis Ghosts,6,"$7,000,000",15,22,37,15,19,34,18,45,63,28,32,60,76,118,194,NHL,Winnipeg Jets,87,08/16/1999,13,C/RW,75,"6'3""",216,27,Right,Power Forward,2017,1,11,88,93,89,87,86,91,85,87,89,88,89,87,67,83,85,84,85,91,83,85,85,84,84,70,91
0725,Dylan,DeMelo,Dylan DeMelo,South Dakota Spartans,3,"$6,000,000",0,0,0,4,20,24,5,15,20,6,27,33,15,62,77,NHL,Winnipeg Jets,86,05/01/1993,2,RD,73,"6'1""",194,33,Right,2 Way Defender,2011,6,179,84,83,86,85,82,85,85,85,88,84,87,89,55,81,87,82,81,86,88,82,83,87,88,77,85
0726,Neal,Pionk,Neal Pionk,Seattle Dragons,5,"$5,000,000",5,16,21,3,16,19,9,36,45,15,45,60,32,113,145,NHL,Winnipeg Jets,85,07/29/1995,4,RD,72,"6'0""",190,31,Right,Offensive Defenseman,N/A,N/A,N/A,87,84,90,87,81,87,89,89,89,90,89,87,55,83,82,87,84,86,82,86,85,88,86,70,85
0727,Adam,Lowry,Adam Lowry,Charleston Tsunami,2,"$4,000,000",11,12,23,13,26,39,8,21,29,21,23,44,53,82,135,NHL,Winnipeg Jets,84,03/29/1993,17,C,77,"6'5""",210,33,Left,2 Way Forward,2011,3,67,85,85,83,86,84,84,81,82,87,84,87,89,83,87,86,83,84,87,89,84,86,88,83,83,89
0728,Cole,Perfetti,Cole Perfetti,Kansas City Metrostars,1,"$4,000,000",6,14,20,10,20,30,23,25,48,29,33,62,68,92,160,NHL,Winnipeg Jets,84,01/01/2002,91,C/LW,71,"5'11""",185,24,Left,Playmaker,2020,1,10,87,84,88,87,83,88,83,87,89,88,88,84,66,81,80,87,85,84,79,85,82,83,83,70,84
0729,Nino,Niederreiter,Nino Niederreiter,Philadelphia Destroyers,4,"$4,000,000",12,13,25,16,32,48,13,16,29,14,39,53,55,100,155,NHL,Winnipeg Jets,84,09/08/1992,62,RW/LW,74,"6'2""",218,34,Left,2 Way Forward,2010,1,5,85,91,86,87,82,87,83,85,89,90,88,86,66,81,82,84,83,85,83,84,85,88,82,65,88
0730,Dylan,Samberg,Dylan Samberg,Long Island Blizzard,4,"$3,250,000",0,0,0,7,11,18,6,8,14,3,8,11,16,27,43,NHL,Winnipeg Jets,83,01/24/1999,54,LD,76,"6'4""",216,27,Left,Defensive Defenseman,N/A,N/A,N/A,84,83,84,86,83,84,86,84,89,87,87,89,55,87,87,83,82,88,80,83,80,83,82,80,87
0731,Alex,Iafallo,Alex Iafallo,Nevada Archers,4,"$3,250,000",16,12,28,19,29,48,12,21,33,14,37,51,61,99,160,NHL,Winnipeg Jets,83,12/21/1993,9,LW/C,72,"6'0""",201,32,Left,2 Way Forward,N/A,N/A,N/A,84,85,85,86,86,87,80,84,88,83,88,87,65,87,85,85,83,84,81,85,82,83,83,70,86
0732,Gustav,Nyquist,Gustav Nyquist,Cincinnati Thunderbolts,2,"$3,250,000",24,18,42,15,33,48,28,38,66,20,37,57,87,126,213,NHL,Winnipeg Jets,83,09/01/1989,14,RW/LW,71,"5'11""",180,37,Left,Playmaker,2008,4,121,88,85,87,89,86,85,83,82,87,87,87,83,65,81,84,87,86,87,84,84,81,82,86,65,83
0733,Vladislav,Namestnikov,Vladislav Namestnikov,Columbus Cougars,5,"$2,500,000",8,21,29,16,26,42,13,21,34,16,25,41,53,93,146,NHL,Winnipeg Jets,82,11/22/1992,7,LW,72,"6'0""",181,33,Left,2 Way Forward,2011,1,27,86,84,84,87,81,85,83,84,87,84,87,86,74,85,83,84,84,82,80,84,84,86,83,60,85
0734,Jonathan,Toews,Jonathan Toews,New York Steamrollers,1,"$2,500,000",29,18,47,17,37,54,15,33,48,0,0,0,61,88,149,NHL,Winnipeg Jets,82,04/29/1988,19,C,74,"6'2""",201,38,Left,2 Way Forward,2006,1,3,86,83,87,85,81,87,81,83,86,85,86,86,84,81,82,82,82,85,86,82,81,81,81,70,85
0735,Morgan,Barron,Morgan Barron,Baltimore Oceanics,2,"$2,000,000",0,0,0,7,3,10,13,13,26,9,15,24,29,31,60,NHL,Winnipeg Jets,81,12/02/1998,36,LW,76,"6'4""",220,27,Left,Power Forward,2017,6,174,82,82,82,84,82,81,80,80,88,83,87,83,68,85,85,84,82,85,79,89,86,90,80,65,89
0736,Jacob,Bryson,Jacob Bryson,Columbus Cougars,3,"$2,000,000",0,7,7,3,10,13,3,10,13,5,17,22,11,44,55,NHL,Winnipeg Jets,81,11/18/1997,78,LD/RD,69,"5'9""",177,28,Left,2 Way Defender,2017,4,99,82,81,81,83,84,81,81,80,87,81,86,85,55,81,89,82,80,87,79,82,79,81,79,65,82
0737,Colin,Miller,Colin Miller,Raleigh Wildcats,4,"$2,000,000",1,9,10,10,28,38,3,9,12,5,6,11,19,52,71,NHL,Winnipeg Jets,81,10/29/1992,6,RD,73,"6'1""",200,33,Right,2 Way Defender,2012,5,151,82,81,82,83,80,85,81,86,93,84,90,84,55,80,81,82,81,82,79,82,85,89,80,70,85
0738,Haydn,Fleury,Haydn Fleury,Cincinnati Thunderbolts,5,"$1,250,000",4,15,19,5,28,33,8,13,21,3,18,21,20,74,94,NHL,Winnipeg Jets,79,07/08/1996,24,LD/RD,76,"6'4""",207,30,Left,2 Way Defender,2014,1,7,82,79,81,82,84,82,83,81,87,81,87,83,55,85,82,82,80,84,79,82,82,85,79,70,87
0739,Isak,Rosén,Isak Rosén,Raleigh Wildcats,2,"$1,000,000",0,0,0,0,0,0,0,0,0,3,5,8,3,5,8,NHL,Winnipeg Jets,78,03/15/2003,27,LW/RW,72,"6'0""",185,23,Left,Playmaker,2021,1,14,84,80,81,80,87,84,81,81,87,83,87,78,61,75,80,88,86,78,81,89,79,79,85,60,78
0740,Cole,Koepke,Cole Koepke,Florida Sunshine,3,"$1,000,000",0,0,0,7,7,14,0,0,0,9,9,18,16,16,32,NHL,Winnipeg Jets,78,05/17/1998,45,LW,73,"6'1""",207,28,Left,2 Way Forward,2018,6,183,81,80,80,82,84,82,78,81,86,84,86,83,60,79,80,83,81,83,80,83,84,91,79,75,85
0741,Brad,Lambert,Brad Lambert,North Dakota Bison,3,"$1,400,000",0,0,0,0,0,0,0,0,0,0,0,0,0,0,0,NHL,Winnipeg Jets,76,12/19/2003,93,C,73,"6'1""",173,22,Right,2 Way Forward,2022,1,30,82,79,80,82,81,81,77,79,87,81,87,81,68,80,79,80,79,85,77,81,82,86,77,65,82
0742,Elias,Salomonsson,Elias Salomonsson,UFA,,,0,0,0,0,0,0,0,0,0,0,0,0,0,0,0,NHL,Winnipeg Jets,75,08/31/2004,57,RD,72,"6'0""",172,22,Right,2 Way Defender,2022,2,55,77,75,75,75,80,70,75,70,86,72,86,82,60,83,83,83,82,85,83,83,80,80,85,80,84
0743,Jack,Thompson,Jack Thompson,St. Louis Leopards,4,"$1,250,000",0,0,0,0,0,0,0,0,0,3,4,7,3,4,7,AHL,Abbotsford Canucks,79,03/19/2002,2,RD/LD,73,"6'1""",189,24,Right,2 Way Defender,2020,3,93,81,80,82,83,81,84,82,82,86,84,86,83,55,83,81,81,80,81,79,83,79,81,78,70,86
0744,Jonathan,Lekkerimäki,Jonathan Lekkerimäki,Lincoln Lumberjacks,3,"$2,000,000",0,0,0,0,0,0,0,0,0,8,9,17,8,9,17,AHL,Abbotsford Canucks,77,07/24/2004,23,RW,71,"5'11""",172,22,Right,Sniper,2022,1,15,82,79,81,82,87,83,78,85,88,83,87,81,60,78,79,81,79,81,79,80,81,83,78,65,79
0745,Arshdeep,Bains,Arshdeep Bains,San Antonio Bandits,1,"$1,000,000",0,0,0,0,0,0,0,0,0,0,0,0,0,0,0,AHL,Abbotsford Canucks,77,01/09/2001,13,LW,72,"6'0""",184,25,Left,2 Way Forward,N/A,N/A,N/A,82,79,82,80,83,82,80,79,85,79,85,83,63,77,82,82,83,80,84,83,82,82,83,74,82
0746,Kirill,Kudryavtsev,Kirill Kudryavtsev,Fort Worth Defenders,2,"$1,000,000",0,0,0,0,0,0,0,0,0,0,0,0,0,0,0,AHL,Abbotsford Canucks,75,02/05/2004,59,LD/RD,71,"5'11""",200,22,Left,2 Way Defender,2022,7,208,79,78,78,78,80,76,75,70,86,72,86,81,50,81,83,83,82,84,77,83,82,82,85,73,84
0747,Nils,Åman,Nils Åman,UFA,,,0,0,0,14,10,24,13,11,24,0,0,0,27,21,48,AHL,Abbotsford Canucks,74,02/07/2000,88,C,74,"6'2""",179,26,Left,2 Way Forward,2020,6,167,79,77,79,77,83,79,76,76,80,76,80,83,70,75,82,81,81,78,79,81,81,80,78,70,80
0748,Guillaume,Brisebois,Guillaume Brisebois,UFA,,,0,0,0,0,0,0,0,0,0,0,0,0,0,0,0,AHL,Abbotsford Canucks,74,07/21/1997,55,LD,74,"6'2""",175,29,Left,2 Way Defender,2015,3,66,76,74,75,75,80,74,70,67,87,68,87,79,55,85,85,81,81,87,84,81,87,85,75,72,86
0749,Jimmy,Schuldt,Jimmy Schuldt,UFA,,,0,0,0,0,0,0,0,0,0,0,0,0,0,0,0,AHL,Abbotsford Canucks,73,05/11/1995,58,LD,73,"6'1""",203,31,Left,2 Way Defender,N/A,N/A,N/A,76,72,80,76,80,73,70,72,86,73,85,78,55,85,83,83,83,85,83,83,80,80,85,75,84
0750,Jujhar,Khaira,Jujhar Khaira,UFA,,,0,0,0,9,22,31,6,7,13,0,0,0,15,29,44,AHL,Abbotsford Canucks,73,08/13/1994,15,C/LW,76,"6'4""",212,32,Left,Grinder,2012,3,63,79,76,76,77,79,76,76,72,79,74,79,78,72,73,78,81,82,82,80,80,85,81,78,75,84
0751,Joseph,Labate,Joseph Labate,UFA,,,0,0,0,0,0,0,0,0,0,0,0,0,0,0,0,AHL,Abbotsford Canucks,72,04/16/1993,14,C,77,"6'5""",213,33,Left,Grinder,2011,4,101,77,74,74,74,79,77,76,74,80,77,82,79,75,79,78,81,81,77,85,81,82,82,79,84,79
0752,Danila,Klimovich,Danila Klimovich,UFA,,,0,0,0,0,0,0,0,0,0,0,0,0,0,0,0,AHL,Abbotsford Canucks,72,01/09/2003,9,C,74,"6'2""",202,23,Right,2 Way Forward,2021,2,41,80,76,75,76,79,79,77,77,84,82,86,77,62,73,75,84,84,78,78,84,84,82,81,70,81
0753,Nikolai,Knyzhov,Nikolai Knyzhov,UFA,,,0,0,0,4,9,13,6,7,13,0,0,0,10,16,26,AHL,Abbotsford Canucks,71,03/20/1998,72,LD/RD,75,"6'3""",222,28,Left,Defensive Defenseman,N/A,N/A,N/A,71,70,72,72,80,70,70,70,86,71,86,77,55,80,80,81,80,87,85,80,85,80,85,70,86
0754,Mackenzie,MacEachern,Mackenzie MacEachern,UFA,,,0,0,0,0,0,0,0,0,0,0,0,0,0,0,0,AHL,Abbotsford Canucks,71,03/09/1994,20,LW/RW,74,"6'2""",193,32,Left,2 Way Forward,2012,3,67,79,77,76,75,81,77,76,75,82,75,80,78,63,73,80,82,82,78,84,82,82,80,80,78,82
0755,Chase,Wouters,Chase Wouters,UFA,,,0,0,0,0,0,0,0,0,0,0,0,0,0,0,0,AHL,Abbotsford Canucks,71,02/08/2000,21,C,72,"6'0""",185,26,Right,2 Way Forward,N/A,N/A,N/A,79,77,75,74,81,75,74,75,81,75,81,78,79,84,77,82,83,79,89,83,89,87,87,75,81
0756,Dino,Kambeitz,Dino Kambeitz,UFA,,,0,0,0,0,0,0,0,0,0,0,0,0,0,0,0,AHL,Abbotsford Canucks,70,01/25/2000,17,RW,74,"6'2""",205,26,Right,2 Way Forward,N/A,N/A,N/A,76,73,72,73,79,74,74,73,80,76,83,80,63,81,80,80,81,81,78,80,84,82,78,75,82
0757,Jayden,Grubbe,Jayden Grubbe,UFA,,,0,0,0,0,0,0,0,0,0,0,0,0,0,0,0,AHL,Abbotsford Canucks,70,01/12/2003,92,C,75,"6'3""",201,23,Right,Power Forward,2021,3,65,77,74,72,73,84,74,73,72,79,73,79,81,79,81,82,80,81,79,83,79,84,81,83,75,82
0758,Max,Jones,Max Jones,St. Louis Leopards,2,"$900,000",7,11,18,31,18,49,10,13,23,0,0,0,48,42,90,AHL,Bakersfield Condors,78,02/17/1998,46,LW,75,"6'3""",216,28,Left,Power Forward,2016,1,24,80,78,78,81,79,78,82,78,88,80,87,78,61,78,80,83,81,85,79,83,88,89,79,80,87
0759,Josh,Brown,Josh Brown,UFA,,,0,0,0,0,0,0,4,14,18,0,0,0,4,14,18,AHL,Bakersfield Condors,77,01/21/1994,44,RD,77,"6'5""",220,32,Right,Defensive Defenseman,2013,6,152,79,79,79,81,84,81,80,84,88,82,87,83,55,86,82,81,80,81,85,81,80,80,79,75,88
0760,Alec,Regula,Alec Regula,UFA,,,0,0,0,4,16,20,0,0,0,0,0,0,4,16,20,AHL,Bakersfield Condors,76,08/06/2000,75,RD,76,"6'4""",211,26,Right,2 Way Defender,2018,3,67,80,74,79,79,75,74,70,75,87,76,86,80,55,85,85,82,82,86,75,82,86,86,85,75,87
0761,Isaac,Howard,Isaac Howard,Las Vegas Vipers,3,"$3,000,000",0,0,0,0,0,0,0,0,0,0,0,0,0,0,0,AHL,Bakersfield Condors,76,03/30/2004,53,LW,70,"5'10""",180,22,Left,Sniper,2022,1,31,85,84,82,82,83,82,75,79,86,80,86,77,65,70,77,87,88,76,83,87,75,70,85,65,80
0762,Quinn,Hutson,Quinn Hutson,UFA,,,0,0,0,0,0,0,0,0,0,0,0,0,0,0,0,AHL,Bakersfield Condors,75,01/01/2002,23,RW,71,"5'11""",170,24,Right,2 Way Forward,N/A,N/A,N/A,81,80,79,79,80,80,70,79,87,80,87,80,70,78,81,86,86,82,80,86,75,75,85,70,83
0763,Seth,Griffith,Seth Griffith,UFA,,,0,0,0,0,0,0,0,0,0,0,0,0,0,0,0,AHL,Bakersfield Condors,75,01/04/1993,39,RW/C,69,"5'9""",190,33,Right,Playmaker,2012,5,131,83,80,81,81,80,81,80,77,85,80,86,75,62,73,74,84,86,80,85,86,77,80,87,65,80
0764,James,Hamblin,James Hamblin,UFA,,,0,0,0,0,0,0,0,0,0,0,0,0,0,0,0,AHL,Bakersfield Condors,75,04/27/1999,52,LW/C,70,"5'10""",185,27,Left,Playmaker,N/A,N/A,N/A,80,79,79,81,87,81,78,81,85,81,85,84,75,82,83,79,79,80,78,79,81,82,78,65,82
0765,Atro,Leppänen,Atro Leppänen,UFA,,,0,0,0,0,0,0,0,0,0,0,0,0,0,0,0,AHL,Bakersfield Condors,74,12/14/1998,37,LD/RD,72,"6'0""",183,27,Left,2 Way Defender,N/A,N/A,N/A,71,70,80,77,82,87,81,79,86,77,86,80,50,80,79,82,83,82,81,82,80,73,85,68,75
0766,Roby,Järventie,Roby Järventie,UFA,,,0,0,0,15,13,28,0,0,0,0,0,0,15,13,28,AHL,Bakersfield Condors,74,08/08/2002,34,LW,74,"6'2""",184,24,Left,Power Forward,2020,2,33,80,76,79,77,80,82,81,77,84,79,83,77,68,72,75,85,82,76,86,85,82,81,78,85,80
0767,Riley,Stillman,Riley Stillman,UFA,,,0,0,0,7,18,25,3,5,8,0,0,0,10,23,33,AHL,Bakersfield Condors,74,03/09/1998,61,LD,74,"6'2""",207,28,Left,Defensive Defenseman,2016,4,114,75,70,70,74,80,72,75,70,87,72,86,78,60,84,82,81,83,85,85,83,85,86,85,75,85
0768,Samuel,Poulin,Samuel Poulin,UFA,,,0,0,0,0,0,0,0,0,0,0,0,0,0,0,0,AHL,Bakersfield Condors,74,02/25/2001,8,LW/RW,73,"6'1""",208,25,Left,Power Forward,2019,1,21,80,79,78,76,82,80,77,79,83,80,84,82,70,77,82,83,84,78,82,84,80,79,81,75,82
0769,Cam,Dineen,Cam Dineen,UFA,,,0,0,0,0,0,0,0,0,0,0,0,0,0,0,0,AHL,Bakersfield Condors,74,06/19/1998,55,LD,71,"5'11""",188,28,Left,2 Way Defender,2016,3,68,85,80,82,82,80,76,70,77,87,80,86,78,60,85,83,86,86,83,80,86,83,80,85,65,84
0770,Connor,Clattenburg,Connor Clattenburg,UFA,,,0,0,0,0,0,0,0,0,0,0,0,0,0,0,0,AHL,Bakersfield Condors,73,05/02/2005,64,C/LW,74,"6'2""",197,21,Left,Grinder,2024,5,160,74,71,69,73,67,78,72,68,80,69,80,78,66,77,72,83,80,82,76,83,85,84,78,83,86
0771,Daniel,D'Amato,Daniel D'Amato,UFA,,,0,0,0,0,0,0,0,0,0,0,0,0,0,0,0,AHL,Bakersfield Condors,71,04/08/2001,19,RW,73,"6'1""",176,25,Left,2 Way Forward,N/A,N/A,N/A,80,75,73,76,80,75,73,75,81,75,82,80,64,78,81,82,83,77,79,82,82,82,80,68,80
0772,Stephen,Halliday,Stephen Halliday,Brooklyn Bulldogs,1,"$1,300,000",0,0,0,0,0,0,0,0,0,0,0,0,0,0,0,AHL,Belleville Senators,77,07/02/2002,34,C,76,"6'4""",212,24,Left,Playmaker,2022,4,104,85,82,82,83,81,83,80,79,84,75,85,79,70,75,77,83,88,84,80,86,82,83,84,65,85
0773,Samuel,Bolduc,Samuel Bolduc,UFA,,,0,0,0,1,7,8,0,0,0,0,0,0,1,7,8,AHL,Belleville Senators,77,12/09/2000,58,LD,76,"6'4""",220,25,Left,Defensive Defenseman,2019,2,57,78,78,78,78,86,75,75,79,88,78,87,80,55,82,85,80,79,82,80,80,84,88,78,80,87
0774,Olle,Lycksell,Olle Lycksell,UFA,,,0,0,0,0,0,0,0,0,0,5,7,12,5,7,12,AHL,Belleville Senators,76,08/24/1999,15,RW,71,"5'11""",197,27,Left,Playmaker,2017,6,168,83,81,82,84,83,82,79,81,86,80,85,80,61,79,82,81,81,82,78,80,80,82,78,63,80
0775,Arthur,Kaliyev,Arthur Kaliyev,Raleigh Wildcats,1,"$3,000,000",8,10,18,20,14,34,21,22,43,4,30,34,53,76,129,AHL,Belleville Senators,76,06/26/2001,43,RW/LW,74,"6'2""",210,25,Left,Sniper,2019,2,33,80,79,79,80,83,80,75,82,90,82,89,78,60,77,77,82,80,82,78,82,80,82,78,70,87
0776,Dennis,Gilbert,Dennis Gilbert,UFA,,,0,0,0,0,0,0,0,0,0,0,0,0,0,0,0,AHL,Belleville Senators,76,10/30/1996,40,LD,74,"6'2""",216,29,Left,Defensive Defenseman,2015,3,91,80,79,79,81,79,75,75,75,85,77,85,79,55,82,80,78,80,85,79,80,88,88,78,80,87
0777,Xavier,Bourgault,Xavier Bourgault,UFA,,,0,0,0,0,0,0,0,0,0,0,0,0,0,0,0,AHL,Belleville Senators,75,10/22/2002,13,C,72,"6'0""",172,23,Right,Playmaker,2021,1,22,82,79,79,78,83,82,77,76,85,78,85,79,62,74,78,85,85,81,79,85,81,79,83,65,83
0778,Carter,Yakemchuk,Carter Yakemchuk,New Orleans Whalers,1,"$7,000,000",0,0,0,0,0,0,0,0,0,0,0,0,0,0,0,AHL,Belleville Senators,75,09/29/2005,26,RD/LD,75,"6'3""",219,20,Right,2 Way Defender,2024,1,7,73,70,78,77,80,79,75,71,86,75,86,83,50,79,78,83,86,76,80,83,77,77,85,74,76
0779,Jorian,Donovan,Jorian Donovan,Philadelphia Destroyers,2,"$900,000",0,0,0,0,0,0,0,0,0,0,0,0,0,0,0,AHL,Belleville Senators,75,04/05/2004,11,LD/RD,73,"6'1""",182,22,Left,2 Way Defender,2022,5,136,75,73,76,75,75,74,75,69,86,70,85,82,50,82,82,82,82,83,80,82,82,82,85,70,83
0780,Garrett,Pilon,Garrett Pilon,UFA,,,0,0,0,0,0,0,0,0,0,0,0,0,0,0,0,AHL,Belleville Senators,74,04/13/1998,22,C,72,"6'0""",192,28,Right,2 Way Forward,2016,3,87,84,80,80,80,86,78,80,77,84,77,84,78,74,79,79,84,87,81,87,85,80,82,88,65,82
0781,Graeme,Clarke,Graeme Clarke,UFA,,,0,0,0,0,0,0,0,0,0,0,0,0,0,0,0,AHL,Belleville Senators,74,04/24/2001,92,RW/C,72,"6'0""",175,25,Right,Sniper,2019,3,80,85,80,80,80,85,77,70,78,86,80,86,74,70,70,81,87,87,83,83,87,80,75,85,65,81
0782,Scott,Harrington,Scott Harrington,UFA,,,0,0,0,0,0,0,0,0,0,0,0,0,0,0,0,AHL,Belleville Senators,72,03/10/1993,14,LD,74,"6'2""",204,33,Left,Defensive Defenseman,2011,2,54,74,72,75,74,75,75,75,72,84,75,84,78,55,81,78,81,77,81,79,83,79,84,82,75,84
0783,Hayden,Hodgson,Hayden Hodgson,UFA,,,0,0,0,0,0,0,0,0,0,0,0,0,0,0,0,AHL,Belleville Senators,72,03/02/1996,4,RW,74,"6'2""",221,30,Right,Grinder,N/A,N/A,N/A,77,73,72,73,77,79,75,75,81,74,81,82,62,74,82,80,80,76,77,85,83,85,78,81,78
0784,Jamieson,Rees,Jamieson Rees,UFA,,,0,0,0,0,0,0,0,0,0,0,0,0,0,0,0,AHL,Belleville Senators,70,02/26/2001,19,C,71,"5'11""",172,25,Left,Playmaker,2019,2,44,80,75,77,76,81,77,78,74,80,74,80,76,64,74,76,83,83,81,77,81,83,83,78,65,81
0785,Ethan,Bear,Ethan Bear,Denver Mountain Lions,4,"$1,250,000",3,12,15,9,23,32,5,20,25,8,21,29,25,76,101,AHL,Bridgeport Islanders,79,06/26/1997,49,RD,71,"5'11""",219,29,Right,2 Way Defender,2015,5,124,82,80,81,82,81,83,80,82,87,82,87,84,55,81,82,80,80,84,79,80,80,82,79,75,86
0786,Isaiah,George,Isaiah George,Long Island Blizzard,5,"$1,250,000",0,0,0,0,0,0,0,0,0,0,0,0,0,0,0,AHL,Bridgeport Islanders,79,02/15/2004,4,LD,73,"6'1""",196,22,Left,2 Way Defender,2022,4,98,83,80,80,83,85,82,80,80,86,83,86,83,55,79,85,83,81,87,78,84,79,81,79,75,84
0787,Liam,Foudy,Liam Foudy,UFA,,,3,3,6,15,20,35,7,10,17,0,0,0,25,33,58,AHL,Bridgeport Islanders,77,02/04/2000,8,C/LW,74,"6'2""",193,26,Left,2 Way Forward,2018,1,18,86,81,78,80,86,82,78,76,84,81,86,82,62,74,82,89,88,84,79,89,79,79,86,65,83
0788,Matthew,Highmore,Matthew Highmore,UFA,,,0,0,0,0,0,0,0,0,0,0,0,0,0,0,0,AHL,Bridgeport Islanders,76,02/27/1996,20,RW,71,"5'11""",186,30,Left,2 Way Forward,N/A,N/A,N/A,80,80,80,81,83,81,78,81,86,81,86,82,65,83,80,81,80,81,80,80,82,85,78,65,85
0789,Victor,Eklund,Victor Eklund,Indianapolis Ghosts,3,"$4,250,000",0,0,0,0,0,0,0,0,0,0,0,0,0,0,0,AHL,Bridgeport Islanders,76,10/03/2006,12,LW,71,"5'11""",170,19,Right,2 Way Forward,2025,1,16,85,84,86,84,85,88,80,78,86,78,84,78,71,72,79,85,86,78,85,85,75,70,85,65,80
0790,Chris,Terry,Chris Terry,UFA,,,0,0,0,0,0,0,0,0,0,0,0,0,0,0,0,AHL,Bridgeport Islanders,74,04/07/1989,25,LW/RW,70,"5'10""",202,37,Left,Sniper,2007,5,132,82,82,80,80,90,77,75,80,86,81,85,75,60,75,80,82,80,84,82,84,80,80,84,72,84
0791,Matt,Luff,Matt Luff,UFA,,,2,6,8,11,17,28,0,0,0,0,0,0,13,23,36,AHL,Bridgeport Islanders,73,05/05/1997,39,RW,74,"6'2""",196,29,Right,2 Way Forward,N/A,N/A,N/A,80,78,80,77,82,82,79,77,85,80,86,77,62,72,76,84,83,78,83,85,79,79,82,70,79
0792,Marshall,Warren,Marshall Warren,UFA,,,0,0,0,0,0,0,0,0,0,0,0,0,0,0,0,AHL,Bridgeport Islanders,73,04/20/2001,6,LD,71,"5'11""",189,25,Left,2 Way Defender,2019,6,166,76,80,83,85,80,80,79,80,79,80,78,80,50,67,76,83,85,80,82,85,79,69,79,52,75
0793,Adam,Beckman,Adam Beckman,UFA,,,6,4,10,7,9,16,0,0,0,0,0,0,13,13,26,AHL,Bridgeport Islanders,73,05/10/2001,34,LW,74,"6'2""",182,25,Left,2 Way Forward,2019,3,75,80,77,78,77,83,82,78,79,86,81,87,77,64,73,76,85,84,77,80,86,79,79,83,65,80
0794,Pierrick,Dubé,Pierrick Dubé,UFA,,,0,0,0,0,0,0,0,0,0,0,0,0,0,0,0,AHL,Bridgeport Islanders,73,01/07/2001,7,RW,69,"5'9""",172,25,Right,Playmaker,N/A,N/A,N/A,87,80,82,79,90,77,70,76,84,78,84,74,60,66,78,85,85,75,73,85,75,68,85,82,75
0795,Travis,Mitchell,Travis Mitchell,UFA,,,0,0,0,0,0,0,0,0,0,0,0,0,0,0,0,AHL,Bridgeport Islanders,73,11/25/1999,10,LD,76,"6'4""",201,26,Left,Defensive Defenseman,N/A,N/A,N/A,71,70,71,71,70,65,75,62,87,66,87,77,50,85,84,81,80,86,83,81,85,85,85,75,88
0796,Cole,McWard,Cole McWard,UFA,,,0,0,0,0,0,0,0,0,0,0,0,0,0,0,0,AHL,Bridgeport Islanders,73,06/09/2001,3,RD/LD,73,"6'1""",192,25,Right,Defensive Defenseman,N/A,N/A,N/A,78,74,76,74,75,72,75,66,85,66,85,78,60,83,84,81,81,85,82,81,85,83,85,80,85
0797,Hunter,Drew,Hunter Drew,UFA,,,0,0,0,0,0,0,0,0,0,0,0,0,0,0,0,AHL,Bridgeport Islanders,72,10/21/1998,36,LD,74,"6'2""",213,27,Right,Defensive Defenseman,2018,6,178,77,75,74,75,70,72,70,71,87,71,86,73,60,83,83,81,81,87,83,82,90,85,85,75,87
0798,Matt,Maggio,Matt Maggio,UFA,,,0,0,0,0,0,0,0,0,0,0,0,0,0,0,0,AHL,Bridgeport Islanders,70,11/25/2002,18,RW,71,"5'11""",191,23,Right,2 Way Forward,2022,5,142,80,76,74,75,79,78,76,73,81,79,84,76,61,73,76,85,84,79,77,84,82,82,81,69,80
0799,Daniil,Miromanov,Daniil Miromanov,Arizona Heat,3,"$1,250,000",0,0,0,0,0,0,0,0,0,2,20,22,2,20,22,AHL,Calgary Wranglers,79,07/11/1997,26,RD/LD,76,"6'4""",207,29,Right,2 Way Defender,N/A,N/A,N/A,81,79,81,81,84,84,84,82,87,82,87,83,55,81,82,83,80,81,84,83,79,81,79,67,87
0800,Justin,Kirkland,Justin Kirkland,Indianapolis Ghosts,1,"$1,000,000",0,0,0,0,0,0,0,0,0,0,8,8,0,8,8,AHL,Calgary Wranglers,78,08/02/1996,23,LW/C,72,"6'0""",183,30,Left,Power Forward,2014,3,62,81,79,81,82,81,81,78,80,87,81,87,83,71,83,81,80,80,81,83,80,81,87,78,75,87
0801,Dryden,Hunt,Dryden Hunt,Denver Mountain Lions,2,"$2,000,000",4,1,5,12,18,30,5,13,18,9,8,17,30,40,70,AHL,Calgary Wranglers,77,11/24/1995,15,LW/RW,72,"6'0""",193,30,Left,2 Way Forward,N/A,N/A,N/A,81,79,82,81,87,82,78,81,87,82,86,81,65,81,79,82,80,86,78,81,85,90,78,68,85
0802,William,Strömgren,William Strömgren,Denver Mountain Lions,2,"$900,000",0,0,0,0,0,0,0,0,0,0,0,0,0,0,0,AHL,Calgary Wranglers,77,06/07/2003,11,LW,75,"6'3""",175,23,Left,2 Way Forward,2021,2,45,83,82,82,83,86,84,80,81,86,82,86,80,63,71,80,83,86,85,81,84,81,83,87,65,85
0803,Brennan,Othmann,Brennan Othmann,UFA,,,0,0,0,0,0,0,0,0,0,10,11,21,10,11,21,AHL,Calgary Wranglers,75,01/05/2003,28,LW,72,"6'0""",192,23,Left,Sniper,2021,1,16,80,79,81,81,85,81,78,82,87,80,86,80,63,80,79,81,79,81,78,80,84,91,78,75,83
0804,Clark,Bishop,Clark Bishop,UFA,,,0,0,0,0,0,0,0,0,0,0,0,0,0,0,0,AHL,Calgary Wranglers,75,03/29/1996,19,C,73,"6'1""",197,30,Left,2 Way Forward,2014,5,127,80,77,75,77,84,77,77,76,83,81,84,83,76,78,82,83,84,80,87,84,82,86,86,78,81
0805,Martin,Frk,Martin Frk,UFA,,,0,0,0,0,0,0,0,0,0,0,0,0,0,0,0,AHL,Calgary Wranglers,75,10/05/1993,29,RW,73,"6'1""",210,32,Right,Sniper,2012,2,49,84,79,80,80,79,80,75,83,89,81,87,75,62,73,75,84,85,80,86,86,81,84,88,60,79
0806,Aydar,Suniev,Aydar Suniev,Kansas City Metrostars,1,"$900,000",0,0,0,0,0,0,0,0,0,0,0,0,0,0,0,AHL,Calgary Wranglers,75,11/16/2004,36,LW,74,"6'2""",198,21,Left,Playmaker,2023,3,80,85,80,81,80,80,86,75,79,84,80,83,77,60,70,78,83,83,70,73,83,75,70,85,55,82
0807,Rory,Kerins,Rory Kerins,UFA,,,0,0,0,0,0,0,0,0,0,0,0,0,0,0,0,AHL,Calgary Wranglers,74,04/12/2002,6,C/LW,70,"5'10""",175,24,Left,Playmaker,2020,6,174,79,77,78,76,86,82,78,80,84,79,84,80,70,77,78,83,83,78,83,85,85,85,84,65,80
0808,Nick,Cicek,Nick Cicek,UFA,,,0,0,0,0,0,0,0,0,0,0,0,0,0,0,0,AHL,Calgary Wranglers,74,05/29/2000,41,LD/RD,75,"6'3""",201,26,Left,Defensive Defenseman,N/A,N/A,N/A,70,70,76,74,75,74,70,68,87,70,86,77,50,83,85,82,83,89,85,83,86,85,85,75,87
0809,Sam,Morton,Sam Morton,UFA,,,0,0,0,0,0,0,0,0,0,0,0,0,0,0,0,AHL,Calgary Wranglers,73,07/28/1999,45,C/LW,72,"6'0""",190,27,Left,2 Way Forward,N/A,N/A,N/A,84,82,78,82,85,79,75,77,85,79,84,77,76,77,80,84,87,79,83,84,86,85,84,75,82
0810,Turner,Ottenbreit,Turner Ottenbreit,UFA,,,0,0,0,0,0,0,0,0,0,0,0,0,0,0,0,AHL,Calgary Wranglers,72,07/09/1997,2,LD/RD,75,"6'3""",211,29,Left,Defensive Defenseman,N/A,N/A,N/A,70,68,74,72,70,73,70,70,86,70,87,72,50,85,85,83,83,87,84,84,88,88,85,80,87
0811,Parker,Bell,Parker Bell,UFA,,,0,0,0,0,0,0,0,0,0,0,0,0,0,0,0,AHL,Calgary Wranglers,72,09/26/2003,22,LW,76,"6'4""",192,22,Left,Grinder,2022,5,155,79,75,72,76,81,75,73,73,80,75,82,77,65,76,75,82,82,82,77,81,86,82,79,75,82
0812,Simon,Mack,Simon Mack,UFA,,,0,0,0,0,0,0,0,0,0,0,0,0,0,0,0,AHL,Calgary Wranglers,71,03/29/2001,33,RD,70,"5'10""",181,25,Right,2 Way Defender,N/A,N/A,N/A,65,66,78,74,76,81,77,77,79,76,78,78,55,82,80,81,79,77,74,78,83,73,80,73,79
0813,Lucas,Ciona,Lucas Ciona,UFA,,,0,0,0,0,0,0,0,0,0,0,0,0,0,0,0,AHL,Calgary Wranglers,70,01/08/2003,17,LW,75,"6'3""",210,23,Left,Power Forward,2021,6,173,77,74,73,73,79,74,72,74,80,74,80,77,64,79,76,80,81,77,78,80,87,85,81,80,81
0814,MacKenzie,Entwistle,MacKenzie Entwistle,Florida Sunshine,2,"$900,000",0,0,0,13,5,18,0,0,0,9,10,19,22,15,37,AHL,Charlotte Checkers,77,07/14/1999,18,RW/LW,75,"6'3""",205,27,Right,Power Forward,2017,3,69,80,79,79,79,81,79,78,77,87,80,86,78,71,80,83,81,80,82,79,80,85,88,78,80,86
0815,Jack,Studnicka,Jack Studnicka,UFA,,,2,3,5,8,25,33,8,10,18,0,0,0,18,38,56,AHL,Charlotte Checkers,76,02/18/1999,23,C,73,"6'1""",187,27,Right,2 Way Forward,2017,2,53,83,80,80,75,80,81,78,77,83,79,84,81,78,80,77,89,86,78,83,89,84,82,86,70,82
0816,Tobias,Björnfot,Tobias Björnfot,UFA,,,1,12,13,4,13,17,4,13,17,0,0,0,9,38,47,AHL,Charlotte Checkers,76,04/06/2001,40,LD,73,"6'1""",200,25,Left,2 Way Defender,2019,1,22,80,78,80,81,84,81,82,79,87,83,87,81,55,78,80,81,79,81,79,81,79,80,78,70,85
0817,Mike,Benning,Mike Benning,UFA,,,0,0,0,0,0,0,0,0,0,0,0,0,0,0,0,AHL,Charlotte Checkers,75,01/05/2002,2,RD,69,"5'9""",185,24,Right,2 Way Defender,2020,4,95,83,78,78,78,75,76,75,74,85,76,85,79,60,82,84,83,83,85,83,83,82,82,85,70,85
0818,Sandis,Vilmanis,Sandis Vilmanis,UFA,,,0,0,0,0,0,0,0,0,0,0,0,0,0,0,0,AHL,Charlotte Checkers,75,01/23/2004,29,LW,73,"6'1""",192,22,Left,2 Way Forward,2022,5,157,83,82,81,82,81,83,80,75,84,77,85,79,62,77,75,83,84,83,80,84,81,79,80,70,83
0819,Nolan,Foote,Nolan Foote,UFA,,,3,5,8,5,12,17,0,0,0,10,13,23,18,30,48,AHL,Charlotte Checkers,75,11/29/2000,28,LW,75,"6'3""",196,25,Left,Power Forward,2019,1,27,79,77,78,76,82,81,78,79,85,81,86,78,65,79,77,83,83,80,86,84,82,83,82,80,81
0820,Marek,Alscher,Marek Alscher,UFA,,,0,0,0,0,0,0,0,0,0,0,0,0,0,0,0,AHL,Charlotte Checkers,74,04/07/2004,27,LD/RD,75,"6'3""",206,22,Left,Defensive Defenseman,2022,3,93,76,72,75,70,75,71,70,64,85,65,84,82,50,77,83,80,82,84,78,83,80,80,85,70,85
0821,Trevor,Carrick,Trevor Carrick,UFA,,,4,7,11,0,0,0,0,0,0,0,0,0,4,7,11,AHL,Charlotte Checkers,74,07/04/1994,5,LD,74,"6'2""",209,32,Left,2 Way Defender,2012,4,115,80,75,80,78,75,75,70,76,85,76,85,78,55,84,84,84,83,85,84,84,83,84,85,80,85
0822,Wilmer,Skoog,Wilmer Skoog,UFA,,,0,0,0,0,0,0,0,0,0,0,0,0,0,0,0,AHL,Charlotte Checkers,74,07/17/1999,25,C,74,"6'2""",196,27,Left,2 Way Forward,N/A,N/A,N/A,82,79,79,78,80,82,80,78,83,79,84,79,68,76,77,84,85,82,80,84,83,79,84,65,85
0823,Jack,Devine,Jack Devine,UFA,,,0,0,0,0,0,0,0,0,0,0,0,0,0,0,0,AHL,Charlotte Checkers,74,10/01/2003,4,RW/LW,73,"6'1""",173,22,Right,2 Way Forward,2022,7,221,78,79,79,79,83,77,75,78,85,79,85,78,67,80,82,85,84,83,85,85,85,84,85,70,83
0824,Brian,Pinho,Brian Pinho,UFA,,,0,0,0,0,0,0,0,0,0,0,0,0,0,0,0,AHL,Charlotte Checkers,74,05/11/1995,26,C,73,"6'1""",186,31,Right,2 Way Forward,2013,6,174,81,81,77,79,88,80,78,80,87,77,84,79,79,75,80,86,85,78,89,87,80,80,89,65,81
0825,Ludvig,Jansson,Ludvig Jansson,UFA,,,0,0,0,0,0,0,0,0,0,0,0,0,0,0,0,AHL,Charlotte Checkers,73,12/27/2003,3,RD,72,"6'0""",176,22,Right,2 Way Defender,2022,4,125,81,80,80,80,77,78,75,72,84,77,84,80,55,72,78,84,85,82,80,84,78,74,85,70,80
0826,Jake,Livingstone,Jake Livingstone,UFA,,,0,0,0,0,0,0,0,0,0,0,0,0,0,0,0,AHL,Charlotte Checkers,71,04/16/1999,21,RD/LD,76,"6'4""",213,27,Right,2 Way Defender,N/A,N/A,N/A,77,75,76,76,80,74,70,68,86,68,85,76,60,84,83,83,83,85,84,83,86,83,85,80,85
0827,Nate,Smith,Nate Smith,UFA,,,0,0,0,0,0,0,0,0,0,0,0,0,0,0,0,AHL,Charlotte Checkers,70,10/19/1998,60,C,72,"6'0""",177,27,Right,2 Way Forward,2018,3,91,82,76,76,75,80,74,70,72,87,73,87,74,75,78,83,82,82,85,83,82,85,83,85,75,85
0828,Mikulas,Hovorka,Mikulas Hovorka,UFA,,,0,0,0,0,0,0,0,0,0,0,0,0,0,0,0,AHL,Charlotte Checkers,70,07/01/2001,14,RD,78,"6'6""",229,25,Right,Defensive Defenseman,N/A,N/A,N/A,68,70,70,71,75,68,70,69,85,69,85,80,50,78,76,80,80,80,75,80,76,75,85,69,84
0829,Gracyn,Sawchyn,Gracyn Sawchyn,UFA,,,0,0,0,0,0,0,0,0,0,0,0,0,0,0,0,AHL,Charlotte Checkers,70,01/19/2005,24,C,71,"5'11""",157,21,Right,2 Way Forward,2023,2,63,80,75,75,79,69,79,79,72,84,72,84,79,73,70,76,86,85,76,79,87,75,71,81,67,74
0830,Ben,Steeves,Ben Steeves,UFA,,,0,0,0,0,0,0,0,0,0,0,0,0,0,0,0,AHL,Charlotte Checkers,70,05/10/2002,6,LW,68,"5'8""",165,24,Left,2 Way Forward,N/A,N/A,N/A,80,76,76,77,78,79,76,74,81,78,83,76,60,72,75,82,83,78,77,82,82,80,79,50,80
0831,Juuso,Valimaki,Juuso Valimaki,Florida Sunshine,3,"$1,500,000",1,7,8,8,8,16,1,10,11,2,13,15,12,38,50,AHL,Chicago Wolves,80,10/06/1998,4,LD,74,"6'2""",205,27,Left,2 Way Defender,2017,1,16,82,81,83,83,85,84,85,82,87,81,87,84,55,82,81,81,81,84,79,82,78,79,80,70,87
0832,Givani,Smith,Givani Smith,Honolulu Hawks,2,"$1,000,000",0,0,0,0,0,0,11,14,25,4,25,29,15,39,54,AHL,Chicago Wolves,78,02/27/1998,24,LW/RW,74,"6'2""",214,28,Left,Grinder,2016,2,46,80,80,80,80,70,74,75,79,87,79,87,75,70,74,84,85,85,88,82,85,88,88,85,82,88
0833,Noah,Philp,Noah Philp,Tennessee Wolverines,2,"$1,200,000",0,0,0,0,0,0,0,0,0,0,0,0,0,0,0,AHL,Chicago Wolves,78,08/31/1998,12,C,75,"6'3""",198,28,Right,Power Forward,N/A,N/A,N/A,83,80,78,81,83,82,78,80,84,82,85,85,77,78,82,87,85,80,81,87,86,85,84,70,84
0834,Joel,Nystrom,Joel Nystrom,Detroit Motors,2,"$900,000",0,0,0,2,11,13,0,0,0,0,0,0,2,11,13,AHL,Chicago Wolves,77,05/14/2002,9,RD,71,"5'11""",178,24,Right,2 Way Defender,2021,7,219,84,82,83,81,81,84,80,79,85,79,85,81,55,75,79,87,87,82,78,88,82,78,83,65,84
0835,Bradly,Nadeau,Bradly Nadeau,Jacksonville Blood Hounds,2,"$900,000",0,0,0,0,0,0,0,0,0,0,0,0,0,0,0,AHL,Chicago Wolves,76,05/05/2005,82,RW/C,71,"5'11""",180,21,Right,Sniper,2023,1,30,83,80,81,80,83,84,79,85,89,79,84,78,62,73,77,84,85,78,83,85,79,79,87,57,79
0836,Ryan,Suzuki,Ryan Suzuki,UFA,,,0,0,0,6,10,16,0,0,0,0,0,0,6,10,16,AHL,Chicago Wolves,75,05/28/2001,6,C,72,"6'0""",176,25,Left,Playmaker,2019,1,28,81,79,82,78,83,82,81,79,84,79,84,78,74,75,78,84,84,77,81,86,79,79,87,65,79
0837,Justin,Robidas,Justin Robidas,UFA,,,0,0,0,0,0,0,0,0,0,0,0,0,0,0,0,AHL,Chicago Wolves,75,03/13/2003,93,C,68,"5'8""",173,23,Right,Playmaker,2021,5,147,83,79,80,79,89,80,79,76,84,80,86,80,76,76,80,85,86,79,88,87,79,80,90,65,79
0838,Cal,Foote,Cal Foote,UFA,,,2,4,6,5,7,12,0,0,0,0,0,0,7,11,18,AHL,Chicago Wolves,74,12/13/1998,52,RD,77,"6'5""",224,27,Right,Defensive Defenseman,2017,1,14,78,74,76,77,80,74,70,72,87,75,87,80,60,82,83,82,80,86,86,83,85,80,80,70,86
0839,Juha,Jääksä,Juha Jääksä,UFA,,,0,0,0,0,0,0,0,0,0,0,0,0,0,0,0,AHL,Chicago Wolves,74,02/09/1998,51,LW/RW,72,"6'0""",210,28,Left,2 Way Forward,N/A,N/A,N/A,81,79,81,78,80,82,79,77,82,78,82,79,69,77,78,83,83,81,83,83,84,87,83,73,80
0840,Ronan,Seeley,Ronan Seeley,UFA,,,0,0,0,0,0,0,0,0,0,0,0,0,0,0,0,AHL,Chicago Wolves,73,08/02/2002,8,LD/RD,72,"6'0""",176,24,Left,2 Way Defender,2020,7,208,77,72,75,74,95,75,75,72,85,74,85,78,55,85,84,83,83,83,83,83,83,83,85,75,85
0841,Felix,Unger Sörum,Felix Unger Sörum,UFA,,,0,0,0,0,0,0,0,0,0,0,0,0,0,0,0,AHL,Chicago Wolves,72,09/14/2005,14,C/RW,71,"5'11""",170,20,Right,Playmaker,2023,2,62,83,78,80,79,85,78,76,77,81,74,81,77,66,79,77,82,84,81,78,82,78,79,83,65,80
0842,Josiah,Slavin,Josiah Slavin,UFA,,,0,0,0,0,0,0,0,0,0,0,0,0,0,0,0,AHL,Chicago Wolves,72,12/31/1998,23,LW,75,"6'3""",189,27,Left,Power Forward,2018,7,193,79,76,73,75,82,75,74,74,81,75,81,83,68,79,86,81,84,78,83,81,81,81,86,70,82
0843,Viktor,Neuchev,Viktor Neuchev,UFA,,,0,0,0,0,0,0,0,0,0,0,0,0,0,0,0,AHL,Chicago Wolves,72,10/25/2003,79,LW,74,"6'2""",165,22,Left,Playmaker,2022,3,74,80,77,77,77,85,79,79,77,83,77,83,78,60,72,79,84,84,80,78,84,79,78,78,75,81
0844,Domenick,Fensore,Domenick Fensore,UFA,,,0,0,0,0,0,0,0,0,0,0,0,0,0,0,0,AHL,Chicago Wolves,72,09/07/2001,2,LD,69,"5'9""",175,25,Left,Offensive Defenseman,2019,3,90,84,78,79,79,90,78,75,73,86,75,86,76,50,83,82,83,83,83,80,84,70,73,85,60,82
0845,Skyler,Brind'Amour,Skyler Brind'Amour,UFA,,,0,0,0,0,0,0,0,0,0,0,0,0,0,0,0,AHL,Chicago Wolves,70,07/27/1999,22,C,74,"6'2""",175,27,Left,2 Way Forward,2017,6,177,77,74,73,73,80,75,73,76,82,76,81,80,80,78,80,80,81,77,87,80,80,80,85,65,79
0846,Zach,Aston-Reese,Zach Aston-Reese,Raleigh Wildcats,1,"$3,500,000",11,10,21,14,14,28,0,0,0,0,0,0,25,24,49,AHL,Cleveland Monsters,78,08/10/1994,21,LW/RW,73,"6'1""",203,32,Left,2 Way Forward,N/A,N/A,N/A,80,80,80,80,82,81,79,82,86,83,86,82,63,85,82,89,81,82,81,85,87,89,82,70,86
0847,Luca,Del Bel Belluz,Luca Del Bel Belluz,Florida Sunshine,3,"$3,000,000",0,0,0,0,0,0,0,0,0,9,9,18,9,9,18,AHL,Cleveland Monsters,77,11/10/2003,10,C,73,"6'1""",184,22,Left,Sniper,2022,2,44,83,81,81,81,87,83,80,79,84,82,85,82,75,80,80,85,85,79,82,86,80,80,83,68,81
0848,Hudson,Fasching,Hudson Fasching,UFA,,,0,0,0,0,0,0,9,6,15,0,0,0,9,6,15,AHL,Cleveland Monsters,77,07/28/1995,20,RW,75,"6'3""",209,31,Right,Power Forward,2013,4,118,78,78,76,76,75,76,75,78,85,79,84,76,65,78,82,85,83,86,84,85,84,85,85,85,88
0849,Dysin,Mayo,Dysin Mayo,UFA,,,0,0,0,6,4,10,0,0,0,0,0,0,6,4,10,AHL,Cleveland Monsters,76,08/17/1996,6,RD,72,"6'0""",190,30,Right,Defensive Defenseman,2014,5,133,78,75,78,77,80,73,75,72,87,72,87,79,60,84,84,82,80,87,82,83,85,86,85,77,86
0850,Stanislav,Svozil,Stanislav Svozil,Memphis Cannons,2,"$950,000",0,0,0,0,0,0,0,0,0,0,0,0,0,0,0,AHL,Cleveland Monsters,75,01/17/2003,5,LD,72,"6'0""",183,23,Left,2 Way Defender,2021,3,69,77,77,78,78,80,77,75,70,85,74,85,82,50,77,82,85,84,80,80,85,80,80,85,70,80
0851,Mikael,Pyyhtiä,Mikael Pyyhtiä,UFA,,,0,0,0,0,0,0,0,0,0,0,0,0,0,0,0,AHL,Cleveland Monsters,75,12/17/2001,82,C,72,"6'0""",166,24,Left,Playmaker,2020,4,114,80,79,80,81,87,81,79,81,85,81,84,83,62,87,82,81,79,81,79,81,79,80,79,60,82
0852,Brendan,Gaunce,Brendan Gaunce,UFA,,,0,0,0,0,0,0,0,0,0,0,0,0,0,0,0,AHL,Cleveland Monsters,74,03/25/1994,16,LW,75,"6'3""",219,32,Left,2 Way Forward,2012,1,26,78,77,77,76,80,81,77,77,82,80,84,81,77,80,83,81,81,77,83,82,83,84,79,73,81
0853,Hunter,McKown,Hunter McKown,UFA,,,0,0,0,0,0,0,0,0,0,0,0,0,0,0,0,AHL,Cleveland Monsters,73,08/18/2002,41,RW,73,"6'1""",205,24,Right,2 Way Forward,N/A,N/A,N/A,80,79,77,77,82,74,70,74,86,75,85,81,73,73,83,82,81,85,84,82,85,82,85,70,85
0854,Owen,Sillinger,Owen Sillinger,UFA,,,0,0,0,0,0,0,0,0,0,0,0,0,0,0,0,AHL,Cleveland Monsters,73,09/23/1997,12,C/LW,70,"5'10""",183,28,Left,2 Way Forward,N/A,N/A,N/A,79,76,76,76,83,78,75,76,83,75,82,81,72,75,79,84,83,80,82,85,81,82,83,80,81
0855,Will,Butcher,Will Butcher,UFA,,,1,13,14,6,17,23,6,11,17,0,0,0,13,41,54,AHL,Cleveland Monsters,72,01/06/1995,39,LD,70,"5'10""",195,31,Left,2 Way Defender,2013,5,123,77,78,80,78,82,79,78,73,82,74,82,77,55,79,79,83,82,83,83,81,80,81,80,65,82
0856,Riley,Bezeau,Riley Bezeau,UFA,,,0,0,0,0,0,0,0,0,0,0,0,0,0,0,0,AHL,Cleveland Monsters,71,05/04/2002,25,RW,72,"6'0""",188,24,Right,Grinder,N/A,N/A,N/A,77,75,72,74,79,74,72,73,79,74,81,79,62,77,79,80,81,79,78,79,83,83,77,83,81
0857,Jack,Williams,Jack Williams,UFA,,,0,0,0,0,0,0,0,0,0,0,0,0,0,0,0,AHL,Cleveland Monsters,71,03/02/2002,29,RW,71,"5'11""",185,24,Right,2 Way Forward,N/A,N/A,N/A,77,78,77,77,83,75,70,77,84,78,84,77,67,80,82,83,83,82,77,83,85,84,85,70,82
0858,Jordan,Dumais,Jordan Dumais,UFA,,,0,0,0,0,0,0,0,0,0,0,0,0,0,0,0,AHL,Cleveland Monsters,70,04/15/2004,8,RW,68,"5'8""",169,22,Right,Sniper,2022,3,96,78,77,76,74,83,78,75,74,84,75,84,78,59,78,77,82,82,77,79,81,78,77,77,55,78
0859,Roman,Ahcan,Roman Ahcan,UFA,,,0,0,0,0,0,0,0,0,0,0,0,0,0,0,0,AHL,Cleveland Monsters,70,03/24/1999,37,LW/C,69,"5'9""",170,27,Left,Sniper,N/A,N/A,N/A,78,76,73,74,83,76,74,77,83,77,83,79,64,79,79,82,83,81,80,82,79,80,82,65,80
0860,Oscar,Fisker Mølgaard,Oscar Fisker Mølgaard,Long Island Blizzard,2,"$900,000",0,0,0,0,0,0,0,0,0,0,0,0,0,0,0,AHL,Coachella Valley Firebirds,75,02/18/2005,78,LW/C,72,"6'0""",168,21,Left,Playmaker,2023,2,52,80,79,81,79,84,82,75,76,85,82,85,78,71,74,78,84,84,80,85,85,80,78,78,60,84
0861,John,Hayden,John Hayden,UFA,,,0,0,0,0,0,0,0,0,0,0,0,0,0,0,0,AHL,Coachella Valley Firebirds,75,02/14/1995,15,C/RW,75,"6'3""",223,31,Right,Power Forward,2013,3,74,79,77,77,77,70,74,70,77,87,77,84,74,74,73,84,83,82,86,83,83,87,84,85,77,87
0862,Jani,Nyman,Jani Nyman,UFA,,,0,0,0,0,0,0,0,0,0,0,0,0,0,0,0,AHL,Coachella Valley Firebirds,75,07/30/2004,33,LW,74,"6'2""",212,22,Left,Power Forward,2022,2,49,80,78,75,77,82,82,78,80,86,79,85,79,64,74,76,84,83,82,80,84,80,80,80,80,83
0863,Logan,Morrison,Logan Morrison,UFA,,,0,0,0,0,0,0,0,0,0,0,0,0,0,0,0,AHL,Coachella Valley Firebirds,75,07/09/2002,96,C,72,"6'0""",180,24,Right,Playmaker,N/A,N/A,N/A,81,80,81,79,87,80,80,76,83,80,85,82,77,80,80,83,84,78,86,84,84,85,87,65,82
0864,Jagger,Firkus,Jagger Firkus,UFA,,,0,0,0,0,0,0,0,0,0,0,0,0,0,0,0,AHL,Coachella Valley Firebirds,74,04/29/2004,57,C,70,"5'10""",153,22,Right,Sniper,2022,2,35,83,81,80,81,82,79,77,81,85,77,84,80,63,74,82,82,86,83,78,83,81,82,84,60,83
0865,Gustav,Olofsson,Gustav Olofsson,UFA,,,0,0,0,0,0,0,0,0,0,0,0,0,0,0,0,AHL,Coachella Valley Firebirds,74,12/01/1994,23,LD,74,"6'2""",199,31,Left,Defensive Defenseman,2013,2,46,78,75,77,75,87,72,75,70,85,71,85,78,60,85,84,81,81,86,85,82,84,83,85,70,85
0866,Mitchell,Stephens,Mitchell Stephens,UFA,,,3,7,10,9,17,26,0,0,0,0,0,0,12,24,36,AHL,Coachella Valley Firebirds,74,02/05/1997,67,C,72,"6'0""",203,29,Right,2 Way Forward,2015,2,33,78,76,78,76,81,79,79,77,81,79,81,82,78,76,82,81,80,78,82,81,82,82,79,70,81
0867,Ville,Ottavainen,Ville Ottavainen,UFA,,,0,0,0,0,0,0,0,0,0,0,0,0,0,0,0,AHL,Coachella Valley Firebirds,71,08/12/2002,36,RD/LD,77,"6'5""",210,24,Right,Defensive Defenseman,2021,4,99,70,70,73,73,75,74,70,68,86,70,86,77,60,80,81,81,81,84,80,82,80,80,85,75,86
0868,Max,McCormick,Max McCormick,UFA,,,0,0,0,0,0,0,0,0,0,0,0,0,0,0,0,AHL,Coachella Valley Firebirds,70,05/01/1992,17,LW,71,"5'11""",188,34,Left,2 Way Forward,2011,6,171,77,76,74,75,81,78,77,79,83,77,81,78,61,73,78,81,81,76,80,81,79,78,79,70,78
0869,J.R.,Avon,J.R. Avon,UFA,,,0,0,0,0,0,0,0,0,0,0,0,0,0,0,0,AHL,Coachella Valley Firebirds,70,07/04/2003,10,C,72,"6'0""",175,23,Left,2 Way Forward,N/A,N/A,N/A,79,74,74,75,84,77,74,75,82,77,83,77,65,73,78,84,83,78,78,83,81,81,81,67,79
0870,Eduard,Sale,Eduard Sale,Las Vegas Vipers,1,"$15,000,000",0,0,0,0,0,0,0,0,0,0,0,0,0,0,0,AHL,Coachella Valley Firebirds,70,03/10/2005,12,LW,78,"6'6""",174,21,Left,Playmaker,2023,1,20,77,75,76,74,82,78,78,77,82,76,82,76,63,72,76,82,82,79,77,82,82,81,79,60,79
0871,Lukas,Dragicevic,Lukas Dragicevic,UFA,,,0,0,0,0,0,0,0,0,0,0,0,0,0,0,0,AHL,Coachella Valley Firebirds,70,04/25/2005,2,RD/LD,73,"6'1""",206,21,Right,Offensive Defenseman,2023,2,57,81,75,76,80,75,80,79,77,87,76,87,73,50,74,66,87,85,75,77,88,73,70,85,68,70
0872,Gavin,Brindley,Gavin Brindley,Chicago Rockets,3,"$1,500,000",0,0,0,0,0,0,6,11,17,2,6,8,8,17,25,AHL,Colorado Eagles,80,10/05/2004,54,RW,68,"5'8""",173,21,Right,Playmaker,2023,2,34,86,82,85,85,85,84,80,79,85,81,87,79,65,75,80,87,88,82,77,87,77,73,85,65,82
0873,Alex,Barré-Boulet,Alex Barré-Boulet,Puerto Rico Toros,4,"$1,250,000",2,1,3,6,16,22,0,0,0,4,16,20,12,33,45,AHL,Colorado Eagles,79,05/21/1997,72,C/LW,70,"5'10""",178,29,Left,Playmaker,N/A,N/A,N/A,86,80,83,83,85,84,75,82,86,83,85,78,74,75,82,87,86,81,83,87,80,80,85,65,81
0874,Jacob,MacDonald,Jacob MacDonald,Honolulu Hawks,2,"$900,000",0,0,0,2,7,9,0,0,0,2,4,6,4,11,15,AHL,Colorado Eagles,78,02/26/1993,4,LD/RD,72,"6'0""",204,33,Left,2 Way Defender,N/A,N/A,N/A,82,80,81,82,80,84,85,88,87,84,87,81,55,79,81,85,82,81,79,83,84,87,79,70,85
0875,Ivan,Ivan,Ivan Ivan,Iowa Rebels,2,"$1,000,000",0,0,0,0,0,0,0,0,0,6,6,12,6,6,12,AHL,Colorado Eagles,78,08/20/2002,82,C,72,"6'0""",190,24,Left,2 Way Forward,N/A,N/A,N/A,82,81,81,82,80,81,79,80,86,81,86,84,71,80,83,82,81,83,78,83,83,83,79,65,84
0876,Keaton,Middleton,Keaton Middleton,UFA,,,0,0,0,0,0,0,0,0,0,0,0,0,0,0,0,AHL,Colorado Eagles,77,02/10/1998,67,LD/RD,78,"6'6""",240,28,Left,Defensive Defenseman,2016,4,101,80,77,79,79,79,78,80,80,88,81,88,80,55,81,78,80,78,81,78,80,87,90,78,85,88
0877,Matt,Stienburg,Matt Stienburg,UFA,,,0,0,0,0,0,0,0,0,0,0,0,0,0,0,0,AHL,Colorado Eagles,76,10/07/2000,36,C,73,"6'1""",182,25,Right,2 Way Forward,2019,3,63,80,80,79,81,80,80,77,80,86,81,85,82,59,78,81,80,80,84,78,81,81,88,77,75,83
0878,T.J.,Tynan,T.J. Tynan,UFA,,,0,0,0,0,0,0,10,18,28,0,0,0,10,18,28,AHL,Colorado Eagles,76,02/25/1992,9,C/RW,68,"5'8""",160,34,Right,Playmaker,2011,3,67,81,78,84,79,82,84,79,78,82,76,80,83,73,74,79,83,82,78,84,83,79,80,85,65,80
0879,Ronnie,Attard,Ronnie Attard,UFA,,,0,0,0,0,0,0,0,0,0,0,0,0,0,0,0,AHL,Colorado Eagles,75,03/20/1999,3,RD,75,"6'3""",208,27,Right,Defensive Defenseman,2019,3,72,73,71,76,77,75,70,70,70,86,70,86,79,50,84,83,84,85,85,83,84,85,87,85,80,86
0880,Nikita,Prishchepov,Nikita Prishchepov,UFA,,,0,0,0,0,0,0,0,0,0,0,0,0,0,0,0,AHL,Colorado Eagles,75,02/20/2004,85,C,73,"6'1""",193,22,Left,2 Way Forward,2024,7,217,81,79,78,82,89,80,77,82,85,83,86,81,59,78,79,80,80,80,77,81,88,89,77,70,83
0881,Jayson,Megna,Jayson Megna,UFA,,,0,0,0,0,0,0,0,0,0,0,0,0,0,0,0,AHL,Colorado Eagles,75,02/01/1990,21,RW,73,"6'1""",195,36,Right,2 Way Forward,N/A,N/A,N/A,81,79,79,79,85,82,79,80,86,78,84,81,77,78,80,85,85,77,86,87,81,82,87,70,79
0882,Jack,Ahcan,Jack Ahcan,UFA,,,0,0,0,0,0,0,0,0,0,0,0,0,0,0,0,AHL,Colorado Eagles,75,05/18/1997,15,LD,68,"5'8""",180,29,Left,Offensive Defenseman,N/A,N/A,N/A,83,77,81,81,75,82,75,75,86,77,85,78,55,77,82,85,85,82,83,86,80,75,85,65,82
0883,Daniil,Gushchin,Daniil Gushchin,UFA,,,0,0,0,0,0,0,0,0,0,0,0,0,0,0,0,AHL,Colorado Eagles,74,02/06/2002,75,RW,68,"5'8""",165,24,Left,Sniper,2020,3,76,86,82,81,81,83,80,75,80,85,81,85,72,65,65,75,85,84,80,83,85,75,70,85,65,80
0884,Tristen,Nielsen,Tristen Nielsen,UFA,,,0,0,0,0,0,0,0,0,0,0,0,0,0,0,0,AHL,Colorado Eagles,73,02/23/2000,57,C,70,"5'10""",192,26,Left,2 Way Forward,N/A,N/A,N/A,82,78,78,78,80,78,75,75,85,77,85,77,74,74,83,85,85,82,82,85,80,78,85,74,83
0885,Taylor,Makar,Taylor Makar,UFA,,,0,0,0,0,0,0,0,0,0,0,0,0,0,0,0,AHL,Colorado Eagles,73,03/13/2001,16,LW,75,"6'3""",190,25,Left,2 Way Forward,2021,7,220,78,77,77,77,80,80,75,77,86,78,86,77,68,77,75,85,86,85,85,86,75,75,85,70,85
0886,Valtteri,Puustinen,Valtteri Puustinen,UFA,,,0,0,0,0,0,0,11,9,20,0,0,0,11,9,20,AHL,Colorado Eagles,73,06/04/1999,83,LW,69,"5'9""",183,27,Right,Sniper,2019,7,203,79,78,79,78,84,81,80,80,84,80,82,78,61,75,77,82,81,77,80,82,79,80,79,65,78
0887,Tye,Felhaber,Tye Felhaber,UFA,,,0,0,0,0,0,0,0,0,0,0,0,0,0,0,0,AHL,Colorado Eagles,73,08/05/1998,48,C,71,"5'11""",185,28,Left,2 Way Forward,N/A,N/A,N/A,80,77,75,77,80,78,76,76,82,81,85,80,63,74,77,85,83,78,79,86,81,82,82,67,80
0888,Chase,Bradley,Chase Bradley,UFA,,,0,0,0,0,0,0,0,0,0,0,0,0,0,0,0,AHL,Colorado Eagles,72,01/09/2002,38,LW/C,71,"5'11""",180,24,Left,2 Way Forward,2020,7,203,80,77,73,76,80,76,77,79,84,74,82,80,64,80,79,83,84,83,82,83,85,84,81,77,85
0889,Wyatt,Aamodt,Wyatt Aamodt,UFA,,,0,0,0,0,0,0,0,0,0,0,0,0,0,0,0,AHL,Colorado Eagles,71,11/22/1997,5,LD/RD,72,"6'0""",201,28,Left,Defensive Defenseman,N/A,N/A,N/A,70,67,71,70,75,68,70,64,85,66,85,74,60,84,84,81,80,87,83,81,87,85,85,80,87
0890,Luke,Toporowski,Luke Toporowski,UFA,,,0,0,0,0,0,0,0,0,0,0,0,0,0,0,0,AHL,Colorado Eagles,71,04/12/2001,61,LW,71,"5'11""",181,25,Left,Sniper,N/A,N/A,N/A,84,78,77,78,85,75,70,77,86,78,86,70,65,70,81,86,85,80,82,86,75,75,85,60,80
0891,Erik,Gustafsson,Erik Gustafsson,New York Steamrollers,1,"$1,500,000",2,10,12,5,20,25,7,30,37,7,10,17,21,70,91,AHL,Grand Rapids Griffins,80,03/14/1992,56,LD,73,"6'1""",189,34,Left,Offensive Defenseman,2012,4,93,83,82,86,85,82,84,80,80,90,82,88,83,55,80,82,85,83,87,79,84,80,82,81,70,85
0892,William,Lagesson,William Lagesson,Kansas City Metrostars,1,"$950,000",0,0,0,0,0,0,0,0,0,1,5,6,1,5,6,AHL,Grand Rapids Griffins,78,02/22/1996,37,LD,74,"6'2""",211,30,Left,Defensive Defenseman,2014,4,91,77,75,79,77,80,75,75,75,87,75,87,82,55,85,83,84,84,87,84,84,85,85,85,80,87
0893,Nate,Danielson,Nate Danielson,North Dakota Bison,2,"$4,000,000",0,0,0,0,0,0,0,0,0,0,0,0,0,0,0,AHL,Grand Rapids Griffins,77,09/27/2004,29,C,74,"6'2""",185,21,Right,2 Way Forward,2023,1,9,85,80,82,81,83,83,81,79,84,80,85,82,77,74,79,85,86,79,83,85,82,81,90,65,81
0894,Michael,Brandsegg-Nygård,Michael Brandsegg-Nygård,New Orleans Whalers,2,"$900,000",0,0,0,0,0,0,0,0,0,0,0,0,0,0,0,AHL,Grand Rapids Griffins,75,10/05/2005,28,RW,73,"6'1""",198,20,Right,2 Way Forward,2024,1,15,79,78,78,78,74,82,75,77,86,79,85,82,62,76,79,84,83,80,76,83,83,78,79,75,83
0895,Austin,Watson,Austin Watson,Chicago Rockets,1,"$900,000",0,0,0,14,16,30,6,8,14,1,15,16,21,39,60,AHL,Grand Rapids Griffins,75,01/13/1992,51,RW/LW,76,"6'4""",203,34,Right,Grinder,2010,1,18,79,77,77,76,79,79,76,79,86,82,85,82,65,82,77,81,82,79,84,82,82,86,85,85,80
0896,John,Leonard,John Leonard,UFA,,,4,3,7,4,15,19,0,0,0,0,0,0,8,18,26,AHL,Grand Rapids Griffins,75,08/07/1998,19,LW,71,"5'11""",196,28,Left,2 Way Forward,2018,6,182,85,81,81,80,86,82,82,79,87,80,88,78,65,76,75,87,87,78,87,90,79,80,88,70,79
0897,William,Wallinder,William Wallinder,UFA,,,0,0,0,0,0,0,0,0,0,0,0,0,0,0,0,AHL,Grand Rapids Griffins,75,07/28/2002,22,LD,76,"6'4""",191,24,Left,2 Way Defender,2020,2,32,80,79,78,79,80,76,70,73,86,74,85,80,60,83,83,82,82,86,84,82,85,83,85,70,86
0898,Shai,Buium,Shai Buium,UFA,,,0,0,0,0,0,0,0,0,0,0,0,0,0,0,0,AHL,Grand Rapids Griffins,73,03/26/2003,8,LD,75,"6'3""",209,23,Left,2 Way Defender,2021,2,36,85,82,84,87,80,82,81,79,82,78,84,78,50,75,79,82,86,82,81,85,80,75,83,50,78
0899,Sheldon,Dries,Sheldon Dries,UFA,,,0,0,0,0,0,0,9,5,14,0,0,0,9,5,14,AHL,Grand Rapids Griffins,72,04/23/1994,15,C,69,"5'9""",180,32,Left,2 Way Forward,N/A,N/A,N/A,78,75,74,74,84,79,78,80,85,79,84,79,78,79,77,81,83,78,88,83,84,84,89,65,81
0900,Ondrej,Becher,Ondrej Becher,UFA,,,0,0,0,0,0,0,0,0,0,0,0,0,0,0,0,AHL,Grand Rapids Griffins,71,02/22/2004,25,RW/LW,73,"6'1""",179,22,Left,2 Way Forward,2024,3,80,79,76,75,76,86,77,74,76,82,75,80,80,70,75,77,83,82,76,77,82,83,80,79,70,79
0901,Tyler,Angle,Tyler Angle,UFA,,,0,0,0,0,0,0,0,0,0,0,0,0,0,0,0,AHL,Grand Rapids Griffins,70,09/30/2000,77,C,70,"5'10""",166,25,Left,Playmaker,2019,7,212,85,80,78,79,85,73,70,76,85,76,85,72,74,68,78,86,86,76,82,85,75,71,85,60,76
0902,Mikey,Milne,Mikey Milne,UFA,,,0,0,0,0,0,0,0,0,0,0,0,0,0,0,0,AHL,Grand Rapids Griffins,70,09/21/2002,50,LW,71,"5'11""",185,23,Left,Sniper,2022,3,89,78,75,73,74,82,77,76,76,82,76,82,77,62,74,79,84,83,77,80,85,79,80,83,65,78
0903,Antti,Tuomisto,Antti Tuomisto,UFA,,,0,0,0,0,0,0,0,0,0,0,0,0,0,0,0,AHL,Grand Rapids Griffins,70,01/20/2001,4,RD,76,"6'4""",194,25,Right,2 Way Defender,2019,2,35,75,70,74,74,80,71,70,64,86,66,85,75,50,83,83,81,81,87,84,81,85,83,85,70,85
0904,Amadeus,Lombardi,Amadeus Lombardi,UFA,,,0,0,0,0,0,0,0,0,0,0,0,0,0,0,0,AHL,Grand Rapids Griffins,70,06/05/2003,93,C,70,"5'10""",165,23,Left,Playmaker,2022,4,113,83,79,79,78,85,76,70,77,84,78,83,72,73,66,75,84,84,72,80,84,68,68,85,65,70
0905,Brett,Berard,Brett Berard,Cincinnati Thunderbolts,2,"$1,000,000",0,0,0,0,0,0,0,0,0,0,0,0,0,0,0,AHL,Hartford Wolfpack,77,09/09/2002,9,LW,69,"5'9""",175,23,Left,Playmaker,2020,5,134,82,81,81,84,80,80,80,82,85,86,85,80,64,82,81,84,82,83,79,84,84,88,79,65,83
0906,Justin,Dowling,Justin Dowling,UFA,,,0,0,0,0,0,0,0,0,0,0,0,0,0,0,0,AHL,Hartford Wolfpack,77,10/01/1990,37,C,70,"5'10""",180,35,Left,2 Way Forward,N/A,N/A,N/A,81,80,81,82,85,81,78,82,87,81,86,82,74,81,83,80,80,83,78,81,85,87,79,75,83
0907,Trey,Fix-Wolansky,Trey Fix-Wolansky,UFA,,,0,0,0,0,0,0,0,0,0,5,15,20,5,15,20,AHL,Hartford Wolfpack,76,05/26/1999,64,RW,67,"5'7""",191,27,Right,Sniper,2018,7,204,81,79,81,81,85,83,78,82,85,83,85,81,61,81,80,81,79,81,79,80,80,84,78,60,80
0908,Adam,Sýkora,Adam Sýkora,Richmond Robbers,2,"$1,000,000",0,0,0,0,0,0,0,0,0,0,0,0,0,0,0,AHL,Hartford Wolfpack,76,09/07/2004,10,RW/LW,71,"5'11""",192,22,Left,2 Way Forward,2022,2,63,80,76,74,75,89,83,80,78,85,80,85,82,64,82,79,84,84,83,81,85,83,80,87,70,83
0909,Casey,Fitzgerald,Casey Fitzgerald,UFA,,,0,0,0,0,0,0,0,0,0,0,0,0,0,0,0,AHL,Hartford Wolfpack,76,02/25/1997,4,RD,71,"5'11""",183,29,Right,2 Way Defender,2016,3,86,80,75,80,79,80,77,75,75,87,76,86,80,60,85,83,86,86,84,84,86,84,83,85,65,85
0910,Scott,Morrow,Scott Morrow,UFA,,,0,0,0,0,0,0,0,0,0,0,0,0,0,0,0,AHL,Hartford Wolfpack,75,11/01/2002,55,RD,74,"6'2""",210,23,Right,Offensive Defenseman,2021,2,40,81,81,82,82,80,80,75,79,86,81,86,78,50,81,85,85,85,82,79,85,80,80,85,70,84
0911,Connor,Mackey,Connor Mackey,UFA,,,0,0,0,4,10,14,0,0,0,0,0,0,4,10,14,AHL,Hartford Wolfpack,75,09/12/1996,14,LD,75,"6'3""",204,29,Left,2 Way Defender,N/A,N/A,N/A,80,78,80,79,75,75,75,76,87,78,86,80,55,85,83,82,83,85,85,83,84,84,85,70,84
0912,Anton,Blidh,Anton Blidh,UFA,,,0,0,0,0,0,0,6,6,12,0,0,0,6,6,12,AHL,Hartford Wolfpack,73,03/14/1995,21,LW/RW,73,"6'1""",196,31,Left,Grinder,2013,6,180,79,75,74,75,80,76,74,79,84,78,82,77,63,80,76,83,84,81,82,84,82,83,86,75,81
0913,Brandon,Scanlin,Brandon Scanlin,UFA,,,0,0,0,0,0,0,0,0,0,0,0,0,0,0,0,AHL,Hartford Wolfpack,73,06/02/1999,58,LD/RD,76,"6'4""",218,27,Left,Defensive Defenseman,N/A,N/A,N/A,74,70,73,72,75,70,70,68,86,69,85,76,60,86,85,83,83,86,84,83,85,84,85,80,85
0914,Brendan,Brisson,Brendan Brisson,UFA,,,0,0,0,0,0,0,0,0,0,0,0,0,0,0,0,AHL,Hartford Wolfpack,72,10/22/2001,19,C,72,"6'0""",191,24,Left,2 Way Forward,2020,1,29,81,78,77,78,81,79,75,79,84,77,82,78,63,74,77,82,84,78,82,82,80,80,84,70,80
0915,Dylan,Roobroeck,Dylan Roobroeck,UFA,,,0,0,0,0,0,0,0,0,0,0,0,0,0,0,0,AHL,Hartford Wolfpack,71,07/27/2004,28,LW,79,"6'7""",204,22,Left,Power Forward,2023,6,178,78,75,74,74,83,75,73,75,84,79,84,78,76,82,80,80,80,82,81,81,80,79,87,75,80
0916,Alexander,Holtz,Alexander Holtz,Oklahoma Twisters,3,"$1,000,000",6,8,14,15,24,39,15,32,47,14,26,40,50,90,140,AHL,Henderson Silver Knights,78,01/23/2002,11,RW/LW,72,"6'0""",198,24,Right,Sniper,2020,1,7,81,79,82,81,83,82,79,85,88,84,88,82,63,79,79,83,80,81,79,82,81,83,79,65,85
0917,Dylan,Coghlan,Dylan Coghlan,Montana Miners,1,"$900,000",0,7,7,4,16,20,4,7,11,1,5,6,9,35,44,AHL,Henderson Silver Knights,77,02/19/1998,52,RD,74,"6'2""",208,28,Right,Defensive Defenseman,N/A,N/A,N/A,81,80,81,82,81,82,82,82,87,81,87,83,55,79,84,81,79,80,78,82,78,80,77,75,87
0918,Raphael,Lavoie,Raphael Lavoie,UFA,,,10,6,16,18,18,36,0,0,0,0,0,0,28,24,52,AHL,Henderson Silver Knights,76,09/25/2000,36,RW/C,76,"6'4""",215,25,Right,Sniper,2019,2,38,83,79,77,79,82,83,80,82,86,80,85,79,62,73,77,86,85,84,81,86,82,80,80,70,84
0919,Jaycob,Megna,Jaycob Megna,UFA,,,0,0,0,4,12,16,0,0,0,0,0,0,4,12,16,AHL,Henderson Silver Knights,75,12/10/1992,8,LD,78,"6'6""",214,33,Left,Defensive Defenseman,2012,7,210,74,70,78,78,75,74,75,70,87,70,87,76,55,89,86,82,85,90,85,84,87,86,85,80,89
0920,Jonas,Røndbjerg,Jonas Røndbjerg,UFA,,,0,0,0,10,15,25,0,0,0,0,0,0,10,15,25,AHL,Henderson Silver Knights,75,03/31/1999,46,RW,74,"6'2""",204,27,Left,2 Way Forward,2017,3,65,80,77,77,80,85,81,76,77,82,77,82,82,64,76,82,84,83,82,84,83,81,80,82,70,82
0921,Lukas,Cormier,Lukas Cormier,UFA,,,0,0,0,0,0,0,0,0,0,0,0,0,0,0,0,AHL,Henderson Silver Knights,75,03/27/2002,51,LD,71,"5'11""",190,24,Left,Offensive Defenseman,2020,3,68,86,83,83,82,83,82,70,79,86,80,85,77,60,77,83,88,88,80,83,87,75,75,85,65,80
0922,Jérémy,Davies,Jérémy Davies,UFA,,,0,0,0,0,0,0,0,0,0,0,0,0,0,0,0,AHL,Henderson Silver Knights,75,12/04/1996,84,LD,71,"5'11""",180,29,Left,2 Way Defender,2016,7,192,85,80,79,79,85,77,75,75,87,74,87,78,60,83,85,85,85,84,85,85,80,80,85,65,85
0923,Tanner,Laczynski,Tanner Laczynski,UFA,,,0,0,0,9,10,19,0,0,0,0,0,0,9,10,19,AHL,Henderson Silver Knights,75,06/01/1997,28,C,73,"6'1""",205,29,Right,2 Way Forward,2016,6,169,84,82,80,80,85,78,75,80,87,80,86,78,75,83,82,87,87,85,84,87,85,84,85,70,85
0924,Trevor,Connelly,Trevor Connelly,Memphis Cannons,2,"$900,000",0,0,0,0,0,0,0,0,0,0,0,0,0,0,0,AHL,Henderson Silver Knights,74,02/28/2006,24,LW,73,"6'1""",161,20,Left,Playmaker,2024,1,19,84,78,82,81,80,79,75,77,84,78,84,74,75,68,80,85,85,79,80,85,72,70,85,68,79
0925,Lucas,Johansen,Lucas Johansen,UFA,,,0,0,0,0,0,0,0,0,0,0,0,0,0,0,0,AHL,Henderson Silver Knights,74,11/16/1997,78,LD,74,"6'2""",176,28,Left,2 Way Defender,2016,1,28,83,76,81,78,85,76,75,71,87,72,86,78,60,83,83,85,85,84,84,85,83,81,75,67,84
0926,Matyas,Sapovaliv,Matyas Sapovaliv,UFA,,,0,0,0,0,0,0,0,0,0,0,0,0,0,0,0,AHL,Henderson Silver Knights,73,02/12/2004,25,C,76,"6'4""",200,22,Left,2 Way Forward,2022,2,48,78,76,73,75,89,75,73,77,82,78,82,83,77,78,85,80,83,77,88,81,80,79,88,70,80
0927,Kai,Uchacz,Kai Uchacz,UFA,,,0,0,0,0,0,0,0,0,0,0,0,0,0,0,0,AHL,Henderson Silver Knights,73,06/24/2003,77,RW,74,"6'2""",199,23,Right,2 Way Forward,N/A,N/A,N/A,81,80,80,80,84,77,74,75,83,75,82,80,73,78,82,84,84,80,80,84,83,80,83,75,83
0928,Jakub,Brabenec,Jakub Brabenec,UFA,,,0,0,0,0,0,0,0,0,0,0,0,0,0,0,0,AHL,Henderson Silver Knights,72,09/11/2003,12,C,73,"6'1""",180,22,Left,2 Way Forward,2021,4,102,77,74,74,74,85,76,75,74,81,75,80,82,71,75,85,80,82,76,83,80,81,79,82,65,80
0929,Jakub,Demek,Jakub Demek,UFA,,,0,0,0,0,0,0,0,0,0,0,0,0,0,0,0,AHL,Henderson Silver Knights,71,06/06/2003,13,RW,76,"6'4""",210,23,Left,Power Forward,2021,4,128,79,76,75,75,86,77,74,74,80,75,80,79,72,79,82,80,83,78,78,80,83,81,78,75,82
0930,Mitchell,McLain,Mitchell McLain,UFA,,,0,0,0,0,0,0,0,0,0,0,0,0,0,0,0,AHL,Henderson Silver Knights,70,12/09/1993,75,C,72,"6'0""",210,32,Left,2 Way Forward,N/A,N/A,N/A,78,75,73,74,79,77,76,77,82,80,84,77,65,75,75,81,82,80,79,81,84,84,80,82,82
0931,Brett,Leason,Brett Leason,Columbus Cougars,7,"$1,500,000",3,3,6,11,14,25,6,7,13,6,12,18,26,36,62,AHL,Hershey Bears,80,04/30/1999,23,RW,77,"6'5""",218,27,Right,Power Forward,2019,2,56,83,82,80,80,83,80,75,81,87,81,87,80,72,77,84,86,84,90,83,86,85,87,85,70,88
0932,Sonny,Milano,Sonny Milano,New York Steamrollers,3,"$1,000,000",10,0,10,9,26,35,12,32,44,9,19,28,40,77,117,AHL,Hershey Bears,78,05/12/1996,15,LW/RW,72,"6'0""",205,30,Left,Sniper,2014,1,16,85,82,84,83,83,82,80,81,87,82,87,81,60,78,81,85,82,82,79,84,80,82,75,70,85
0933,Ilya,Protas,Ilya Protas,Cincinnati Thunderbolts,3,"$2,500,000",0,0,0,0,0,0,0,0,0,0,0,0,0,0,0,AHL,Hershey Bears,75,07/18/2006,40,LW,77,"6'5""",201,20,Left,Playmaker,2024,3,75,80,78,78,81,72,80,80,75,86,77,86,81,68,80,76,85,86,84,78,87,80,78,85,65,86
0934,Bogdan,Trineyev,Bogdan Trineyev,Fort Worth Defenders,2,"$1,000,000",0,0,0,0,0,0,0,0,0,0,0,0,0,0,0,AHL,Hershey Bears,75,03/04/2002,44,RW,75,"6'3""",198,24,Right,Power Forward,2020,4,117,78,75,73,74,83,75,73,78,84,78,84,82,64,79,80,82,83,85,78,83,83,87,83,68,86
0935,Corey,Schueneman,Corey Schueneman,UFA,,,0,0,0,0,0,0,0,0,0,0,0,0,0,0,0,AHL,Hershey Bears,75,09/02/1995,6,LD/RD,71,"5'11""",197,31,Left,2 Way Defender,N/A,N/A,N/A,74,73,78,78,80,76,75,74,89,72,88,80,55,87,83,83,83,86,84,84,83,83,85,75,85
0936,Spencer,Smallman,Spencer Smallman,UFA,,,0,0,0,0,0,0,0,0,0,0,0,0,0,0,0,AHL,Hershey Bears,72,09/09/1996,11,RW,73,"6'1""",205,29,Right,2 Way Forward,2015,5,138,80,77,79,77,82,77,75,76,83,75,81,78,72,83,79,83,85,81,80,83,84,84,84,70,84
0937,Louis,Belpedio,Louis Belpedio,UFA,,,0,0,0,0,0,0,0,0,0,0,0,0,0,0,0,AHL,Hershey Bears,71,05/14/1996,7,RD,71,"5'11""",197,30,Right,2 Way Defender,2014,3,80,80,74,75,75,84,71,70,68,86,70,86,76,60,83,83,82,82,85,84,82,87,84,85,60,85
0938,Aaron,Ness,Aaron Ness,UFA,,,0,0,0,0,0,0,0,0,0,0,0,0,0,0,0,AHL,Hershey Bears,71,05/18/1990,27,LD,70,"5'10""",188,36,Left,2 Way Defender,2008,2,40,80,74,78,75,85,73,70,70,85,71,85,76,60,83,83,83,83,83,84,83,82,81,80,72,83
0939,Leon,Muggli,Leon Muggli,UFA,,,0,0,0,0,0,0,0,0,0,0,0,0,0,0,0,AHL,Hershey Bears,70,07/09/2006,34,LD/RD,72,"6'0""",165,20,Left,2 Way Defender,2024,2,52,77,75,76,76,68,72,75,72,83,74,83,78,55,76,79,83,83,78,72,83,70,74,72,66,78
0940,Ryan,Chesley,Ryan Chesley,UFA,,,0,0,0,0,0,0,0,0,0,0,0,0,0,0,0,AHL,Hershey Bears,70,02/27/2004,5,RD/LD,72,"6'0""",201,22,Right,Defensive Defenseman,2022,2,37,65,65,68,68,75,69,70,65,85,67,85,79,60,80,78,83,82,80,81,83,78,78,85,75,80
0941,Andrew,Cristall,Andrew Cristall,UFA,,,0,0,0,0,0,0,0,0,0,0,0,0,0,0,0,AHL,Hershey Bears,70,02/04/2005,20,LW,70,"5'10""",183,21,Left,Sniper,2023,2,40,80,74,76,78,71,80,80,76,86,76,87,70,56,69,66,86,84,75,72,87,72,70,84,60,70
0942,Wyatt,Bongiovanni,Wyatt Bongiovanni,UFA,,,0,0,0,0,0,0,0,0,0,0,0,0,0,0,0,AHL,Hershey Bears,70,07/24/1999,55,C,72,"6'0""",193,27,Left,2 Way Forward,N/A,N/A,N/A,81,77,74,77,81,76,78,82,87,79,85,75,65,74,76,83,84,81,81,84,81,82,81,68,81
0943,Nicolas,Aube-Kubel,Nicolas Aube-Kubel,Oklahoma Twisters,3,"$1,250,000",0,0,0,19,25,44,14,16,30,9,9,18,42,50,92,AHL,Iowa Wild,79,05/10/1996,96,RW/C,72,"6'0""",213,30,Right,2 Way Forward,2014,2,48,83,81,82,84,79,81,78,82,86,82,86,83,66,79,84,85,82,86,79,84,88,91,78,65,84
0944,Tyler,Pitlick,Tyler Pitlick,UFA,,,0,0,0,10,25,35,0,0,0,0,0,0,10,25,35,AHL,Iowa Wild,76,11/01/1991,17,C/RW,74,"6'2""",199,34,Right,2 Way Forward,2010,2,31,81,80,78,78,84,82,79,76,85,79,83,82,65,80,77,84,85,81,82,85,85,85,81,75,83
0945,Dylan,Gambrell,Dylan Gambrell,UFA,,,7,12,19,13,16,29,10,16,26,0,0,0,30,44,74,AHL,Iowa Wild,75,08/26/1996,14,C,72,"6'0""",190,30,Right,2 Way Forward,2016,3,72,81,81,79,79,74,80,75,80,86,80,86,80,75,75,82,86,84,83,85,87,81,80,85,65,85
0946,Ben,Jones,Ben Jones,UFA,,,0,0,0,0,0,0,0,0,0,0,0,0,0,0,0,AHL,Iowa Wild,75,02/26/1999,18,C,72,"6'0""",187,27,Left,2 Way Forward,2017,7,189,84,80,80,80,82,79,75,76,86,77,85,79,74,78,83,84,84,85,83,84,85,81,85,75,85
0947,Carson,Lambos,Carson Lambos,UFA,,,0,0,0,3,3,6,0,0,0,0,0,0,3,3,6,AHL,Iowa Wild,74,01/14/2003,7,LD,73,"6'1""",197,23,Left,2 Way Defender,2021,1,26,80,75,78,77,80,75,70,66,87,73,87,79,55,83,83,83,83,85,80,83,85,83,85,75,85
0948,Hunter,Haight,Hunter Haight,UFA,,,0,0,0,0,0,0,0,0,0,0,0,0,0,0,0,AHL,Iowa Wild,74,04/04/2004,43,C,70,"5'10""",173,22,Right,Playmaker,2022,2,47,81,78,77,76,82,79,78,80,86,82,85,77,74,79,76,87,85,80,85,88,82,86,88,65,80
0949,Matt,Kiersted,Matt Kiersted,UFA,,,0,0,0,5,7,12,0,0,0,0,0,0,5,7,12,AHL,Iowa Wild,74,04/14/1998,23,LD,72,"6'0""",181,28,Left,Defensive Defenseman,N/A,N/A,N/A,80,74,77,77,80,72,70,72,86,74,86,77,55,85,84,82,83,84,83,85,85,84,85,77,85
0950,Benjamin,Gleason,Benjamin Gleason,UFA,,,0,0,0,0,0,0,0,0,0,0,0,0,0,0,0,AHL,Iowa Wild,73,03/25/1998,8,LD,73,"6'1""",190,28,Left,Offensive Defenseman,N/A,N/A,N/A,85,80,82,83,75,78,70,79,87,80,87,74,60,84,82,87,87,84,83,87,84,83,85,70,84
0951,Viking,Gustafsson Nyberg,Viking Gustafsson Nyberg,UFA,,,0,0,0,0,0,0,0,0,0,0,0,0,0,0,0,AHL,Iowa Wild,73,09/21/2003,6,LD,78,"6'6""",225,22,Left,2 Way Defender,N/A,N/A,N/A,71,72,76,73,85,74,76,74,85,75,84,77,55,84,84,83,84,83,83,82,83,82,84,70,87
0952,Oskar,Olausson,Oskar Olausson,UFA,,,0,0,0,4,3,7,0,0,0,0,0,0,4,3,7,AHL,Iowa Wild,72,11/10/2002,24,LW/RW,73,"6'1""",180,23,Left,Sniper,2021,1,28,82,77,75,78,81,79,76,77,84,77,84,76,62,74,75,85,85,79,81,85,84,81,81,70,79
0953,Gerald,Mayhew,Gerald Mayhew,UFA,,,0,0,0,0,0,0,0,0,0,0,0,0,0,0,0,AHL,Iowa Wild,71,12/31/1992,20,C/RW,69,"5'9""",161,33,Right,2 Way Forward,N/A,N/A,N/A,83,78,78,78,75,76,70,73,86,74,85,76,82,81,81,84,84,83,80,84,87,83,85,75,83
0954,Caedan,Bankier,Caedan Bankier,UFA,,,0,0,0,0,0,0,0,0,0,0,0,0,0,0,0,AHL,Iowa Wild,70,01/26/2003,19,C,74,"6'2""",192,23,Left,2 Way Forward,2021,3,86,82,79,75,77,82,76,75,74,82,80,85,76,73,75,81,82,84,77,80,83,79,75,86,70,81
0955,Jean-Luc,Foudy,Jean-Luc Foudy,UFA,,,0,0,0,12,10,22,0,0,0,0,0,0,12,10,22,AHL,Iowa Wild,70,05/13/2002,86,C,71,"5'11""",177,24,Right,2 Way Forward,2020,3,75,85,78,76,78,85,74,70,74,86,74,85,75,73,78,81,86,85,82,85,87,83,79,85,70,80
0956,Sammy,Blais,Sammy Blais,Detroit Motors,4,"$1,250,000",1,4,5,6,19,25,11,20,31,8,23,31,26,66,92,AHL,Laval Rocket,79,06/17/1996,19,LW/RW,74,"6'2""",206,30,Left,Grinder,2014,6,176,84,81,82,84,80,80,81,81,87,82,87,80,63,81,79,81,81,85,79,81,88,90,79,75,87
0957,Marc,Del Gaizo,Marc Del Gaizo,Raleigh Wildcats,2,"$1,100,000",0,0,0,0,0,0,0,0,0,0,0,0,0,0,0,AHL,Laval Rocket,78,10/11/1999,2,LD/RD,71,"5'11""",188,26,Left,2 Way Defender,2019,4,109,81,79,81,81,82,80,80,84,86,83,85,83,55,80,81,82,81,84,78,82,84,88,79,65,85
0958,Owen,Beck,Owen Beck,Philadelphia Destroyers,3,"$900,000",0,0,0,0,0,0,0,0,0,0,0,0,0,0,0,AHL,Laval Rocket,77,02/03/2004,62,C,72,"6'0""",190,22,Right,2 Way Forward,2022,2,33,82,80,81,82,89,82,83,80,85,81,85,83,72,83,81,82,80,80,79,81,86,91,78,70,80
0959,Joshua,Roy,Joshua Roy,Las Vegas Vipers,2,"$900,000",0,0,0,0,0,0,12,9,21,0,16,16,12,25,37,AHL,Laval Rocket,76,08/06/2003,10,RW/C,72,"6'0""",192,23,Left,2 Way Forward,2021,5,150,80,80,80,81,84,81,79,80,86,82,85,81,64,83,82,81,81,80,78,87,80,83,78,65,83
0960,Adam,Engström,Adam Engström,Charleston Tsunami,2,"$900,000",0,0,0,0,0,0,0,0,0,0,0,0,0,0,0,AHL,Laval Rocket,76,11/17/2003,56,LD/RD,74,"6'2""",193,22,Left,2 Way Defender,2022,3,92,75,74,74,74,80,74,75,68,87,70,87,84,50,77,82,84,84,82,79,84,77,77,85,70,84
0961,Jared,Davidson,Jared Davidson,UFA,,,0,0,0,0,0,0,0,0,0,0,0,0,0,0,0,AHL,Laval Rocket,75,07/07/2002,49,C,71,"5'11""",188,24,Left,Playmaker,2022,5,130,81,80,80,80,81,80,75,82,87,83,85,77,65,75,76,85,84,79,79,85,84,86,82,65,83
0962,David,Reinbacher,David Reinbacher,Iowa Rebels,3,"$4,000,000",0,0,0,0,0,0,0,0,0,0,0,0,0,0,0,AHL,Laval Rocket,75,10/25/2004,64,RD,75,"6'3""",209,21,Right,2 Way Defender,2023,1,5,77,74,78,76,80,79,70,72,86,75,86,82,50,77,80,84,84,84,80,84,74,75,85,70,84
0963,Alex,Belzile,Alex Belzile,UFA,,,0,0,0,0,0,0,0,0,0,0,0,0,0,0,0,AHL,Laval Rocket,74,08/31/1991,22,RW/C,72,"6'0""",195,35,Right,2 Way Forward,N/A,N/A,N/A,82,80,79,80,80,81,80,77,87,79,86,79,71,73,75,85,85,80,88,87,82,81,87,65,82
0964,Lucas,Condotta,Lucas Condotta,UFA,,,0,0,0,0,0,0,0,0,0,0,0,0,0,0,0,AHL,Laval Rocket,74,11/06/1997,42,C,73,"6'1""",217,28,Left,Power Forward,N/A,N/A,N/A,78,74,75,75,83,76,75,74,81,75,80,80,78,82,77,80,81,83,87,80,87,86,86,80,84
0965,Sean,Farrell,Sean Farrell,UFA,,,0,0,0,0,0,0,4,18,22,0,0,0,4,18,22,AHL,Laval Rocket,74,11/02/2001,15,LW,69,"5'9""",181,24,Left,Playmaker,2020,4,124,80,78,80,78,88,82,77,79,86,78,84,79,62,76,76,84,84,78,83,84,84,83,83,60,81
0966,Florian,Xhekaj,Florian Xhekaj,UFA,,,0,0,0,0,0,0,0,0,0,0,0,0,0,0,0,AHL,Laval Rocket,72,06/27/2004,63,LW/C,75,"6'3""",188,22,Left,Grinder,2023,4,101,75,73,72,74,79,73,75,76,84,75,82,76,72,80,77,80,81,78,79,81,80,85,85,78,83
0967,Nate,Clurman,Nate Clurman,UFA,,,0,0,0,0,0,0,0,0,0,0,0,0,0,0,0,AHL,Laval Rocket,71,05/08/1998,5,RD,74,"6'2""",205,28,Right,Defensive Defenseman,2016,6,161,70,68,68,68,75,66,70,63,87,64,87,75,50,86,84,80,80,87,83,80,85,83,85,80,87
0968,Tobie,Paquette-Bisson,Tobie Paquette-Bisson,UFA,,,0,0,0,0,0,0,0,0,0,0,0,0,0,0,0,AHL,Laval Rocket,71,02/01/1997,4,LD/RD,75,"6'3""",194,29,Left,Defensive Defenseman,N/A,N/A,N/A,70,67,72,71,82,69,70,63,86,66,85,74,50,85,85,81,81,87,85,81,87,85,85,75,87
0969,Filip,Mesar,Filip Mesar,UFA,,,0,0,0,0,0,0,0,0,0,0,0,0,0,0,0,AHL,Laval Rocket,70,01/03/2004,48,RW/C,70,"5'10""",179,22,Right,Playmaker,2022,1,26,81,77,76,79,79,77,73,75,80,74,80,77,64,77,75,81,83,79,78,80,85,83,78,65,80
0970,Vincent,Arseneau,Vincent Arseneau,UFA,,,0,0,0,0,0,0,0,0,0,0,0,0,0,0,0,AHL,Laval Rocket,70,03/26/1992,18,LW,78,"6'6""",220,34,Left,Grinder,N/A,N/A,N/A,76,73,72,73,79,74,73,73,80,75,81,77,61,78,77,81,80,79,77,80,81,81,77,84,80
0971,Laurent,Dauphin,Laurent Dauphin,UFA,,,0,0,0,0,0,0,0,0,0,0,0,0,0,0,0,AHL,Laval Rocket,70,03/27/1995,27,C/LW,73,"6'1""",181,31,Left,2 Way Forward,2013,2,39,80,80,80,80,70,79,75,77,82,78,80,75,75,77,77,78,77,80,80,82,80,75,80,78,82
0972,Philip,Tomasino,Philip Tomasino,Tennessee Wolverines,2,"$1,250,000",4,7,11,12,31,43,16,20,36,11,16,27,43,74,117,AHL,Lehigh Valley Phantoms,79,07/28/2001,26,C/RW,72,"6'0""",187,25,Right,Playmaker,2019,1,24,85,82,84,85,84,82,79,84,87,85,87,81,63,79,82,84,83,83,78,83,83,84,79,65,82
0973,David,Jiricek,David Jiricek,Indianapolis Ghosts,4,"$1,250,000",0,0,0,2,9,11,2,15,17,5,11,16,9,35,44,AHL,Lehigh Valley Phantoms,79,11/28/2003,5,RD,76,"6'4""",204,22,Right,2 Way Defender,2022,1,6,82,80,82,82,79,82,86,83,88,82,88,83,55,78,81,80,81,85,78,80,84,86,78,75,87
0974,Anthony,Richard,Anthony Richard,Honolulu Hawks,1,"$1,000,000",0,0,0,0,0,0,0,0,0,8,13,21,8,13,21,AHL,Lehigh Valley Phantoms,77,12/20/1996,90,C/LW,70,"5'10""",185,29,Left,Playmaker,2015,4,100,83,79,81,80,83,83,82,81,85,81,85,78,64,75,77,87,84,82,82,87,80,81,80,65,79
0975,Helge,Grans,Helge Grans,North Dakota Bison,2,"$1,000,000",0,0,0,2,10,12,0,0,0,0,0,0,2,10,12,AHL,Lehigh Valley Phantoms,77,05/10/2002,3,RD/LD,76,"6'4""",205,24,Right,2 Way Defender,2020,2,35,80,78,80,81,81,81,79,80,88,81,87,82,55,79,82,81,79,79,78,82,79,82,77,80,87
0976,Karsen,Dorwart,Karsen Dorwart,UFA,,,0,0,0,0,0,0,0,0,0,0,0,0,0,0,0,AHL,Lehigh Valley Phantoms,76,09/17/2002,23,LW,73,"6'1""",194,23,Left,2 Way Forward,N/A,N/A,N/A,80,79,79,81,81,80,75,79,87,81,87,82,71,82,82,81,79,79,78,82,85,89,77,70,83
0977,Adam,Ginning,Adam Ginning,UFA,,,0,0,0,0,0,0,0,0,0,0,0,0,0,0,0,AHL,Lehigh Valley Phantoms,75,01/13/2000,37,LD/RD,75,"6'3""",196,26,Left,Defensive Defenseman,2018,2,50,75,72,76,73,70,70,75,67,87,68,87,78,63,86,83,80,81,88,84,81,88,86,85,75,88
0978,Jacob,Gaucher,Jacob Gaucher,UFA,,,0,0,0,0,0,0,0,0,0,0,0,0,0,0,0,AHL,Lehigh Valley Phantoms,75,03/09/2001,56,C,75,"6'3""",185,25,Right,Power Forward,N/A,N/A,N/A,78,75,74,74,82,78,77,79,84,78,83,81,81,82,82,81,83,85,87,83,84,82,87,75,86
0979,Garrett,Wilson,Garrett Wilson,UFA,,,0,0,0,0,0,0,0,0,0,0,0,0,0,0,0,AHL,Lehigh Valley Phantoms,73,03/16/1991,17,LW/RW,75,"6'3""",218,35,Left,Grinder,2009,4,107,78,74,73,73,78,75,73,76,83,77,82,78,64,82,78,80,82,82,82,80,83,84,83,85,81
0980,Maxence,Guénette,Maxence Guénette,UFA,,,0,0,0,0,0,0,0,0,0,0,0,0,0,0,0,AHL,Lehigh Valley Phantoms,73,04/28/2001,82,RD/LD,73,"6'1""",181,25,Right,Defensive Defenseman,2019,7,187,79,72,77,75,85,71,70,69,87,69,86,76,50,84,83,82,82,87,84,82,86,84,85,75,87
0981,Christian,Kyrou,Christian Kyrou,UFA,,,0,0,0,0,0,0,0,0,0,0,0,0,0,0,0,AHL,Lehigh Valley Phantoms,73,09/16/2003,15,RD/LD,71,"5'11""",166,22,Right,Offensive Defenseman,2022,2,50,84,80,83,81,80,80,70,77,85,79,84,76,55,80,80,85,85,80,75,84,72,72,85,68,80
0982,Zayde,Wisdom,Zayde Wisdom,UFA,,,0,0,0,10,8,18,0,0,0,0,0,0,10,8,18,AHL,Lehigh Valley Phantoms,73,07/07/2002,74,C,71,"5'11""",195,24,Right,2 Way Forward,2020,4,94,81,77,74,77,79,76,76,74,81,76,82,82,64,81,83,82,85,83,78,83,82,80,81,75,85
0983,Ty,Murchison,Ty Murchison,UFA,,,0,0,0,0,0,0,0,0,0,0,0,0,0,0,0,AHL,Lehigh Valley Phantoms,73,02/02/2003,4,LD,74,"6'2""",207,23,Left,Defensive Defenseman,2021,5,158,71,69,75,71,76,68,71,65,85,67,86,78,55,82,85,82,81,85,84,83,86,86,65,66,85
0984,Boris,Katchouk,Boris Katchouk,UFA,,,1,7,8,6,13,19,7,12,19,8,14,22,22,46,68,AHL,Lehigh Valley Phantoms,73,06/18/1998,61,LW,78,"6'6""",206,28,Left,2 Way Forward,2016,2,44,80,77,80,76,84,82,83,77,84,77,83,78,71,76,79,83,84,76,85,84,81,80,83,75,80
0985,Lane,Pederson,Lane Pederson,UFA,,,0,0,0,0,0,0,0,0,0,0,0,0,0,0,0,AHL,Lehigh Valley Phantoms,73,08/04/1997,25,C,73,"6'1""",196,29,Right,2 Way Forward,N/A,N/A,N/A,81,77,79,79,79,81,81,77,83,74,81,78,78,73,78,84,83,79,83,83,84,83,78,75,84
0986,Hunter,McDonald,Hunter McDonald,UFA,,,0,0,0,0,0,0,0,0,0,0,0,0,0,0,0,AHL,Lehigh Valley Phantoms,71,05/11/2002,19,LD,76,"6'4""",205,24,Left,2 Way Defender,2022,6,165,79,80,82,78,80,81,75,79,80,78,79,79,50,74,80,80,78,76,80,72,76,75,80,50,75
0987,Devin,Kaplan,Devin Kaplan,UFA,,,0,0,0,0,0,0,0,0,0,0,0,0,0,0,0,AHL,Lehigh Valley Phantoms,71,01/10/2004,12,RW,78,"6'6""",199,22,Right,2 Way Forward,2022,3,69,75,77,75,77,80,78,70,76,85,77,85,77,72,68,77,84,83,80,75,84,80,80,85,68,82
0988,Oscar,Eklind,Oscar Eklind,UFA,,,0,0,0,0,0,0,0,0,0,0,0,0,0,0,0,AHL,Lehigh Valley Phantoms,70,07/14/1998,43,LW/C,76,"6'4""",220,28,Left,2 Way Forward,N/A,N/A,N/A,79,76,75,76,83,75,73,72,80,75,81,77,63,78,78,80,83,79,78,80,83,86,83,70,82
0989,David,Gustafsson,David Gustafsson,South Dakota Spartans,3,"$1,250,000",3,2,5,11,9,20,16,8,24,6,8,14,36,27,63,AHL,Manitoba Moose,79,04/11/2000,27,C/LW,74,"6'2""",196,26,Left,Power Forward,2018,2,60,81,80,80,82,86,80,78,81,88,82,88,85,76,83,86,81,80,84,79,81,82,84,78,85,88
0990,Ville,Heinola,Ville Heinola,Florida Sunshine,2,"$2,000,000",0,0,0,7,17,24,3,18,21,0,0,0,10,35,45,AHL,Manitoba Moose,78,03/02/2001,22,LD,72,"6'0""",181,25,Left,2 Way Defender,2019,1,20,83,79,80,82,83,82,79,81,86,81,86,83,55,80,81,82,79,83,78,82,80,82,78,70,84
0991,Jaret,Anderson-Dolan,Jaret Anderson-Dolan,Richmond Robbers,2,"$1,000,000",0,0,0,10,6,16,19,20,39,0,0,0,29,26,55,AHL,Manitoba Moose,77,09/12/1999,28,C,71,"5'11""",200,26,Left,2 Way Forward,2017,2,41,80,79,80,82,81,81,78,79,87,82,87,82,66,83,80,82,79,83,78,81,86,91,78,70,85
0992,Phillip,Di Giuseppe,Phillip Di Giuseppe,Portland Sea Lions,2,"$900,000",0,0,0,0,0,0,12,23,35,8,16,24,20,39,59,AHL,Manitoba Moose,77,10/09/1993,24,LW,72,"6'0""",193,32,Left,2 Way Forward,2012,2,38,80,79,80,81,82,81,78,82,87,82,86,82,63,79,81,80,80,83,78,80,83,89,78,65,85
0993,Mason,Shaw,Mason Shaw,UFA,,,0,0,0,7,14,21,9,8,17,0,0,0,16,22,38,AHL,Manitoba Moose,77,11/03/1998,18,C,70,"5'10""",184,27,Left,Playmaker,2017,4,97,82,80,81,83,80,81,80,84,87,81,87,85,66,80,83,81,80,84,78,80,83,87,78,60,83
0994,Samuel,Fagemo,Samuel Fagemo,UFA,,,0,0,0,16,12,28,0,0,0,0,0,0,16,12,28,AHL,Manitoba Moose,76,03/14/2000,16,LW/RW,72,"6'0""",200,26,Right,Sniper,2019,2,50,80,77,78,77,84,82,80,84,89,83,88,77,61,73,75,82,84,77,84,84,79,79,86,70,79
0995,Kale,Clague,Kale Clague,UFA,,,0,3,3,6,14,20,4,11,15,0,0,0,10,28,38,AHL,Manitoba Moose,76,06/05/1998,56,LD,72,"6'0""",190,28,Left,2 Way Defender,2016,2,51,80,77,77,77,83,78,75,76,87,77,87,81,50,80,82,85,87,85,85,87,84,84,85,70,85
0996,Parker,Ford,Parker Ford,UFA,,,0,0,0,0,0,0,0,0,0,0,0,0,0,0,0,AHL,Manitoba Moose,75,07/20/2000,25,C,69,"5'9""",181,26,Right,Playmaker,N/A,N/A,N/A,79,78,78,78,80,81,78,77,83,78,84,83,70,82,82,86,86,84,84,86,83,80,80,70,84
0997,Isaak,Phillips,Isaak Phillips,UFA,,,0,0,0,0,0,0,0,0,0,0,0,0,0,0,0,AHL,Manitoba Moose,75,09/28/2001,3,LD/RD,75,"6'3""",205,24,Left,2 Way Defender,2020,5,141,77,72,77,75,80,75,70,70,87,71,86,80,50,85,84,84,83,85,84,84,85,85,85,75,85
0998,Danny,Zhilkin,Danny Zhilkin,UFA,,,0,0,0,0,0,0,0,0,0,0,0,0,0,0,0,AHL,Manitoba Moose,75,12/19/2003,17,C,73,"6'1""",192,22,Left,2 Way Forward,2022,3,77,81,80,79,79,81,80,75,75,84,78,83,82,75,80,79,82,82,78,78,82,80,80,79,63,84
0999,Nikita,Chibrikov,Nikita Chibrikov,UFA,,,0,0,0,0,0,0,0,0,0,0,0,0,0,0,0,AHL,Manitoba Moose,75,02/16/2003,19,LW/RW,70,"5'10""",170,23,Left,Playmaker,2021,2,50,83,70,79,82,82,82,75,78,83,79,84,78,62,75,78,83,85,82,82,83,82,86,79,65,81
1000,Walker,Duehr,Walker Duehr,UFA,,,0,0,0,0,0,0,0,0,0,4,5,9,4,5,9,AHL,Manitoba Moose,74,11/23/1997,55,RW,74,"6'2""",210,28,Right,Power Forward,N/A,N/A,N/A,80,77,78,78,84,79,77,79,83,78,82,77,63,77,78,83,81,81,80,83,81,84,78,80,81
1001,Ashton,Sautner,Ashton Sautner,UFA,,,0,0,0,0,0,0,0,0,0,0,0,0,0,0,0,AHL,Manitoba Moose,73,05/27/1994,6,LD,73,"6'1""",192,32,Left,Defensive Defenseman,N/A,N/A,N/A,80,72,76,75,75,72,70,71,86,72,85,75,60,85,85,85,85,85,84,85,85,85,85,75,85
1002,Brayden,Yager,Brayden Yager,Atlanta Cobalts,2,"$900,000",0,0,0,0,0,0,0,0,0,0,0,0,0,0,0,AHL,Manitoba Moose,73,01/03/2005,29,C,71,"5'11""",180,21,Right,2 Way Forward,2023,1,14,77,76,76,77,74,84,80,77,85,79,86,79,74,70,76,85,84,77,80,86,75,70,83,68,79
1003,Dylan,Anhorn,Dylan Anhorn,UFA,,,0,0,0,0,0,0,0,0,0,0,0,0,0,0,0,AHL,Manitoba Moose,70,01/21/1999,47,LD,72,"6'0""",190,27,Left,2 Way Defender,N/A,N/A,N/A,74,77,78,80,79,76,75,79,76,78,80,79,50,76,75,80,78,80,76,81,76,74,80,50,76
1004,Colby,Barlow,Colby Barlow,UFA,,,0,0,0,0,0,0,0,0,0,0,0,0,0,0,0,AHL,Manitoba Moose,70,02/14/2005,39,C,73,"6'1""",194,21,Left,Power Forward,2023,1,18,75,80,75,77,80,73,70,77,84,78,84,73,75,73,75,80,81,80,77,80,80,80,85,75,78
1005,Jordan,Oesterle,Jordan Oesterle,Jacksonville Blood Hounds,1,"$950,000",0,0,0,2,14,16,0,0,0,0,0,0,2,14,16,AHL,Milwaukee Admirals,78,06/25/1992,82,LD/RD,72,"6'0""",181,34,Left,Defensive Defenseman,N/A,N/A,N/A,81,81,82,82,87,80,82,86,86,83,85,84,55,82,83,84,80,81,79,83,79,82,79,70,85
1006,Andreas,Englund,Andreas Englund,Oklahoma Twisters,1,"$900,000",0,0,0,0,0,0,0,0,0,0,0,0,0,0,0,AHL,Milwaukee Admirals,78,01/21/1996,8,LD,76,"6'4""",200,30,Left,Defensive Defenseman,2014,2,40,80,78,80,81,81,77,80,81,88,80,87,81,55,83,80,80,79,81,79,80,89,90,79,89,87
1007,Jake,Lucchini,Jake Lucchini,UFA,,,0,0,0,0,0,0,0,0,0,0,0,0,0,0,0,AHL,Milwaukee Admirals,76,05/09/1995,19,C/LW,72,"6'0""",180,31,Left,2 Way Forward,N/A,N/A,N/A,82,78,79,79,85,82,78,78,84,80,84,82,73,77,78,85,84,79,82,86,83,82,86,65,80
1008,Kevin,Gravel,Kevin Gravel,UFA,,,0,0,0,0,0,0,0,0,0,0,0,0,0,0,0,AHL,Milwaukee Admirals,76,03/06/1992,5,LD/RD,76,"6'4""",205,34,Left,Defensive Defenseman,2010,5,148,73,72,75,75,75,73,75,68,87,70,87,79,55,86,86,81,81,89,86,81,86,87,90,80,88
1009,Daniel,Carr,Daniel Carr,UFA,,,0,0,0,0,0,0,0,0,0,0,0,0,0,0,0,AHL,Milwaukee Admirals,75,11/01/1991,11,LW,72,"6'0""",194,34,Left,2 Way Forward,N/A,N/A,N/A,80,81,82,82,78,82,84,82,84,84,86,79,71,80,80,84,82,79,80,83,80,74,80,71,82
1010,Ryder,Rolston,Ryder Rolston,UFA,,,0,0,0,0,0,0,0,0,0,0,0,0,0,0,0,AHL,Milwaukee Admirals,72,10/31/2001,18,RW/C,73,"6'1""",175,24,Right,2 Way Forward,2020,5,139,82,77,74,77,86,77,73,76,83,77,84,80,62,79,77,86,85,79,81,86,81,79,82,68,82
1011,Cole,O'Hara,Cole O'Hara,UFA,,,0,0,0,0,0,0,0,0,0,0,0,0,0,0,0,AHL,Milwaukee Admirals,72,06/20/2002,77,RW,72,"6'0""",187,24,Right,Playmaker,2022,4,114,78,77,78,77,80,77,75,77,85,78,84,76,72,72,75,84,84,80,80,84,70,70,85,65,80
1012,Tanner,Molendyk,Tanner Molendyk,UFA,,,0,0,0,0,0,0,0,0,0,0,0,0,0,0,0,AHL,Milwaukee Admirals,71,02/03/2005,50,LD,71,"5'11""",190,21,Left,Offensive Defenseman,2023,1,24,80,76,75,80,75,79,78,74,85,70,82,76,50,74,72,86,85,80,79,87,77,74,81,65,76
1013,Massimo,Rizzo,Massimo Rizzo,UFA,,,0,0,0,0,0,0,0,0,0,0,0,0,0,0,0,AHL,Milwaukee Admirals,70,06/13/2001,73,C,70,"5'10""",175,25,Left,Playmaker,2019,7,216,79,76,77,76,82,76,73,76,80,74,79,79,71,74,81,81,82,80,77,80,79,78,78,68,82
1014,Kyle,Burroughs,Kyle Burroughs,Jacksonville Blood Hounds,2,"$1,200,000",0,0,0,2,5,7,0,0,0,2,9,11,4,14,18,AHL,Ontario Reign,79,07/12/1995,7,RD/LD,72,"6'0""",193,31,Right,2 Way Defender,2013,7,196,80,79,80,81,79,81,80,81,88,80,87,84,55,80,81,80,79,83,79,80,88,92,79,75,85
1015,Cole,Guttman,Cole Guttman,UFA,,,0,0,0,0,0,0,0,0,0,0,0,0,0,0,0,AHL,Ontario Reign,76,04/06/1999,81,C,69,"5'9""",167,27,Right,Playmaker,2017,6,180,85,82,83,82,85,81,70,77,85,76,85,76,75,73,82,85,85,80,85,84,75,73,85,65,84
1016,Logan,Brown,Logan Brown,UFA,,,3,2,5,10,16,26,11,13,24,0,0,0,24,31,55,AHL,Ontario Reign,76,03/05/1998,91,C,78,"6'6""",218,28,Left,Power Forward,2016,1,11,82,80,81,81,84,84,77,78,83,75,81,81,73,73,79,82,84,79,78,82,82,79,78,80,84
1017,Nikita,Alexandrov,Nikita Alexandrov,UFA,,,0,0,0,3,12,15,0,0,0,0,0,0,3,12,15,AHL,Ontario Reign,76,09/16/2000,59,C,73,"6'1""",177,25,Left,Playmaker,2019,2,62,82,80,80,82,81,81,78,82,87,81,87,83,70,81,81,81,80,81,78,80,83,86,78,65,83
1018,Andre,Lee,Andre Lee,UFA,,,0,0,0,0,0,0,0,0,0,0,0,0,0,0,0,AHL,Ontario Reign,75,07/26/2000,26,LW/C,77,"6'5""",206,26,Left,Grinder,2019,7,188,79,76,75,76,82,77,76,76,81,76,81,81,62,79,78,81,81,81,80,82,85,85,80,70,85
1019,Jan,Jeník,Jan Jeník,UFA,,,0,0,0,8,12,20,0,0,0,0,0,0,8,12,20,AHL,Ontario Reign,74,09/15/2000,73,C,73,"6'1""",199,25,Left,2 Way Forward,2018,3,65,84,79,78,80,80,81,80,74,82,79,84,79,72,81,76,85,85,82,79,84,82,81,81,68,83
1020,Joe,Hicketts,Joe Hicketts,UFA,,,0,0,0,0,0,0,0,0,0,0,0,0,0,0,0,AHL,Ontario Reign,74,05/04/1996,27,LD,68,"5'8""",176,30,Left,2 Way Defender,N/A,N/A,N/A,80,75,78,78,83,74,75,73,85,74,85,79,55,85,83,85,85,84,85,85,83,83,85,67,84
1021,Francesco,Pinelli,Francesco Pinelli,UFA,,,0,0,0,0,0,0,0,0,0,0,0,0,0,0,0,AHL,Ontario Reign,73,04/11/2003,71,C,72,"6'0""",185,23,Left,Playmaker,2021,2,42,82,79,75,79,81,79,77,77,84,79,85,84,73,77,83,86,85,77,78,86,80,81,85,68,81
1022,Angus,Booth,Angus Booth,UFA,,,0,0,0,0,0,0,0,0,0,0,0,0,0,0,0,AHL,Ontario Reign,73,04/27/2004,24,LD,72,"6'0""",177,22,Left,Defensive Defenseman,2022,4,116,72,73,75,72,80,72,75,68,86,69,85,82,50,80,82,82,82,83,75,82,77,77,85,72,85
1023,Jared,Wright,Jared Wright,UFA,,,0,0,0,0,0,0,0,0,0,0,0,0,0,0,0,AHL,Ontario Reign,72,11/22/2002,78,RW/LW,75,"6'3""",183,23,Right,Power Forward,2022,6,169,72,76,75,72,75,74,70,74,85,79,86,72,73,65,76,84,84,84,75,85,75,75,85,73,85
1024,Kenny,Connors,Kenny Connors,UFA,,,0,0,0,0,0,0,0,0,0,0,0,0,0,0,0,AHL,Ontario Reign,72,03/10/2003,17,C,73,"6'1""",199,23,Left,2 Way Forward,2022,4,103,74,75,75,75,80,76,70,74,85,75,84,80,75,78,78,84,84,82,80,84,75,75,85,72,84
1025,Glenn,Gawdin,Glenn Gawdin,UFA,,,3,1,4,13,11,24,0,0,0,0,0,0,16,12,28,AHL,Ontario Reign,72,03/25/1997,21,C/RW,73,"6'1""",195,29,Right,2 Way Forward,2015,4,116,83,82,78,79,82,76,70,77,86,77,86,76,75,73,81,84,84,86,85,84,85,83,85,67,86
1026,Nikita,Novikov,Nikita Novikov,UFA,,,0,0,0,0,0,0,0,0,0,0,0,0,0,0,0,AHL,Ontario Reign,72,07/25/2003,74,LD,75,"6'3""",196,23,Left,2 Way Defender,2021,6,188,76,75,77,77,80,76,75,73,85,75,85,78,50,78,82,84,84,78,80,84,75,75,85,73,79
1027,Martin,Chromiak,Martin Chromiak,UFA,,,0,0,0,0,0,0,0,0,0,0,0,0,0,0,0,AHL,Ontario Reign,71,08/20/2002,8,RW,72,"6'0""",187,24,Right,2 Way Forward,2020,5,128,82,77,78,79,82,75,75,78,87,77,85,76,61,74,75,87,86,80,80,87,80,80,85,67,80
1028,Jack,Millar,Jack Millar,UFA,,,0,0,0,0,0,0,0,0,0,0,0,0,0,0,0,AHL,Ontario Reign,70,11/30/2000,45,RD,76,"6'4""",220,25,Right,2 Way Defender,N/A,N/A,N/A,76,75,80,78,77,78,78,81,80,82,81,77,50,79,78,78,76,79,80,80,80,75,80,59,82
1029,Matthew,Poitras,Matthew Poitras,Tennessee Wolverines,2,"$1,500,000",0,0,0,0,0,0,10,32,42,11,13,24,21,45,66,AHL,Providence Bruins,80,03/10/2004,21,C,71,"5'11""",180,22,Right,Playmaker,2022,2,54,86,82,85,85,82,85,81,81,86,81,85,82,70,79,80,86,83,87,78,84,83,82,79,65,85
1030,Patrick,Brown,Patrick Brown,North Dakota Bison,1,"$2,000,000",0,0,0,1,11,12,0,0,0,0,0,0,1,11,12,AHL,Providence Bruins,78,05/29/1992,38,C/RW,73,"6'1""",218,34,Right,2 Way Forward,N/A,N/A,N/A,79,79,80,81,81,80,78,82,87,81,86,84,69,84,83,80,79,82,83,81,88,90,78,75,87
1031,Riley,Tufte,Riley Tufte,UFA,,,2,6,8,13,10,23,0,0,0,0,0,0,15,16,31,AHL,Providence Bruins,77,04/10/1998,27,LW,78,"6'6""",230,28,Left,Power Forward,2016,1,25,83,79,77,78,79,80,77,79,85,82,85,78,64,76,77,84,85,84,83,85,82,83,83,80,84
1032,Fabian,Lysell,Fabian Lysell,Philadelphia Destroyers,3,"$900,000",0,0,0,0,0,0,0,0,0,8,6,14,8,6,14,AHL,Providence Bruins,77,01/19/2003,22,LW,71,"5'11""",181,23,Right,Playmaker,2021,1,21,83,79,81,82,81,83,78,81,87,84,86,81,63,78,79,87,80,82,78,85,80,81,78,65,82
1033,Matej,Blümel,Matej Blümel,UFA,,,0,0,0,0,0,0,0,0,0,0,0,0,0,0,0,AHL,Providence Bruins,76,05/31/2000,18,RW,72,"6'0""",201,26,Left,2 Way Forward,2019,4,100,85,82,81,81,84,83,83,82,88,84,88,78,62,74,79,88,87,80,86,90,79,79,87,63,81
1034,Georgii,Merkulov,Georgii Merkulov,UFA,,,0,0,0,0,0,0,0,0,0,0,0,0,0,0,0,AHL,Providence Bruins,75,10/10/2000,10,LW/C,71,"5'11""",176,25,Left,Playmaker,N/A,N/A,N/A,80,79,80,81,81,81,77,80,86,83,85,82,60,83,79,81,79,80,78,81,81,81,78,65,80
1035,Christian,Wolanin,Christian Wolanin,UFA,,,0,0,0,0,0,0,0,0,0,0,0,0,0,0,0,AHL,Providence Bruins,75,03/17/1995,86,LD,74,"6'2""",190,31,Left,2 Way Defender,2015,4,107,78,77,79,78,83,77,75,73,87,74,86,80,55,83,83,82,82,85,85,82,84,83,85,75,85
1036,Victor,Söderström,Victor Söderström,UFA,,,0,10,10,5,14,19,8,13,21,0,0,0,13,37,50,AHL,Providence Bruins,74,02/26/2001,29,RD,71,"5'11""",184,25,Right,2 Way Defender,2019,1,11,83,80,85,80,79,84,82,79,87,78,87,80,55,72,75,84,87,74,80,87,78,74,88,70,77
1037,John,Farinacci,John Farinacci,UFA,,,0,0,0,0,0,0,0,0,0,0,0,0,0,0,0,AHL,Providence Bruins,72,02/14/2001,26,C,71,"5'11""",197,25,Right,2 Way Forward,2019,3,76,78,77,75,75,82,78,70,73,87,73,86,78,75,76,82,82,82,85,83,82,85,83,85,75,85
1038,Billy,Sweezey,Billy Sweezey,UFA,,,0,0,0,0,0,0,0,0,0,0,0,0,0,0,0,AHL,Providence Bruins,72,02/06/1996,6,RD,73,"6'1""",206,30,Right,Defensive Defenseman,N/A,N/A,N/A,70,67,72,68,65,66,70,63,87,66,87,76,50,85,83,81,80,87,84,81,87,85,85,80,87
1039,Michael,Callahan,Michael Callahan,UFA,,,0,0,0,0,0,0,0,0,0,0,0,0,0,0,0,AHL,Providence Bruins,72,09/23/1999,23,LD/RD,74,"6'2""",199,26,Left,Defensive Defenseman,2018,5,142,73,74,74,73,75,69,70,63,87,66,86,77,60,83,84,81,81,86,85,81,83,81,85,80,86
1040,Joseph,Abate,Joseph Abate,UFA,,,0,0,0,0,0,0,0,0,0,0,0,0,0,0,0,AHL,Providence Bruins,71,09/26/1998,47,LW,73,"6'1""",198,27,Left,Grinder,N/A,N/A,N/A,76,73,72,73,78,74,73,73,80,74,81,78,61,73,77,82,80,78,77,81,82,84,77,80,81
1041,Alexis,Gendron,Alexis Gendron,UFA,,,0,0,0,0,0,0,0,0,0,0,0,0,0,0,0,AHL,Providence Bruins,71,12/30/2003,72,C,69,"5'9""",175,22,Left,Sniper,2022,7,220,79,75,74,76,79,75,75,77,85,78,86,74,63,73,76,84,84,77,78,85,79,75,80,60,79
1042,Riley,Duran,Riley Duran,UFA,,,0,0,0,0,0,0,0,0,0,0,0,0,0,0,0,AHL,Providence Bruins,71,01/25/2002,11,C,73,"6'1""",174,24,Right,2 Way Forward,2020,6,182,78,74,72,74,84,75,76,73,81,76,82,80,63,78,84,82,82,78,79,82,82,85,80,72,81
1043,Frédéric,Brunet,Frédéric Brunet,UFA,,,0,0,0,0,0,0,0,0,0,0,0,0,0,0,0,AHL,Providence Bruins,70,08/21/2003,42,LD/RD,75,"6'3""",196,23,Left,2 Way Defender,2022,5,132,70,65,76,74,90,76,70,65,84,65,83,78,50,80,81,82,82,80,75,82,72,75,85,75,78
1044,Zac,Jones,Zac Jones,Chicago Rockets,5,"$1,500,000",0,0,0,10,18,28,0,0,0,5,21,26,15,39,54,AHL,Rochester Americans,80,10/18/2000,39,LD,71,"5'11""",190,25,Left,Offensive Defenseman,2019,3,68,86,82,85,85,81,86,84,82,86,82,87,84,55,79,82,85,82,82,78,82,81,82,79,65,82
1045,Konsta,Helenius,Konsta Helenius,North Dakota Bison,3,"$5,000,000",0,0,0,0,0,0,0,0,0,0,0,0,0,0,0,AHL,Rochester Americans,77,05/11/2006,91,RW,71,"5'11""",180,20,Right,Playmaker,2024,1,14,85,79,80,81,81,84,75,76,84,82,85,79,71,73,76,87,86,83,79,86,79,80,85,60,80
1046,Ryan,Johnson,Ryan Johnson,Chicago Rockets,2,"$900,000",0,0,0,0,0,0,0,0,0,0,0,0,0,0,0,AHL,Rochester Americans,77,07/24/2001,23,LD,73,"6'1""",195,25,Left,2 Way Defender,2019,1,31,83,78,82,80,85,79,75,76,87,78,87,81,55,82,85,86,87,86,85,86,82,80,85,70,84
1047,Jake,Leschyshyn,Jake Leschyshyn,UFA,,,2,5,7,8,5,13,0,0,0,0,0,0,10,10,20,AHL,Rochester Americans,76,03/10/1999,7,C,71,"5'11""",198,27,Left,2 Way Forward,2017,2,62,79,78,79,80,81,81,78,82,86,81,86,81,76,81,80,80,79,79,80,80,86,90,78,70,85
1048,Zach,Metsa,Zach Metsa,UFA,,,0,0,0,0,0,0,0,0,0,0,0,0,0,0,0,AHL,Rochester Americans,76,10/19/1998,22,RD,69,"5'9""",181,27,Right,2 Way Defender,N/A,N/A,N/A,75,74,77,77,75,78,70,68,86,68,85,83,50,82,80,83,83,84,80,83,80,77,85,75,84
1049,Carson,Meyer,Carson Meyer,UFA,,,0,0,0,0,0,0,0,0,0,0,0,0,0,0,0,AHL,Rochester Americans,76,08/18/1997,72,RW,71,"5'11""",184,29,Right,2 Way Forward,2017,6,179,84,80,81,81,85,82,70,80,86,81,85,80,70,75,83,87,87,83,85,87,80,80,85,70,83
1050,Gavin,Bayreuther,Gavin Bayreuther,UFA,,,0,0,0,5,7,12,0,0,0,0,0,0,5,7,12,AHL,Rochester Americans,76,05/12/1994,15,LD,73,"6'1""",196,32,Left,2 Way Defender,N/A,N/A,N/A,80,74,81,78,80,72,70,74,87,73,86,81,60,86,82,84,84,84,85,84,85,85,80,70,85
1051,Trevor,Kuntar,Trevor Kuntar,UFA,,,0,0,0,0,0,0,0,0,0,0,0,0,0,0,0,AHL,Rochester Americans,75,06/20/2001,10,C,72,"6'0""",205,25,Left,Power Forward,2020,3,89,79,76,73,75,79,77,77,75,80,75,82,78,67,73,76,84,83,82,77,83,86,84,79,75,89
1052,Anton,Wahlberg,Anton Wahlberg,UFA,,,0,0,0,0,0,0,0,0,0,0,0,0,0,0,0,AHL,Rochester Americans,74,07/04/2005,24,C,75,"6'3""",194,21,Left,Power Forward,2023,2,39,81,78,75,77,85,77,74,74,82,75,82,78,66,74,79,84,85,82,78,83,83,80,81,80,83
1053,Jack,Rathbone,Jack Rathbone,UFA,,,2,4,6,4,19,23,5,20,25,0,0,0,11,43,54,AHL,Rochester Americans,74,05/20/1999,5,LD,70,"5'10""",177,27,Left,2 Way Defender,2017,4,95,87,80,82,82,85,78,75,76,87,76,87,78,60,83,81,86,86,85,84,85,80,78,85,70,85
1054,Mason,Geertsen,Mason Geertsen,UFA,,,0,0,0,0,0,0,0,0,0,0,0,0,0,0,0,AHL,Rochester Americans,72,04/19/1995,4,LD/RD,76,"6'4""",231,31,Left,Defensive Defenseman,2013,4,93,73,70,73,70,65,67,70,66,87,66,88,74,55,84,84,80,80,88,84,80,88,88,85,81,88
1055,Jagger,Joshua,Jagger Joshua,UFA,,,0,0,0,0,0,0,0,0,0,0,0,0,0,0,0,AHL,Rochester Americans,71,03/29/1999,8,LW,74,"6'2""",201,27,Left,Grinder,N/A,N/A,N/A,77,73,72,73,79,74,73,73,79,73,79,77,64,76,78,80,81,81,79,79,83,83,77,65,83
1056,Olivier,Nadeau,Olivier Nadeau,UFA,,,2,7,9,0,0,0,0,0,0,0,0,0,2,7,9,AHL,Rochester Americans,70,01/15/2003,20,RW,74,"6'2""",204,23,Right,Power Forward,2021,4,97,76,73,72,74,80,74,70,70,78,71,78,77,64,74,76,80,80,79,76,79,89,83,75,75,83
1057,Kaleb,Lawrence,Kaleb Lawrence,UFA,,,0,0,0,0,0,0,0,0,0,0,0,0,0,0,0,AHL,Rochester Americans,70,01/10/2003,25,C,79,"6'7""",230,23,Left,Grinder,2022,7,215,76,73,72,73,79,74,72,71,79,74,80,82,70,76,80,79,79,76,77,79,81,80,77,75,79
1058,Brett,Seney,Brett Seney,UFA,,,3,3,6,10,9,19,0,0,0,0,0,0,13,12,25,AHL,Rockford IceHogs,76,02/28/1996,62,LW/C,69,"5'9""",156,30,Left,Playmaker,2015,6,157,83,79,82,79,80,84,80,76,84,79,85,78,69,78,76,87,85,77,87,87,79,80,86,68,78
1059,Joey,Anderson,Joey Anderson,UFA,,,4,9,13,12,14,26,6,11,17,0,0,0,22,34,56,AHL,Rockford IceHogs,75,06/19/1998,22,RW,72,"6'0""",207,28,Right,2 Way Forward,2016,3,73,79,78,78,76,86,80,78,77,82,78,82,83,63,76,84,80,81,80,83,80,81,80,78,70,82
1060,Derrick,Pouliot,Derrick Pouliot,UFA,,,0,0,0,0,0,0,0,0,0,0,0,0,0,0,0,AHL,Rockford IceHogs,74,01/16/1994,51,LD,73,"6'1""",204,32,Left,Offensive Defenseman,2012,1,8,85,80,80,80,80,78,80,75,87,76,87,78,65,83,83,84,84,85,85,85,83,81,85,68,85
1061,Samuel,Savoie,Samuel Savoie,UFA,,,0,0,0,0,0,0,0,0,0,0,0,0,0,0,0,AHL,Rockford IceHogs,71,03/25/2004,67,C,70,"5'10""",189,22,Left,2 Way Forward,2022,3,81,80,74,74,75,83,76,74,77,81,75,82,78,64,79,79,84,84,81,87,84,80,83,85,65,79
1062,Jackson,Cates,Jackson Cates,UFA,,,0,0,0,0,0,0,0,0,0,0,0,0,0,0,0,AHL,Rockford IceHogs,71,09/26/1997,63,C,72,"6'0""",190,28,Left,2 Way Forward,N/A,N/A,N/A,77,75,73,74,83,75,73,78,83,76,82,81,76,77,82,80,82,76,82,80,80,80,84,75,80
1063,Rem,Pitlick,Rem Pitlick,UFA,,,3,3,6,10,30,40,0,0,0,0,0,0,13,33,46,AHL,Rockford IceHogs,70,04/02/1997,12,C/LW,71,"5'11""",186,29,Left,2 Way Forward,2016,3,76,78,75,79,76,81,80,77,76,82,73,79,77,65,72,76,81,81,77,79,80,79,78,78,75,80
1064,Gavin,Hayes,Gavin Hayes,UFA,,,0,0,0,0,0,0,0,0,0,0,0,0,0,0,0,AHL,Rockford IceHogs,70,05/14/2004,92,LW,73,"6'1""",177,22,Right,2 Way Forward,2022,3,66,77,74,75,74,84,79,74,73,81,76,83,77,61,75,76,83,81,76,83,83,79,78,79,68,79
1065,Ryan,Mast,Ryan Mast,UFA,,,0,0,0,3,0,3,0,0,0,0,0,0,3,0,3,AHL,Rockford IceHogs,70,01/14/2003,58,RD/LD,77,"6'5""",221,23,Right,Defensive Defenseman,2021,6,181,67,65,71,70,77,67,70,65,85,65,85,75,50,83,83,81,81,83,80,82,83,83,85,77,81
1066,Cavan,Fitzgerald,Cavan Fitzgerald,UFA,,,0,0,0,0,0,0,0,0,0,0,0,0,0,0,0,AHL,Rockford IceHogs,70,08/23/1996,23,LD/RD,73,"6'1""",200,30,Left,Defensive Defenseman,N/A,N/A,N/A,78,70,73,71,80,69,70,65,86,66,86,74,50,83,83,82,82,85,83,82,85,83,85,70,85
1067,Nikita,Nesterenko,Nikita Nesterenko,Memphis Cannons,5,"$1,000,000",0,0,0,0,0,0,0,0,0,0,0,0,0,0,0,AHL,San Diego Gulls,78,09/10/2001,13,C,74,"6'2""",203,24,Left,Playmaker,2019,6,172,83,82,82,83,82,82,80,78,85,81,85,82,62,75,82,86,85,81,81,90,83,85,81,65,83
1068,Sam,Colangelo,Sam Colangelo,Indianapolis Ghosts,2,"$900,000",0,0,0,0,0,0,5,9,14,12,13,25,17,22,39,AHL,San Diego Gulls,77,12/26/2001,29,RW,74,"6'2""",213,24,Right,Power Forward,2020,2,36,82,80,79,81,85,84,79,83,85,82,86,81,65,76,79,85,83,80,81,85,80,82,79,70,83
1069,Tristan,Luneau,Tristan Luneau,Lincoln Lumberjacks,2,"$2,000,000",0,0,0,0,0,0,0,0,0,0,0,0,0,0,0,AHL,San Diego Gulls,77,01/12/2004,6,RD/LD,73,"6'1""",195,22,Right,2 Way Defender,2022,2,53,84,81,82,84,82,83,83,81,86,82,85,81,55,81,82,83,80,82,79,83,80,82,77,70,84
1070,Tyson,Hinds,Tyson Hinds,UFA,,,0,0,0,1,2,3,0,0,0,0,0,0,1,2,3,AHL,San Diego Gulls,75,03/12/2003,5,LD/RD,75,"6'3""",188,23,Left,2 Way Defender,2021,3,76,75,72,76,73,75,74,70,68,86,70,85,81,50,84,84,82,82,85,85,82,85,83,85,73,85
1071,Matthew,Phillips,Matthew Phillips,New York Steamrollers,1,"$900,000",0,0,0,0,0,0,10,10,20,4,12,16,14,22,36,AHL,San Diego Gulls,75,04/06/1998,18,RW/C,68,"5'8""",160,28,Right,Playmaker,2016,6,166,83,78,83,79,86,82,78,78,82,79,83,77,61,74,75,85,84,78,81,85,81,80,84,65,80
1072,Nathan,Gaucher,Nathan Gaucher,UFA,,,0,0,0,0,0,0,0,0,0,0,0,0,0,0,0,AHL,San Diego Gulls,75,11/06/2003,17,C,75,"6'3""",207,22,Right,Power Forward,2022,1,22,79,76,75,75,79,77,75,75,85,78,84,81,76,81,81,82,81,82,79,82,83,85,82,75,85
1073,Justin,Bailey,Justin Bailey,UFA,,,11,10,21,9,13,22,0,0,0,0,0,0,20,23,43,AHL,San Diego Gulls,74,07/01/1995,12,RW,76,"6'4""",214,31,Right,Power Forward,2013,2,52,82,77,76,79,80,79,76,77,84,80,85,79,63,79,78,86,85,78,86,86,81,84,84,70,79
1074,Ryan,Carpenter,Ryan Carpenter,UFA,,,0,0,0,0,0,0,13,18,31,0,0,0,13,18,31,AHL,San Diego Gulls,74,01/18/1991,22,C/RW,73,"6'1""",198,35,Right,2 Way Forward,N/A,N/A,N/A,80,79,79,78,85,81,79,75,83,76,82,81,79,78,78,81,83,77,87,82,84,81,85,75,83
1075,Jan,Mysak,Jan Mysak,UFA,,,0,0,0,6,4,10,0,0,0,0,0,0,6,4,10,AHL,San Diego Gulls,74,06/24/2002,11,LW,71,"5'11""",190,24,Left,Sniper,2020,2,48,81,77,75,77,85,78,79,76,83,80,84,79,74,83,76,83,84,80,79,84,87,85,85,65,85
1076,Yegor,Sidorov,Yegor Sidorov,UFA,,,0,0,0,0,0,0,0,0,0,0,0,0,0,0,0,AHL,San Diego Gulls,73,06/18/2004,19,C,72,"6'0""",184,22,Left,Sniper,2023,3,85,84,78,77,79,84,80,75,78,86,79,86,75,62,74,75,85,85,77,78,86,79,80,85,63,77
1077,Roland,McKeown,Roland McKeown,UFA,,,0,0,0,0,0,0,0,0,0,0,0,0,0,0,0,AHL,San Diego Gulls,73,01/20/1996,37,RD,73,"6'1""",195,30,Right,2 Way Defender,2014,2,50,82,75,77,76,80,74,70,70,86,70,85,78,60,84,81,83,83,85,84,83,86,83,85,75,85
1078,Noah,Warren,Noah Warren,UFA,,,0,0,0,0,0,0,0,0,0,0,0,0,0,0,0,AHL,San Diego Gulls,71,07/15/2004,2,RD/LD,76,"6'4""",216,22,Right,Defensive Defenseman,2022,2,42,70,65,73,60,75,68,70,66,85,67,85,78,55,84,80,80,82,84,77,81,83,83,85,80,82
1079,Stian,Solberg,Stian Solberg,UFA,,,0,0,0,0,0,0,0,0,0,0,0,0,0,0,0,AHL,San Diego Gulls,70,12/29/2005,7,LD,74,"6'2""",194,20,Left,2 Way Defender,2024,1,23,76,74,75,74,77,73,74,71,78,75,82,77,55,75,76,82,80,79,76,82,85,84,77,80,86
1080,Callahan,Burke,Callahan Burke,UFA,,,0,0,0,0,0,0,0,0,0,0,0,0,0,0,0,AHL,San Diego Gulls,70,03/19/1997,48,C,70,"5'10""",183,29,Right,2 Way Forward,N/A,N/A,N/A,85,80,78,78,85,76,70,75,86,76,85,74,74,71,81,85,85,82,83,83,83,79,85,65,82
1081,Nolan,Allan,Nolan Allan,Fort Worth Defenders,2,"$1,250,000",0,0,0,0,0,0,0,0,0,0,0,0,0,0,0,AHL,San Jose Barracuda,77,04/28/2003,7,LD/RD,74,"6'2""",195,23,Left,Defensive Defenseman,2021,1,32,80,78,80,80,81,78,75,80,87,80,86,81,55,82,80,81,79,83,78,80,87,90,79,80,85
1082,Cam,Lund,Cam Lund,Cincinnati Thunderbolts,2,"$1,000,000",0,0,0,0,0,0,0,0,0,0,0,0,0,0,0,AHL,San Jose Barracuda,76,06/07/2004,46,C/RW,74,"6'2""",195,22,Right,Sniper,2022,2,34,81,79,80,82,81,81,79,79,88,83,88,80,65,78,79,81,79,79,79,82,83,83,78,70,84
1083,Egor,Afanasyev,Egor Afanasyev,UFA,,,0,0,0,0,0,0,0,0,0,0,0,0,0,0,0,AHL,San Jose Barracuda,75,01/23/2001,11,LW,76,"6'4""",211,25,Left,Power Forward,2019,2,45,83,83,79,79,75,75,70,77,87,78,87,72,60,73,80,82,81,86,83,82,85,80,85,75,86
1084,Oliver,Wahlstrom,Oliver Wahlstrom,UFA,,,25,21,46,23,34,57,19,33,52,0,0,0,67,88,155,AHL,San Jose Barracuda,75,06/13/2000,24,RW,74,"6'2""",205,26,Right,Sniper,2018,1,11,85,82,80,80,80,77,70,78,88,82,88,74,65,72,77,84,85,83,80,85,78,76,85,75,85
1085,Luca,Cagnoni,Luca Cagnoni,North Dakota Bison,2,"$900,000",0,0,0,0,0,0,0,0,0,0,0,0,0,0,0,AHL,San Jose Barracuda,75,12/21/2004,42,LD/RD,69,"5'9""",180,21,Left,2 Way Defender,2023,4,123,79,76,80,79,80,80,75,72,85,73,84,83,55,79,77,83,83,78,80,83,70,70,85,66,78
1086,Lucas,Carlsson,Lucas Carlsson,UFA,,,0,0,0,0,0,0,0,0,0,0,0,0,0,0,0,AHL,San Jose Barracuda,74,07/05/1997,32,LD,72,"6'0""",192,29,Left,2 Way Defender,2016,4,110,80,75,80,79,80,77,75,71,85,71,85,79,60,83,83,83,83,84,82,83,83,80,85,70,83
1087,Patrick,Giles,Patrick Giles,UFA,,,0,0,0,0,0,0,0,0,0,0,0,0,0,0,0,AHL,San Jose Barracuda,74,01/03/2000,54,RW/C,76,"6'4""",217,26,Right,2 Way Forward,N/A,N/A,N/A,80,77,75,78,83,77,76,75,80,79,82,82,71,76,81,83,82,82,83,82,84,83,80,70,84
1088,Ethan,Cardwell,Ethan Cardwell,UFA,,,0,0,0,0,0,0,0,0,0,0,0,0,0,0,0,AHL,San Jose Barracuda,74,08/30/2002,56,C,71,"5'11""",180,24,Right,Sniper,2021,4,121,80,76,80,76,81,81,81,79,85,78,85,80,64,78,78,86,83,77,81,88,80,81,86,68,80
1089,Filip,Bystedt,Filip Bystedt,UFA,,,0,0,0,0,0,0,0,0,0,0,0,0,0,0,0,AHL,San Jose Barracuda,74,02/04/2004,18,C,74,"6'2""",187,22,Left,2 Way Forward,2022,1,27,81,78,76,77,82,79,76,77,83,77,82,82,73,77,84,84,84,78,83,84,81,81,80,70,82
1090,Jett,Woo,Jett Woo,UFA,,,0,0,0,0,0,0,0,0,0,0,0,0,0,0,0,AHL,San Jose Barracuda,73,07/27/2000,22,RD,72,"6'0""",205,26,Right,Defensive Defenseman,2018,2,37,75,70,73,71,75,70,70,67,87,68,87,75,55,83,83,82,82,87,83,82,90,87,85,80,86
1091,Colin,White,Colin White,UFA,,,8,8,16,22,26,48,7,13,20,0,0,0,37,47,84,AHL,San Jose Barracuda,73,01/30/1997,16,RW/C,73,"6'1""",194,29,Right,2 Way Forward,2015,1,21,80,77,76,78,81,79,77,76,82,77,81,81,74,78,81,82,83,78,85,82,81,81,80,70,82
1092,Mattias,Hävelid,Mattias Hävelid,UFA,,,0,0,0,0,0,0,0,0,0,0,0,0,0,0,0,AHL,San Jose Barracuda,72,01/01/2004,25,RD,70,"5'10""",172,22,Right,Offensive Defenseman,2022,2,45,83,76,81,80,80,80,70,75,85,76,85,76,50,82,80,86,86,75,82,86,72,72,85,70,75
1093,Jimmy,Huntington,Jimmy Huntington,UFA,,,0,0,0,0,0,0,0,0,0,0,0,0,0,0,0,AHL,San Jose Barracuda,72,11/18/1998,40,C,72,"6'0""",200,27,Left,2 Way Forward,N/A,N/A,N/A,82,79,75,77,83,76,78,76,83,75,82,79,76,80,77,82,85,79,78,83,82,83,85,70,81
1094,Quentin,Musty,Quentin Musty,UFA,,,0,0,0,0,0,0,0,0,0,0,0,0,0,0,0,AHL,San Jose Barracuda,70,07/06/2005,13,LW,74,"6'2""",200,21,Left,Power Forward,2023,1,26,78,79,78,78,80,74,70,76,86,78,85,70,65,70,78,80,80,82,75,80,75,75,85,75,80
1095,Kasper,Halttunen,Kasper Halttunen,UFA,,,0,0,0,0,0,0,0,0,0,0,0,0,0,0,0,AHL,San Jose Barracuda,70,06/07/2005,14,RW,76,"6'4""",205,21,Right,Power Forward,2023,2,36,75,77,75,75,75,76,70,74,86,75,86,73,65,72,75,80,81,80,80,80,79,80,85,75,78
1096,Zach,Dean,Zach Dean,Cleveland Demons,1,"$900,000",0,0,0,0,0,0,0,0,0,0,12,12,0,12,12,AHL,Springfield Thunderbirds,77,01/04/2003,14,C,72,"6'0""",176,23,Left,2 Way Forward,2021,1,30,80,79,80,81,81,81,78,79,84,82,84,83,71,86,88,82,79,79,78,82,82,82,77,68,82
1097,Dillon,Dubé,Dillon Dubé,Kansas City Metrostars,1,"$1,000,000",12,10,22,17,29,46,9,19,28,0,0,0,38,58,96,AHL,Springfield Thunderbirds,77,07/20/1998,29,C/LW,71,"5'11""",185,28,Left,2 Way Forward,2016,2,56,88,84,84,84,77,82,70,80,87,82,87,81,65,80,80,84,84,85,85,84,85,82,85,70,85
1098,Calle,Rosen,Calle Rosen,UFA,,,0,0,0,6,15,21,0,0,0,0,0,0,6,15,21,AHL,Springfield Thunderbirds,76,02/02/1994,40,LD,73,"6'1""",188,32,Left,2 Way Defender,N/A,N/A,N/A,80,77,78,78,82,77,70,75,87,77,87,82,55,84,81,85,85,84,87,85,84,83,80,67,84
1099,Akil,Thomas,Akil Thomas,UFA,,,0,0,0,6,4,10,0,0,0,0,0,0,6,4,10,AHL,Springfield Thunderbirds,75,01/02/2000,16,C,72,"6'0""",195,26,Right,Playmaker,2018,2,51,80,79,80,81,82,81,78,81,86,82,86,82,67,81,79,81,79,81,79,80,84,89,78,67,83
1100,Hugh,McGing,Hugh McGing,UFA,,,0,0,0,0,0,0,0,0,0,0,0,0,0,0,0,AHL,Springfield Thunderbirds,74,07/11/1998,11,C,68,"5'8""",176,28,Left,Playmaker,2018,5,138,82,79,78,78,80,80,76,78,84,77,83,82,74,79,81,87,86,78,83,87,83,85,87,60,81
1101,Thomas,Bordeleau,Thomas Bordeleau,UFA,,,0,0,0,0,0,0,7,11,18,0,0,0,7,11,18,AHL,Springfield Thunderbirds,74,01/03/2002,12,C,70,"5'10""",180,24,Left,2 Way Forward,2020,2,38,82,79,80,78,81,82,76,79,85,77,83,79,72,73,77,83,85,78,82,84,82,83,83,70,81
1102,Aleksanteri,Kaskimäki,Aleksanteri Kaskimäki,UFA,,,0,0,0,0,0,0,0,0,0,0,0,0,0,0,0,AHL,Springfield Thunderbirds,73,02/06/2004,41,C,71,"5'11""",181,22,Left,Playmaker,2022,3,73,80,77,78,77,88,79,75,78,83,78,84,81,63,78,78,83,84,79,80,84,82,84,86,65,78
1103,Chris,Wagner,Chris Wagner,UFA,,,0,0,0,0,0,0,0,0,0,0,0,0,0,0,0,AHL,Springfield Thunderbirds,73,05/27/1991,88,RW/C,72,"6'0""",192,35,Right,2 Way Forward,2010,5,122,79,77,77,77,80,80,80,79,83,80,82,79,73,78,77,82,82,79,85,83,86,88,79,67,82
1104,Jakub,Stancl,Jakub Stancl,UFA,,,0,0,0,0,0,0,0,0,0,0,0,0,0,0,0,AHL,Springfield Thunderbirds,72,04/10/2005,49,LW,72,"6'0""",201,21,Left,Power Forward,2023,4,106,75,74,74,74,75,77,70,72,86,75,86,76,65,73,78,83,83,80,80,83,77,79,85,80,82
1105,Dylan,Peterson,Dylan Peterson,UFA,,,0,0,0,0,0,0,0,0,0,0,0,0,0,0,0,AHL,Springfield Thunderbirds,72,01/08/2002,22,C,76,"6'4""",192,24,Right,Power Forward,2020,3,86,81,76,73,77,80,75,73,74,81,78,81,78,63,83,77,83,84,81,78,83,87,85,80,56,82
1106,Julien,Gauthier,Julien Gauthier,UFA,,,4,3,7,14,9,23,17,20,37,0,0,0,35,32,67,AHL,Springfield Thunderbirds,71,10/15/1997,33,RW,76,"6'4""",226,28,Right,Power Forward,2016,1,21,79,76,75,76,81,78,77,74,80,77,82,77,63,75,78,84,83,78,80,82,80,81,77,75,80
1107,Conor,Geekie,Conor Geekie,Philadelphia Destroyers,3,"$1,500,000",0,0,0,0,0,0,0,0,0,7,14,21,7,14,21,AHL,Syracuse Crunch,80,05/05/2004,94,C,76,"6'4""",212,22,Left,Power Forward,2022,1,11,84,82,83,84,81,83,78,80,85,80,85,84,70,80,82,86,83,87,82,86,85,89,79,70,86
1108,Mitchell,Chaffee,Mitchell Chaffee,UFA,,,0,0,0,0,0,0,0,0,0,2,12,14,2,12,14,AHL,Syracuse Crunch,77,01/26/1998,21,RW,73,"6'1""",197,28,Right,2 Way Forward,N/A,N/A,N/A,81,80,81,82,82,81,78,81,87,83,87,82,62,80,78,81,80,86,81,82,89,91,79,70,86
1109,Jakob,Pelletier,Jakob Pelletier,Detroit Motors,2,"$900,000",0,0,0,0,0,0,10,19,29,0,0,0,10,19,29,AHL,Syracuse Crunch,77,03/07/2001,22,LW,69,"5'9""",170,25,Left,2 Way Forward,2019,1,26,82,81,81,83,83,82,81,81,87,82,87,83,66,81,81,83,81,80,79,82,81,84,79,65,82
1110,Ian,Mitchell,Ian Mitchell,Denver Mountain Lions,2,"$2,000,000",2,19,21,4,14,18,13,15,28,0,0,0,19,48,67,AHL,Syracuse Crunch,77,01/18/1999,5,RD,72,"6'0""",192,27,Right,2 Way Defender,2017,2,57,80,78,80,81,84,80,79,77,87,79,86,83,55,80,83,81,79,81,79,80,79,81,78,68,83
1111,Matthew,Peca,Matthew Peca,UFA,,,0,0,0,0,0,0,0,0,0,0,0,0,0,0,0,AHL,Syracuse Crunch,75,04/27/1993,63,LW/C,70,"5'10""",181,33,Left,2 Way Forward,2011,7,201,85,82,80,80,86,82,80,81,86,75,83,80,80,78,77,86,86,81,88,86,82,82,87,75,82
1112,Simon,Lundmark,Simon Lundmark,UFA,,,0,0,0,0,0,0,0,0,0,0,0,0,0,0,0,AHL,Syracuse Crunch,75,10/08/2000,7,RD/LD,74,"6'2""",202,25,Right,2 Way Defender,2019,2,51,80,77,79,80,80,77,70,75,87,75,86,78,63,85,85,85,85,85,83,85,85,85,85,75,85
1113,Nick,Abruzzese,Nick Abruzzese,UFA,,,0,0,0,0,0,0,0,0,0,0,0,0,0,0,0,AHL,Syracuse Crunch,74,06/04/1999,80,C,71,"5'11""",183,27,Left,Playmaker,2019,4,124,86,80,79,80,90,79,70,79,85,80,85,76,65,74,82,86,86,81,83,87,78,78,85,65,81
1114,Steven,Santini,Steven Santini,UFA,,,0,0,0,0,0,0,0,0,0,0,0,0,0,0,0,AHL,Syracuse Crunch,74,03/07/1995,16,RD,74,"6'2""",209,31,Right,Defensive Defenseman,2013,2,42,73,73,74,74,75,70,70,70,87,70,87,74,55,87,85,82,80,90,87,83,90,90,84,80,88
1115,Jarred,Tinordi,Jarred Tinordi,UFA,,,0,0,0,0,0,0,0,0,0,0,0,0,0,0,0,AHL,Syracuse Crunch,73,02/20/1992,28,LD,78,"6'6""",229,34,Left,Defensive Defenseman,2010,1,22,71,70,72,71,70,70,70,70,87,70,87,77,55,86,80,81,80,88,85,81,88,85,85,86,89
1116,Dylan,Duke,Dylan Duke,UFA,,,0,0,0,0,0,0,0,0,0,0,0,0,0,0,0,AHL,Syracuse Crunch,72,03/04/2003,25,C,70,"5'10""",181,23,Left,2 Way Forward,2021,4,126,79,77,75,75,80,77,74,76,84,77,82,80,65,84,78,80,84,79,82,82,85,85,86,68,81
1117,Maxim,Groshev,Maxim Groshev,UFA,,,0,0,0,0,0,0,0,0,0,0,0,0,0,0,0,AHL,Syracuse Crunch,71,12/14/2001,23,LW/RW,74,"6'2""",198,24,Left,2 Way Forward,2020,3,85,79,75,75,75,83,75,74,73,80,76,81,79,63,76,80,82,82,81,77,82,88,86,80,65,84
1118,Lucas,Mercuri,Lucas Mercuri,UFA,,,0,0,0,0,0,0,0,0,0,0,0,0,0,0,0,AHL,Syracuse Crunch,70,03/07/2002,11,C,75,"6'3""",192,24,Right,Power Forward,2020,6,159,73,75,76,75,80,74,70,72,86,73,86,72,72,69,72,80,80,82,75,80,75,75,75,72,85
1119,Ethan,Samson,Ethan Samson,UFA,,,0,0,0,0,0,0,0,0,0,0,0,0,0,0,0,AHL,Syracuse Crunch,70,08/23/2003,4,RD,73,"6'1""",180,23,Right,2 Way Defender,2021,6,174,70,65,74,73,80,73,70,66,84,67,83,78,60,80,80,80,81,80,80,80,80,80,85,75,78
1120,Vladislav,Kolyachonok,Vladislav Kolyachonok,UFA,,,0,0,0,4,7,11,0,0,0,0,0,0,4,7,11,AHL,Texas Stars,77,05/26/2001,18,LD,74,"6'2""",195,25,Left,Defensive Defenseman,2019,2,52,80,78,80,80,81,78,75,79,87,81,87,81,55,82,82,83,80,86,79,82,83,85,78,70,86
1121,Kole,Lind,Kole Lind,UFA,,,3,1,4,8,16,24,5,9,14,0,0,0,16,26,42,AHL,Texas Stars,74,10/16/1998,17,RW,73,"6'1""",193,27,Right,2 Way Forward,2017,2,33,83,82,80,80,79,80,80,79,88,78,86,79,66,72,79,86,86,77,83,89,79,80,89,70,80
1122,Antonio,Stranges,Antonio Stranges,UFA,,,0,0,0,0,0,0,0,0,0,0,0,0,0,0,0,AHL,Texas Stars,74,02/05/2002,4,C/LW,71,"5'11""",185,24,Left,Sniper,2020,4,123,82,80,80,80,85,80,80,78,85,79,85,74,61,72,79,86,86,78,79,86,78,78,81,65,77
1123,Cameron,Hughes,Cameron Hughes,UFA,,,0,0,0,0,0,0,0,0,0,0,0,0,0,0,0,AHL,Texas Stars,73,10/09/1996,19,C/LW,72,"6'0""",183,29,Left,2 Way Forward,2015,6,165,81,79,80,77,81,80,80,80,86,81,85,77,70,75,77,84,84,78,87,86,81,82,88,65,80
1124,Curtis,McKenzie,Curtis McKenzie,UFA,,,0,0,0,0,0,0,0,0,0,0,0,0,0,0,0,AHL,Texas Stars,73,02/22/1991,16,LW,74,"6'2""",205,35,Left,Power Forward,2009,6,159,79,75,76,74,81,78,77,77,84,76,82,77,62,74,75,81,83,81,82,81,86,84,85,80,82
1125,Samu,Tuomaala,Samu Tuomaala,UFA,,,0,0,0,0,0,0,0,0,0,0,0,0,0,0,0,AHL,Texas Stars,72,01/08/2003,34,RW,70,"5'10""",174,23,Right,2 Way Forward,2021,2,46,81,77,78,77,80,80,74,79,85,79,85,76,63,73,75,85,84,80,78,84,82,83,81,65,80
1126,Chase,Wheatcroft,Chase Wheatcroft,UFA,,,0,0,0,0,0,0,0,0,0,0,0,0,0,0,0,AHL,Texas Stars,72,05/28/2002,29,C,74,"6'2""",192,24,Left,Power Forward,N/A,N/A,N/A,83,79,77,78,79,79,75,74,81,75,83,79,62,73,77,83,85,77,77,82,80,79,81,75,80
1127,Jérémie,Poirier,Jérémie Poirier,UFA,,,0,0,0,0,0,0,0,0,0,0,0,0,0,0,0,AHL,Texas Stars,72,06/02/2002,8,LD/RD,73,"6'1""",196,24,Left,Offensive Defenseman,2020,3,72,85,80,82,82,83,78,70,76,87,78,86,75,60,80,82,86,85,82,83,87,80,75,85,70,83
1128,Ayrton,Martino,Ayrton Martino,UFA,,,0,0,0,0,0,0,0,0,0,0,0,0,0,0,0,AHL,Texas Stars,72,09/28/2002,20,LW/RW,71,"5'11""",161,23,Left,Playmaker,2021,3,73,85,80,81,80,80,80,70,79,84,80,83,70,60,65,74,84,83,70,73,85,68,68,85,55,75
1129,Jack,Becker,Jack Becker,UFA,,,0,0,0,0,0,0,0,0,0,0,0,0,0,0,0,AHL,Texas Stars,70,06/24/1997,27,C,75,"6'3""",192,29,Right,Power Forward,2015,7,195,77,74,72,73,82,74,72,75,81,76,81,77,71,81,75,80,81,79,77,80,86,84,80,72,81
1130,Dakota,Mermis,Dakota Mermis,Portland Sea Lions,1,"$1,250,000",0,0,0,0,0,0,0,0,0,3,8,11,3,8,11,AHL,Toronto Marlies,78,01/05/1994,36,LD/RD,72,"6'0""",197,32,Left,2 Way Defender,N/A,N/A,N/A,81,79,80,81,80,83,79,82,87,82,86,83,55,82,81,82,80,81,78,82,80,83,79,80,85
1131,Henry,Thrun,Henry Thrun,Jacksonville Blood Hounds,2,"$900,000",0,0,0,0,0,0,0,0,0,4,10,14,4,10,14,AHL,Toronto Marlies,77,03/12/2001,3,LD,74,"6'2""",210,25,Left,2 Way Defender,N/A,N/A,N/A,80,80,80,81,82,80,75,78,88,80,88,82,55,80,80,81,80,82,82,81,80,82,80,65,85
1132,Travis,Boyd,Travis Boyd,UFA,,,0,0,0,16,16,32,12,19,31,8,16,24,36,51,87,AHL,Toronto Marlies,77,09/14/1993,72,C/RW,72,"6'0""",190,32,Right,2 Way Forward,2011,6,177,83,80,81,83,82,82,80,81,86,83,86,82,70,83,80,81,81,84,81,81,80,83,79,70,85
1133,Vinni,Lettieri,Vinni Lettieri,UFA,,,0,0,0,0,0,0,0,0,0,7,12,19,7,12,19,AHL,Toronto Marlies,76,02/06/1995,71,C/RW,70,"5'10""",184,31,Right,Sniper,N/A,N/A,N/A,81,79,81,80,82,83,78,81,85,81,85,79,66,78,78,83,82,80,82,83,83,87,80,67,81
1134,Reese,Johnson,Reese Johnson,UFA,,,0,0,0,0,0,0,0,0,0,0,0,0,0,0,0,AHL,Toronto Marlies,75,07/10/1998,65,C/RW,73,"6'1""",193,28,Right,Grinder,N/A,N/A,N/A,77,77,76,76,70,75,75,77,87,78,87,75,65,74,81,84,84,85,75,85,85,85,85,80,85
1135,Matt,Benning,Matt Benning,UFA,,,0,0,0,2,14,16,8,19,27,0,0,0,10,33,43,AHL,Toronto Marlies,75,05/25/1994,33,RD,73,"6'1""",203,32,Right,Defensive Defenseman,2012,6,175,80,78,80,81,81,80,79,80,87,80,87,81,55,83,81,79,78,86,83,80,79,81,78,75,86
1136,Logan,Shaw,Logan Shaw,UFA,,,0,0,0,0,0,0,0,0,0,0,0,0,0,0,0,AHL,Toronto Marlies,75,10/05/1992,11,RW/C,76,"6'4""",212,33,Right,2 Way Forward,2011,3,76,82,79,80,79,83,81,80,77,86,75,83,81,80,78,77,84,84,78,90,85,80,81,89,75,82
1137,Alexander,Nylander,Alexander Nylander,UFA,,,13,22,35,11,19,30,8,11,19,0,0,0,32,52,84,AHL,Toronto Marlies,75,03/02/1998,92,RW/LW,73,"6'1""",192,28,Right,Playmaker,2016,1,8,84,82,80,80,85,79,75,79,87,81,87,74,60,70,81,87,87,82,83,87,80,75,85,65,83
1138,William,Villeneuve,William Villeneuve,UFA,,,0,0,0,0,0,0,0,0,0,0,0,0,0,0,0,AHL,Toronto Marlies,74,03/20/2002,76,RD/LD,74,"6'2""",183,24,Right,2 Way Defender,2020,4,122,82,75,78,77,80,76,75,72,87,74,87,78,50,83,84,83,83,86,84,83,84,82,85,68,86
1139,Ryan,Tverberg,Ryan Tverberg,UFA,,,0,0,0,0,0,0,0,0,0,0,0,0,0,0,0,AHL,Toronto Marlies,72,01/30/2002,77,RW,71,"5'11""",187,24,Right,2 Way Forward,2020,7,213,81,76,76,78,81,78,75,75,84,76,82,80,65,75,79,82,82,82,80,82,80,79,79,67,82
1140,Luke,Haymes,Luke Haymes,UFA,,,0,0,0,0,0,0,0,0,0,0,0,0,0,0,0,AHL,Toronto Marlies,72,07/28/2003,43,C/LW,73,"6'1""",203,23,Left,2 Way Forward,N/A,N/A,N/A,80,82,81,81,82,79,70,77,84,78,84,77,74,69,78,83,83,82,80,83,75,77,85,70,81
1141,Brandon,Baddock,Brandon Baddock,UFA,,,0,0,0,0,0,0,0,0,0,0,0,0,0,0,0,AHL,Toronto Marlies,72,03/29/1995,48,LW,75,"6'3""",223,31,Left,Grinder,2014,6,161,71,71,68,69,65,63,70,67,86,68,85,66,68,76,81,80,80,90,83,80,90,88,80,83,90
1142,Marc,Johnstone,Marc Johnstone,UFA,,,0,0,0,0,0,0,0,0,0,0,0,0,0,0,0,AHL,Toronto Marlies,71,06/19/1996,57,RW,72,"6'0""",181,30,Right,2 Way Forward,N/A,N/A,N/A,77,73,72,74,80,74,72,73,79,75,81,81,71,81,82,80,81,80,79,80,82,83,79,70,85
1143,Ben,King,Ben King,UFA,,,0,0,0,0,0,0,0,0,0,0,0,0,0,0,0,AHL,Toronto Marlies,71,05/15/2002,66,C/RW,75,"6'3""",200,24,Right,Power Forward,2022,4,107,78,76,74,75,81,77,75,79,84,76,82,79,69,78,77,81,82,76,81,81,83,83,83,78,79
1144,Marshall,Rifai,Marshall Rifai,UFA,,,0,0,0,0,0,0,0,0,0,0,0,0,0,0,0,AHL,Toronto Marlies,70,03/16/1998,83,LD,74,"6'2""",213,28,Left,Defensive Defenseman,N/A,N/A,N/A,75,70,73,71,75,69,70,66,85,67,85,74,50,83,82,82,82,84,84,82,85,82,85,75,84
1145,Scott,Perunovich,Scott Perunovich,Atlanta Cobalts,2,"$2,000,000",0,0,0,9,21,30,3,13,16,1,7,8,13,41,54,AHL,Tucson Roadrunners,81,08/18/1998,7,LD,70,"5'10""",175,28,Left,Offensive Defenseman,2018,2,45,87,83,88,87,83,87,85,81,87,81,87,83,55,79,82,84,81,82,79,82,79,81,79,69,82
1146,Daniil,But,Daniil But,New Orleans Whalers,5,"$1,000,000",0,0,0,0,0,0,0,0,0,0,0,0,0,0,0,AHL,Tucson Roadrunners,78,02/15/2005,50,LW/RW,77,"6'5""",203,21,Right,Power Forward,2023,1,12,80,81,80,80,75,82,75,79,87,80,87,78,65,68,82,83,83,88,75,83,85,80,85,75,86
1147,Maveric,Lamoureux,Maveric Lamoureux,Iowa Rebels,3,"$1,000,000",0,0,0,0,0,0,0,0,0,2,11,13,2,11,13,AHL,Tucson Roadrunners,78,01/13/2004,10,RD/LD,78,"6'6""",196,22,Right,2 Way Defender,2022,1,29,82,79,80,82,78,81,80,84,87,81,87,82,55,79,81,81,79,83,80,82,85,87,78,75,87
1148,Dmitri,Simashev,Dmitri Simashev,Nevada Archers,5,"$1,000,000",0,0,0,0,0,0,0,0,0,0,0,0,0,0,0,AHL,Tucson Roadrunners,78,02/04/2005,26,LD,76,"6'4""",198,21,Left,2 Way Defender,2023,1,6,75,78,78,78,80,78,80,77,87,78,87,83,60,80,83,86,88,84,85,86,80,80,85,75,86
1149,Kevin,Rooney,Kevin Rooney,UFA,,,0,0,0,9,21,30,0,0,0,0,0,0,9,21,30,AHL,Tucson Roadrunners,76,05/21/1993,21,C,74,"6'2""",190,33,Left,2 Way Forward,N/A,N/A,N/A,82,82,81,81,70,79,80,77,87,78,87,79,77,79,84,84,84,87,85,84,89,86,85,75,87
1150,Andrew,Agozzino,Andrew Agozzino,UFA,,,0,0,0,0,0,0,0,0,0,0,0,0,0,0,0,AHL,Tucson Roadrunners,76,01/03/1991,29,LW/C,70,"5'10""",187,35,Left,Playmaker,N/A,N/A,N/A,80,78,80,78,80,83,81,80,87,80,85,82,78,76,81,84,84,77,86,86,81,85,86,65,79
1151,Maksymilian,Szuber,Maksymilian Szuber,UFA,,,0,0,0,0,0,0,0,0,0,0,0,0,0,0,0,AHL,Tucson Roadrunners,75,08/25/2002,55,LD/RD,75,"6'3""",190,24,Left,Defensive Defenseman,2022,6,163,75,72,74,73,80,72,70,68,86,70,85,79,50,84,85,82,82,87,84,82,87,84,85,70,88
1152,Kevin,Connauton,Kevin Connauton,UFA,,,0,0,0,0,0,0,0,0,0,0,0,0,0,0,0,AHL,Tucson Roadrunners,74,02/23/1990,44,LD/RD,74,"6'2""",205,36,Left,2 Way Defender,2009,3,83,80,75,76,74,80,72,75,71,87,71,87,79,55,82,84,82,82,85,85,83,85,83,85,70,85
1153,Tyler,Tullio,Tyler Tullio,UFA,,,0,0,0,4,13,17,0,0,0,0,0,0,4,13,17,AHL,Tucson Roadrunners,73,04/05/2002,17,RW,70,"5'10""",165,24,Right,Sniper,2020,5,126,85,80,79,80,85,78,70,80,85,80,84,73,65,68,80,85,85,80,75,85,80,73,85,65,80
1154,Samuel,Walker,Samuel Walker,UFA,,,0,0,0,0,0,0,0,0,0,0,0,0,0,0,0,AHL,Tucson Roadrunners,73,06/07/1999,25,C/RW,70,"5'10""",180,27,Right,2 Way Forward,2017,7,200,81,77,78,77,82,80,78,75,82,78,82,79,66,75,78,83,84,79,80,84,82,81,85,65,80
1155,Austin,Poganski,Austin Poganski,UFA,,,0,0,0,0,0,0,0,0,0,0,0,0,0,0,0,AHL,Tucson Roadrunners,73,02/16/1996,27,RW,74,"6'2""",205,30,Right,2 Way Forward,2014,4,110,83,79,78,79,81,80,70,78,86,80,86,77,65,75,80,84,84,84,83,84,80,80,85,75,85
1156,Artem,Duda,Artem Duda,UFA,,,0,0,0,0,0,0,0,0,0,0,0,0,0,0,0,AHL,Tucson Roadrunners,73,04/08/2004,78,LD,73,"6'1""",187,22,Left,Offensive Defenseman,2022,2,36,82,79,84,82,80,82,70,78,87,80,87,74,50,77,83,84,84,80,80,84,75,73,85,68,82
1157,Robbie,Russo,Robbie Russo,UFA,,,0,0,0,0,0,0,0,0,0,0,0,0,0,0,0,AHL,Tucson Roadrunners,71,02/15/1993,5,RD/LD,72,"6'0""",195,33,Right,2 Way Defender,2011,4,95,78,73,77,75,80,73,70,73,85,74,85,76,60,80,83,82,82,84,85,83,80,80,84,70,84
1158,Ben,McCartney,Ben McCartney,UFA,,,0,0,0,0,0,0,0,0,0,0,0,0,0,0,0,AHL,Tucson Roadrunners,70,07/13/2001,22,LW,72,"6'0""",182,25,Left,2 Way Forward,2020,7,204,81,77,77,75,78,77,75,75,82,74,81,77,63,75,75,84,83,82,81,85,80,80,82,79,82
1159,Samuel,Lipkin,Samuel Lipkin,UFA,,,0,0,0,0,0,0,0,0,0,0,0,0,0,0,0,AHL,Tucson Roadrunners,70,01/03/2003,71,LW/C,74,"6'2""",192,23,Left,Power Forward,2021,7,223,76,74,72,73,81,75,74,73,80,75,80,79,71,72,84,80,81,76,78,79,84,84,78,80,79
1160,Ryan,McGregor,Ryan McGregor,UFA,,,0,0,0,0,0,0,0,0,0,0,0,0,0,0,0,AHL,Tucson Roadrunners,70,01/29/1999,16,C,72,"6'0""",168,27,Left,2 Way Forward,2017,6,172,76,74,73,74,87,75,75,73,80,74,79,80,78,79,83,80,81,76,86,79,83,86,79,68,80
1161,Seamus,Casey,Seamus Casey,Columbus Cougars,5,"$1,250,000",0,0,0,0,0,0,0,0,0,5,13,18,5,13,18,AHL,Utica Comets,79,01/08/2004,22,RD/LD,70,"5'10""",162,22,Right,2 Way Defender,2022,2,46,83,82,84,84,90,84,83,80,86,88,86,83,55,78,81,84,82,83,78,82,82,84,78,70,82
1162,Austin,Strand,Austin Strand,UFA,,,0,0,0,0,0,0,0,0,0,0,0,0,0,0,0,AHL,Utica Comets,76,02/17/1997,7,RD,75,"6'3""",193,29,Right,Defensive Defenseman,N/A,N/A,N/A,72,70,75,71,75,70,70,67,87,67,87,80,55,86,86,82,82,87,85,82,85,85,85,80,87
1163,Colton,White,Colton White,UFA,,,0,0,0,0,0,0,0,0,0,0,0,0,0,0,0,AHL,Utica Comets,76,05/03/1997,6,LD,73,"6'1""",187,29,Left,Defensive Defenseman,2015,4,97,77,73,79,76,83,70,75,74,85,74,85,80,55,85,85,84,84,85,85,86,83,84,85,70,85
1164,Calen,Addison,Calen Addison,Honolulu Hawks,2,"$900,000",0,0,0,8,17,25,4,15,19,0,0,0,12,32,44,AHL,Utica Comets,76,04/11/2000,2,RD,71,"5'11""",173,26,Right,Offensive Defenseman,2018,2,53,85,82,82,82,80,81,75,77,86,79,86,80,60,80,82,86,86,82,85,86,81,82,85,67,83
1165,Angus,Crookshank,Angus Crookshank,UFA,,,0,0,0,0,0,0,0,0,0,0,0,0,0,0,0,AHL,Utica Comets,76,10/02/1999,9,LW,70,"5'10""",183,26,Left,2 Way Forward,2018,5,126,82,80,79,79,84,83,83,81,86,81,86,80,69,81,77,85,85,83,83,86,80,81,85,75,85
1166,Shane,Lachance,Shane Lachance,UFA,,,0,0,0,0,0,0,0,0,0,0,0,0,0,0,0,AHL,Utica Comets,74,08/30/2003,18,LW,77,"6'5""",218,23,Left,2 Way Forward,2021,6,186,81,79,75,78,83,75,77,78,82,80,81,82,66,77,84,83,85,82,80,85,83,82,86,70,83
1167,Nathan,Légaré,Nathan Légaré,UFA,,,0,0,0,0,0,0,0,0,0,0,0,0,0,0,0,AHL,Utica Comets,74,01/11/2001,11,RW,72,"6'0""",200,25,Right,Power Forward,2019,3,74,78,76,76,76,81,78,75,78,85,79,84,80,66,78,78,82,82,80,78,83,87,88,83,70,83
1168,Ryan,Schmelzer,Ryan Schmelzer,UFA,,,0,0,0,0,0,0,0,0,0,0,0,0,0,0,0,AHL,Utica Comets,73,07/28/1993,26,C,74,"6'2""",188,33,Right,2 Way Forward,N/A,N/A,N/A,81,77,77,77,83,79,80,77,85,77,84,79,82,79,75,82,84,79,90,85,87,86,88,70,80
1169,Kyle,Criscuolo,Kyle Criscuolo,UFA,,,0,0,0,0,0,0,0,0,0,0,0,0,0,0,0,AHL,Utica Comets,73,05/05/1992,15,C,69,"5'9""",175,34,Right,Playmaker,N/A,N/A,N/A,83,79,79,80,85,78,70,78,86,79,86,72,74,70,82,85,85,82,82,85,75,75,85,65,82
1170,Xavier,Parent,Xavier Parent,UFA,,,0,0,0,0,0,0,0,0,0,0,0,0,0,0,0,AHL,Utica Comets,73,03/23/2001,67,LW,68,"5'8""",170,25,Left,Sniper,N/A,N/A,N/A,82,78,77,77,79,79,77,75,83,79,84,75,65,74,73,86,85,79,80,86,81,81,83,60,79
1171,Topias,Vilen,Topias Vilen,UFA,,,0,0,0,0,0,0,0,0,0,0,0,0,0,0,0,AHL,Utica Comets,71,04/01/2003,38,LD/RD,73,"6'1""",194,23,Left,2 Way Defender,2021,5,129,76,75,75,75,75,75,70,69,83,70,83,80,50,74,77,82,83,76,75,81,75,75,85,70,80
1172,Mike,Hardman,Mike Hardman,UFA,,,0,0,0,9,11,20,0,0,0,0,0,0,9,11,20,AHL,Utica Comets,71,02/05/1999,39,RW,74,"6'2""",205,27,Left,2 Way Forward,N/A,N/A,N/A,79,76,74,75,85,77,74,77,84,77,83,78,64,80,76,81,83,80,85,81,81,81,83,70,82
1173,Cam,Squires,Cam Squires,UFA,,,0,0,0,0,0,0,0,0,0,0,0,0,0,0,0,AHL,Utica Comets,70,04/11/2005,12,RW,72,"6'0""",165,21,Right,Sniper,2023,4,122,78,77,77,77,70,80,77,75,86,75,84,77,65,75,72,84,82,73,74,84,75,75,84,68,80
1174,Ryan,Graves,Ryan Graves,Jacksonville Blood Hounds,4,"$2,000,000",4,11,15,11,19,30,6,14,20,8,19,27,29,63,92,AHL,Wilkes-Barre/Scranton Penguins,81,05/21/1995,27,LD,77,"6'5""",222,31,Left,Defensive Defenseman,2013,4,110,81,80,80,81,82,75,80,79,88,79,87,86,55,84,89,80,81,84,79,81,81,84,81,77,90
1175,Sebastian,Aho,Sebastian Aho,Brooklyn Bulldogs,3,"$1,500,000",0,0,0,4,20,24,0,0,0,0,4,4,4,24,28,AHL,Wilkes-Barre/Scranton Penguins,80,02/17/1996,25,LD,72,"6'0""",189,30,Left,2 Way Defender,2017,5,139,84,82,84,85,85,81,82,83,86,83,86,85,55,82,83,81,81,86,79,82,79,82,81,65,83
1176,Rutger,McGroarty,Rutger McGroarty,Philadelphia Destroyers,1,"$1,000,000",0,0,0,0,0,0,0,0,0,1,15,16,1,15,16,AHL,Wilkes-Barre/Scranton Penguins,78,03/30/2004,2,C/LW,73,"6'1""",203,22,Left,Power Forward,2022,1,14,81,81,81,82,89,82,84,82,87,82,87,84,60,82,89,80,81,82,82,80,83,85,78,75,85
1177,Alexander,Alexeyev,Alexander Alexeyev,Tennessee Wolverines,2,"$2,000,000",2,5,7,8,15,23,1,13,14,1,11,12,12,44,56,AHL,Wilkes-Barre/Scranton Penguins,78,11/15/1999,56,LD/RD,76,"6'4""",229,26,Left,2 Way Defender,2018,1,31,82,80,81,84,89,81,79,80,89,80,88,83,55,83,81,79,79,84,82,79,78,79,78,75,87
1178,Owen,Pickering,Owen Pickering,Las Vegas Vipers,3,"$1,500,000",0,0,0,0,0,0,0,0,0,0,0,0,0,0,0,AHL,Wilkes-Barre/Scranton Penguins,77,01/27/2004,38,LD/RD,77,"6'5""",206,22,Left,2 Way Defender,2022,1,21,80,78,78,79,82,80,80,80,86,81,85,82,55,80,85,80,79,81,80,80,79,82,78,75,83
1179,Jack,St. Ivany,Jack St. Ivany,UFA,,,0,0,0,0,0,0,0,0,0,0,0,0,0,0,0,AHL,Wilkes-Barre/Scranton Penguins,77,07/22/1999,3,RD,75,"6'3""",198,27,Right,2 Way Defender,2018,4,112,81,78,80,80,80,76,75,72,86,74,85,82,50,84,84,83,83,85,84,83,85,82,85,82,85
1180,Rafaël,Harvey-Pinard,Rafaël Harvey-Pinard,UFA,,,0,0,0,0,0,0,12,21,33,11,10,21,23,31,54,AHL,Wilkes-Barre/Scranton Penguins,77,01/06/1999,49,LW,69,"5'9""",184,27,Left,Playmaker,2019,7,201,80,79,81,82,86,82,79,83,87,81,87,83,65,88,82,81,80,81,79,81,80,81,79,65,84
1181,Ville,Koivunen,Ville Koivunen,Fort Worth Defenders,2,"$1,500,000",0,0,0,0,0,0,0,0,0,0,0,0,0,0,0,AHL,Wilkes-Barre/Scranton Penguins,76,06/13/2003,41,LW,72,"6'0""",184,23,Left,2 Way Forward,2021,2,51,85,82,82,83,80,82,80,78,84,81,85,80,64,75,79,86,86,82,80,86,79,80,84,65,83
1182,Joona,Koppanen,Joona Koppanen,UFA,,,0,0,0,0,0,0,0,0,0,0,0,0,0,0,0,AHL,Wilkes-Barre/Scranton Penguins,75,02/25/1998,15,LW/C,77,"6'5""",216,28,Left,Power Forward,2016,5,135,78,78,76,77,83,80,75,76,80,75,81,85,78,76,84,81,82,77,83,81,83,87,82,70,85
1183,Avery,Hayes,Avery Hayes,Lincoln Lumberjacks,2,"$1,000,000",0,0,0,0,0,0,0,0,0,0,0,0,0,0,0,AHL,Wilkes-Barre/Scranton Penguins,75,10/10/2002,85,RW/LW,70,"5'10""",175,23,Right,Sniper,N/A,N/A,N/A,80,79,79,79,80,80,80,79,86,82,86,78,63,74,75,83,83,78,79,83,80,78,81,65,82
1184,Philip,Kemp,Philip Kemp,UFA,,,0,0,0,0,0,0,0,0,0,0,0,0,0,0,0,AHL,Wilkes-Barre/Scranton Penguins,72,02/12/1999,76,RD,75,"6'3""",202,27,Right,Defensive Defenseman,2017,7,208,78,73,75,72,83,70,70,65,88,67,88,75,50,80,86,80,80,88,84,81,85,83,85,70,87
1185,Bokondji,Imama,Bokondji Imama,UFA,,,0,0,0,0,0,0,0,0,0,0,0,0,0,0,0,AHL,Wilkes-Barre/Scranton Penguins,72,08/03/1996,14,LW,73,"6'1""",221,30,Left,Grinder,2015,6,180,78,75,75,76,78,77,75,76,80,77,81,78,60,76,77,80,79,79,78,80,82,86,77,88,80
1186,Tristan,Broz,Tristan Broz,UFA,,,0,0,0,0,0,0,0,0,0,0,0,0,0,0,0,AHL,Wilkes-Barre/Scranton Penguins,71,10/10/2002,26,C/LW,72,"6'0""",183,23,Left,2 Way Forward,2021,2,58,79,80,82,81,79,81,80,79,77,79,80,77,63,69,74,78,79,80,75,82,76,74,79,50,76
1187,Aidan,McDonough,Aidan McDonough,UFA,,,0,0,0,0,0,0,0,0,0,0,0,0,0,0,0,AHL,Wilkes-Barre/Scranton Penguins,70,11/06/1999,8,LW,75,"6'3""",190,26,Left,Power Forward,2019,7,195,76,73,74,74,79,77,76,74,81,74,81,78,62,75,77,79,81,77,83,79,82,80,77,70,82
1188,Chase,Pietila,Chase Pietila,UFA,,,0,0,0,0,0,0,0,0,0,0,0,0,0,0,0,AHL,Wilkes-Barre/Scranton Penguins,70,03/03/2004,44,RD,74,"6'2""",187,22,Right,2 Way Defender,2024,4,111,75,68,77,74,80,74,70,65,84,66,84,77,50,75,80,83,83,80,75,83,74,74,85,65,80
1189,Danny,Katic,Danny Katic,UFA,,,0,0,0,0,0,0,0,0,0,0,0,0,0,0,0,ECHL,Allen Americans,70,08/04/2000,9,LW,77,"6'5""",220,26,Left,Grinder,N/A,N/A,N/A,76,73,72,72,76,74,72,71,78,71,78,78,62,74,77,79,79,77,78,78,82,78,76,75,85
1190,Brent,Pedersen,Brent Pedersen,UFA,,,0,0,0,0,0,0,0,0,0,0,0,0,0,0,0,ECHL,Greenville Swamp Rabbits,71,07/05/1995,10,LW,72,"6'0""",214,31,Left,Power Forward,2013,5,126,74,73,70,71,80,65,70,73,87,72,87,65,65,71,80,79,83,87,82,79,85,83,85,75,88
1191,Patrick,Newell,Patrick Newell,UFA,,,0,0,0,0,0,0,0,0,0,0,0,0,0,0,0,ECHL,Kalamazoo Wings,70,01/18/1996,41,C/LW,70,"5'10""",170,30,Left,Playmaker,N/A,N/A,N/A,83,78,77,78,87,74,70,77,84,78,84,73,72,70,75,85,85,78,80,85,70,72,85,65,75
1192,Jarid,Lukosevicius,Jarid Lukosevicius,UFA,,,0,0,0,0,0,0,0,0,0,0,0,0,0,0,0,ECHL,Orlando Solar Bears,71,02/05/1995,57,RW,70,"5'10""",185,31,Right,Sniper,N/A,N/A,N/A,83,83,78,79,84,66,70,80,87,80,87,71,65,73,77,86,86,78,83,86,73,76,85,65,77
1193,Vincent,Sévigny,Vincent Sévigny,UFA,,,0,0,0,0,0,0,0,0,0,0,0,0,0,0,0,ECHL,Reading Royals,70,04/14/2001,46,LD/RD,75,"6'3""",195,25,Left,Defensive Defenseman,N/A,N/A,N/A,73,70,72,70,75,68,70,65,86,66,85,73,50,83,83,81,81,85,85,81,85,83,85,75,85
1194,Ty,Voit,Ty Voit,UFA,,,0,0,0,0,0,0,0,0,0,0,0,0,0,0,0,ECHL,Reading Royals,70,06/10/2003,61,RW,70,"5'10""",157,23,Right,Playmaker,2021,5,153,81,77,80,79,85,76,70,74,83,76,83,72,65,68,75,84,84,72,80,84,68,68,85,65,70
1195,Tyrell,Goulbourne,Tyrell Goulbourne,UFA,,,0,0,0,0,0,0,0,0,0,0,0,0,0,0,0,ECHL,Tulsa Oilers,70,01/26/1994,13,LW,71,"5'11""",194,32,Left,Grinder,2013,3,72,73,72,71,72,62,65,65,70,86,71,86,68,65,77,78,81,80,84,80,81,85,85,85,80,85
1196,Drew,Callin,Drew Callin,UFA,,,0,0,0,0,0,0,0,0,0,0,0,0,0,0,0,ECHL,Worcester Railers HC,71,04/05/1995,77,C,74,"6'2""",200,31,Right,Grinder,N/A,N/A,N/A,71,72,70,70,75,64,70,65,86,69,85,68,74,73,80,81,81,87,83,81,88,85,85,75,87
1197,Oskar,Lindblom,Oskar Lindblom,San Antonio Bandits,3,"$1,250,000",18,23,41,17,26,43,15,22,37,12,26,38,62,97,159,SHL,Brynäs IF,78,08/15/1996,23,LW,73,"6'1""",191,30,Left,2 Way Forward,2014,5,138,80,80,80,81,82,81,79,82,87,82,87,84,65,81,85,81,80,84,79,82,84,86,80,70,87
1198,Nicklas,Backstrom,Nicklas Backstrom,UFA,,,7,28,35,15,41,56,0,0,0,0,0,0,22,69,91,SHL,Brynäs IF,77,11/23/1987,19,C,73,"6'1""",202,38,Left,Playmaker,2006,1,4,81,83,84,84,86,78,80,80,87,84,86,78,78,75,80,80,80,86,88,82,80,80,70,70,85
1199,Axel,Jonsson Fjällby,Axel Jonsson Fjällby,Baltimore Oceanics,3,"$900,000",0,0,0,13,12,25,22,12,34,3,28,31,38,52,90,SHL,Brynäs IF,77,02/10/1998,71,LW,73,"6'1""",189,28,Left,2 Way Forward,2016,5,147,80,79,81,80,88,81,80,82,86,82,86,82,61,80,82,82,80,82,78,81,81,81,78,67,85
1200,Robert,Hagg,Robert Hagg,UFA,,,1,5,6,4,24,28,5,10,15,0,0,0,10,39,49,SHL,Brynäs IF,77,02/08/1995,14,LD,74,"6'2""",210,31,Left,Defensive Defenseman,2013,2,41,75,75,77,77,80,72,75,74,87,74,87,80,55,88,85,81,83,87,85,84,87,86,85,70,87
1201,Kieffer,Bellows,Kieffer Bellows,UFA,,,4,5,9,8,10,18,0,0,0,0,0,0,12,15,27,SHL,Brynäs IF,75,06/10/1998,81,C/LW,73,"6'1""",195,28,Left,Power Forward,2016,1,19,82,79,79,78,80,82,78,81,84,81,85,79,63,75,78,85,84,80,79,84,82,82,80,75,81
1202,Anton,Rödin,Anton Rödin,UFA,,,0,0,0,0,0,0,0,0,0,0,0,0,0,0,0,SHL,Brynäs IF,75,11/21/1990,18,RW,72,"6'0""",185,35,Left,Sniper,2009,2,53,83,79,83,80,75,81,80,77,83,78,85,76,64,70,75,86,86,82,78,86,81,74,86,62,84
1203,Jakob,Silfverberg,Jakob Silfverberg,Honolulu Hawks,2,"$900,000",12,7,19,16,23,39,17,20,37,10,13,23,55,63,118,SHL,Brynäs IF,74,10/13/1990,33,RW/LW,73,"6'1""",207,35,Right,2 Way Forward,2009,2,39,83,79,83,81,87,82,82,82,88,78,86,76,63,72,75,87,87,80,87,88,78,73,89,65,81
1204,Johan,Larsson,Johan Larsson,UFA,,,0,0,0,13,20,33,0,0,0,0,0,0,13,20,33,SHL,Brynäs IF,73,07/25/1992,10,C/LW,72,"6'0""",203,34,Left,2 Way Forward,2010,2,56,81,78,82,77,77,81,82,75,83,75,84,78,80,72,75,83,85,82,84,84,86,81,89,65,84
1205,Michal,Kempny,Michal Kempny,UFA,,,0,0,0,7,15,22,0,0,0,0,0,0,7,15,22,SHL,Brynäs IF,72,09/08/1990,5,LD,73,"6'1""",194,36,Left,2 Way Defender,N/A,N/A,N/A,75,75,79,78,83,78,75,79,77,77,77,78,55,80,79,82,81,80,87,83,78,81,80,67,80
1206,Lucas,Pettersson,Lucas Pettersson,UFA,,,0,0,0,0,0,0,0,0,0,0,0,0,0,0,0,SHL,Brynäs IF,70,04/17/2006,47,C,71,"5'11""",170,20,Left,2 Way Forward,2024,2,35,80,80,78,78,90,80,75,74,84,76,84,77,73,66,74,85,85,73,75,85,70,68,85,60,76
1207,Bobby,Trivigno,Bobby Trivigno,UFA,,,0,0,0,0,0,0,0,0,0,0,0,0,0,0,0,SHL,Brynäs IF,70,01/19/1999,8,LW,67,"5'7""",167,27,Left,Sniper,N/A,N/A,N/A,77,75,76,75,80,75,80,74,82,77,84,76,60,73,76,85,83,75,74,86,78,73,81,65,78
1208,Jack,Kopacka,Jack Kopacka,UFA,,,0,0,0,0,0,0,0,0,0,0,0,0,0,0,0,SHL,Brynäs IF,70,03/05/1998,52,LW,74,"6'2""",198,28,Left,2 Way Forward,2016,4,93,79,74,80,74,81,81,82,79,86,80,86,73,63,70,74,87,84,73,74,88,77,74,83,75,75
1209,Mattias,Norlinder,Mattias Norlinder,UFA,,,0,0,0,0,0,0,0,0,0,0,0,0,0,0,0,SHL,Brynäs IF,70,04/12/2000,27,LD/RD,73,"6'1""",195,26,Left,2 Way Defender,2019,3,64,79,75,79,75,81,80,79,76,83,77,84,76,55,81,76,87,87,74,85,88,84,82,87,80,75
1210,Oliver,Kylington,Oliver Kylington,Cincinnati Thunderbolts,3,"$1,500,000",2,14,16,8,27,35,4,15,19,6,12,18,20,68,88,SHL,Djugården Hockey,80,05/19/1997,10,LD/RD,72,"6'0""",183,29,Left,Offensive Defenseman,2015,2,60,86,80,86,86,85,83,80,80,88,82,89,82,55,86,85,88,88,85,85,88,83,82,85,65,85
1211,Gustav,Lindström,Gustav Lindström,Oklahoma Twisters,3,"$1,000,000",1,5,6,2,14,16,4,11,15,3,14,17,10,44,54,SHL,Djugården Hockey,78,10/20/1998,28,RD,74,"6'2""",183,27,Right,Defensive Defenseman,2017,2,38,80,75,82,80,80,78,75,74,87,75,87,82,50,87,86,85,85,87,85,85,85,85,85,70,87
1212,Joe,Snively,Joe Snively,UFA,,,0,0,0,14,6,20,0,0,0,0,0,0,14,6,20,SHL,Djugården Hockey,76,01/01/1996,7,LW,69,"5'9""",176,30,Left,Playmaker,N/A,N/A,N/A,83,79,83,80,84,83,78,81,87,78,84,79,63,77,75,86,84,77,81,86,79,79,88,65,79
1213,Charles,Hudon,Charles Hudon,UFA,,,0,0,0,0,0,0,0,0,0,0,0,0,0,0,0,SHL,Djugården Hockey,74,06/23/1994,55,LW/RW,70,"5'10""",187,32,Left,2 Way Forward,2012,5,122,80,80,80,81,80,77,70,78,86,80,86,77,60,78,82,85,85,85,80,85,84,84,85,70,85
1214,Philip,Holm,Philip Holm,UFA,,,0,0,0,0,0,0,0,0,0,0,0,0,0,0,0,SHL,Djugården Hockey,73,12/08/1991,52,LD/RD,73,"6'1""",190,34,Left,2 Way Defender,N/A,N/A,N/A,80,75,77,78,80,75,75,72,85,73,85,79,65,82,81,83,83,83,83,85,80,80,85,67,84
1215,Emilio,Pettersen,Emilio Pettersen,UFA,,,0,0,0,0,0,0,0,0,0,0,0,0,0,0,0,SHL,Djugården Hockey,73,04/03/2000,20,C/LW,70,"5'10""",170,26,Left,Playmaker,2018,6,167,82,78,79,79,82,79,77,76,83,76,82,78,65,75,76,84,84,77,79,84,84,87,85,67,80
1216,Marcus,Kruger,Marcus Kruger,UFA,,,0,0,0,0,0,0,0,0,0,0,0,0,0,0,0,SHL,Djugården Hockey,72,05/27/1990,32,C,72,"6'0""",179,36,Left,2 Way Forward,2009,5,149,78,80,80,80,85,77,70,78,84,81,84,78,79,78,79,81,81,82,78,84,80,80,81,66,80
1217,Joey,LaLeggia,Joey LaLeggia,UFA,,,0,0,0,0,0,0,0,0,0,0,0,0,0,0,0,SHL,Djugården Hockey,72,06/24/1992,13,LW,70,"5'10""",185,34,Left,2 Way Forward,2012,5,123,85,81,81,81,81,80,75,78,85,81,85,76,60,80,78,82,84,80,80,84,80,75,85,65,80
1218,Linus,Klasen,Linus Klasen,UFA,,,0,0,0,0,0,0,0,0,0,0,0,0,0,0,0,SHL,Djugården Hockey,71,02/19/1986,86,LW,69,"5'9""",170,40,Left,2 Way Forward,N/A,N/A,N/A,83,83,81,84,72,80,80,82,78,83,80,76,74,72,74,80,80,76,77,83,77,71,78,72,74
1219,Viggo,Björck,Viggo Björck,Jacksonville Blood Hounds,3,"$3,000,000",0,0,0,0,0,0,0,0,0,0,0,0,0,0,0,SHL,Djugården Hockey,71,03/12/2008,61,C/RW,70,"5'10""",172,18,Right,Playmaker,N/A,N/A,N/A,80,78,81,78,85,80,70,70,83,71,82,72,70,68,74,83,83,77,85,83,70,65,85,60,75
1220,Valtteri,Pulli,Valtteri Pulli,UFA,,,0,0,0,0,0,0,0,0,0,0,0,0,0,0,0,SHL,Djugården Hockey,70,03/13/2001,77,LD/RD,78,"6'6""",209,25,Left,2 Way Defender,N/A,N/A,N/A,72,72,75,75,70,72,70,67,85,70,84,79,50,75,79,80,80,78,75,80,75,73,75,63,82
1221,Oula,Palve,Oula Palve,UFA,,,0,0,0,0,0,0,0,0,0,0,0,0,0,0,0,SHL,Djugården Hockey,70,02/19/1992,21,C,72,"6'0""",183,34,Left,Playmaker,N/A,N/A,N/A,80,76,76,76,77,76,70,73,84,75,84,76,75,70,79,84,83,81,80,84,80,75,85,68,82
1222,Ivar,Stenberg,Ivar Stenberg,Las Vegas Vipers,4,"$1,000,000",0,0,0,0,0,0,0,0,0,0,0,0,0,0,0,SHL,Frölunda HC,78,09/30/2007,41,LW,71,"5'11""",170,18,Left,Playmaker,N/A,N/A,N/A,85,84,84,84,80,87,75,78,85,80,85,80,72,66,74,84,85,80,70,84,70,70,85,60,80
1223,Henrik,Tömmernes,Henrik Tömmernes,Raleigh Wildcats,1,"$3,500,000",0,0,0,0,0,0,0,0,0,0,0,0,0,0,0,SHL,Frölunda HC,78,08/28/1990,7,LD/RD,73,"6'1""",185,36,Left,Offensive Defenseman,2011,7,210,82,80,81,80,77,83,83,76,84,78,86,82,55,77,79,88,87,81,86,89,81,78,89,68,80
1224,Christian,Folin,Christian Folin,UFA,,,0,0,0,0,0,0,0,0,0,0,0,0,0,0,0,SHL,Frölunda HC,73,02/09/1991,2,RD/LD,75,"6'3""",205,35,Right,Defensive Defenseman,N/A,N/A,N/A,75,71,73,71,80,72,71,77,84,74,80,80,55,81,74,84,81,80,78,84,87,82,85,75,85
1225,Jere,Innala,Jere Innala,UFA,,,0,0,0,0,0,0,0,0,0,0,0,0,0,0,0,SHL,Frölunda HC,73,03/17/1998,21,LW,69,"5'9""",183,28,Left,2 Way Forward,N/A,N/A,N/A,82,78,79,79,82,81,76,82,85,78,82,78,61,75,77,83,83,79,81,82,81,82,79,68,80
1226,Nicklas,Lasu,Nicklas Lasu,UFA,,,0,0,0,0,0,0,0,0,0,0,0,0,0,0,0,SHL,Frölunda HC,72,09/16/1989,31,C,72,"6'0""",181,36,Left,Grinder,2008,5,124,77,74,75,74,76,72,73,75,81,71,79,80,77,77,83,81,83,79,80,81,86,84,82,69,81
1227,Noah,Dower Nilsson,Noah Dower Nilsson,UFA,,,0,0,0,0,0,0,0,0,0,0,0,0,0,0,0,SHL,Frölunda HC,72,04/25/2005,44,C,72,"6'0""",183,21,Left,Sniper,2023,3,73,78,77,77,77,82,79,70,80,85,82,85,74,60,67,74,85,85,73,80,85,69,65,85,60,74
1228,Linus,Weissbach,Linus Weissbach,UFA,,,0,0,0,0,0,0,0,0,0,0,0,0,0,0,0,SHL,Frölunda HC,72,04/19/1998,9,LW,69,"5'9""",177,28,Left,Playmaker,2017,7,192,80,75,80,76,76,80,76,75,83,77,83,75,62,70,74,86,84,73,78,86,77,73,84,65,75
1229,Max,Lindholm,Max Lindholm,UFA,,,0,0,0,0,0,0,0,0,0,0,0,0,0,0,0,SHL,Frölunda HC,72,07/04/1997,11,C,74,"6'2""",207,29,Left,Grinder,N/A,N/A,N/A,80,77,80,78,77,78,74,77,83,78,85,77,62,71,77,84,85,78,78,84,78,73,85,75,82
1230,Max,Friberg,Max Friberg,UFA,,,0,0,0,0,0,0,0,0,0,0,0,0,0,0,0,SHL,Frölunda HC,72,11/20/1992,12,LW,71,"5'11""",194,33,Right,Playmaker,2011,5,143,79,76,80,75,82,79,76,79,85,73,82,76,65,77,76,85,84,77,85,86,78,75,88,65,77
1231,Samuel,Johannesson,Samuel Johannesson,UFA,,,0,0,0,0,0,0,0,0,0,0,0,0,0,0,0,SHL,Frölunda HC,71,12/27/2000,8,RD/LD,71,"5'11""",176,25,Right,2 Way Defender,2020,6,176,72,72,72,74,75,75,70,70,83,71,83,81,50,73,78,82,82,75,80,82,73,74,80,68,78
1232,Arttu,Ruotsalainen,Arttu Ruotsalainen,UFA,,,2,4,6,15,24,39,0,0,0,0,0,0,17,28,45,SHL,Frölunda HC,71,10/29/1997,25,LW,69,"5'9""",185,28,Left,Sniper,N/A,N/A,N/A,79,74,80,75,78,79,81,80,84,76,83,74,70,71,74,84,84,78,79,85,84,80,80,65,80
1233,Filip,Cederqvist,Filip Cederqvist,UFA,,,0,0,0,0,0,0,0,0,0,0,0,0,0,0,0,SHL,Frölunda HC,71,08/23/2000,9,LW,75,"6'3""",196,26,Left,2 Way Forward,2019,5,143,82,78,78,77,80,77,76,75,83,77,83,76,60,70,74,86,86,83,77,87,84,78,82,75,87
1234,Linus,Högberg,Linus Högberg,UFA,,,0,0,0,0,0,0,0,0,0,0,0,0,0,0,0,SHL,Frölunda HC,70,09/04/1998,33,LD,73,"6'1""",176,28,Left,2 Way Defender,2016,5,139,81,79,80,79,82,79,77,73,79,74,81,76,55,73,74,86,83,80,76,84,78,73,80,68,83
1235,Theodor,Niederbach,Theodor Niederbach,UFA,,,0,0,0,0,0,0,0,0,0,0,0,0,0,0,0,SHL,Frölunda HC,70,02/25/2002,34,C/RW,71,"5'11""",172,24,Right,Playmaker,2020,2,51,79,75,78,76,80,76,76,73,81,73,80,77,71,73,78,83,84,79,81,83,81,79,81,65,81
1236,David,Tomasek,David Tomasek,Jacksonville Blood Hounds,1,"$1,000,000",0,0,0,0,0,0,0,0,0,0,0,0,0,0,0,SHL,Färjestad BK,78,02/10/1996,96,C,74,"6'2""",210,30,Right,Playmaker,N/A,N/A,N/A,84,80,84,81,75,82,83,81,87,80,86,79,80,70,77,87,87,77,86,88,80,74,85,65,81
1237,Gabriel,Carlsson,Gabriel Carlsson,UFA,,,0,0,0,2,13,15,0,0,0,0,0,0,2,13,15,SHL,Färjestad BK,76,01/02/1997,27,LD,77,"6'5""",195,29,Left,Defensive Defenseman,2015,1,29,76,74,77,77,85,76,75,74,87,74,86,82,55,84,85,83,82,90,85,84,80,80,85,70,88
1238,Radim,Zohorna,Radim Zohorna,Washington Admirals,2,"$900,000",0,0,0,0,0,0,7,13,20,8,11,19,15,24,39,SHL,Färjestad BK,76,04/29/1996,67,LW/C,78,"6'6""",220,30,Left,Power Forward,N/A,N/A,N/A,81,80,80,80,81,82,81,79,82,77,81,83,69,75,83,83,83,79,81,83,85,85,79,80,83
1239,Viktor,Lodin,Viktor Lodin,UFA,,,0,0,0,0,0,0,0,0,0,0,0,0,0,0,0,SHL,Färjestad BK,74,06/02/1999,71,C,74,"6'2""",200,27,Left,2 Way Forward,2019,4,94,84,81,84,81,75,83,81,80,85,78,85,77,66,73,75,88,87,79,81,88,82,78,84,70,81
1240,Marian,Studenic,Marian Studenic,UFA,,,0,0,0,0,0,0,0,0,0,0,0,0,0,0,0,SHL,Färjestad BK,74,10/28/1998,98,LW/RW,73,"6'1""",190,27,Left,2 Way Forward,2017,5,143,85,81,82,79,78,81,79,76,83,77,84,77,60,71,80,89,88,84,78,89,79,76,85,65,83
1241,Filip,Roos,Filip Roos,UFA,,,0,0,0,3,13,16,0,0,0,0,0,0,3,13,16,SHL,Färjestad BK,74,01/05/1999,48,LD/RD,76,"6'4""",190,27,Left,Defensive Defenseman,N/A,N/A,N/A,77,75,77,76,80,74,75,72,87,74,87,77,55,85,82,83,83,86,85,83,82,84,85,65,87
1242,Adam,Ollas Mattsson,Adam Ollas Mattsson,UFA,,,0,0,0,0,0,0,0,0,0,0,0,0,0,0,0,SHL,Färjestad BK,73,07/30/1996,73,LD/RD,76,"6'4""",216,30,Left,Defensive Defenseman,2014,6,175,81,77,77,77,81,76,75,75,82,75,81,77,55,75,76,85,86,84,87,85,85,83,87,70,85
1243,Joel,Kellman,Joel Kellman,UFA,,,0,0,0,0,0,0,0,0,0,0,0,0,0,0,0,SHL,Färjestad BK,71,05/25/1994,13,C,71,"5'11""",187,32,Left,2 Way Forward,N/A,N/A,N/A,77,75,79,74,78,78,78,75,83,74,82,77,76,76,78,82,83,76,78,84,81,81,85,65,79
1244,Oskar,Steen,Oskar Steen,UFA,,,0,0,0,0,0,0,0,0,0,0,0,0,0,0,0,SHL,Färjestad BK,71,03/09/1998,29,C,70,"5'10""",193,28,Right,2 Way Forward,2016,6,165,79,76,77,75,76,79,75,84,86,81,87,75,66,71,73,85,84,80,82,87,82,77,88,65,81
1245,Magnus,Nygren,Magnus Nygren,UFA,,,0,0,0,0,0,0,0,0,0,0,0,0,0,0,0,SHL,Färjestad BK,70,06/07/1990,32,RD/LD,72,"6'0""",187,36,Right,Offensive Defenseman,2011,4,113,77,74,81,75,82,79,76,80,86,73,81,73,55,76,73,82,81,74,86,83,81,75,85,67,75
1246,Joakim,Nygård,Joakim Nygård,UFA,,,0,0,0,0,0,0,0,0,0,0,0,0,0,0,0,SHL,Färjestad BK,70,01/08/1993,11,LW,72,"6'0""",179,33,Left,2 Way Forward,N/A,N/A,N/A,79,75,76,74,76,77,76,73,82,75,80,77,60,71,79,86,85,76,86,87,80,77,82,65,78
1247,Luke,Philp,Luke Philp,UFA,,,0,0,0,0,0,0,0,0,0,0,0,0,0,0,0,SHL,Färjestad BK,70,11/06/1995,39,C,70,"5'10""",181,30,Right,Playmaker,N/A,N/A,N/A,84,82,77,77,90,74,70,77,85,77,85,72,75,65,77,84,84,80,83,85,80,75,80,65,80
1248,Aleksi,Heponiemi,Aleksi Heponiemi,UFA,,,0,0,0,10,27,37,0,0,0,0,0,0,10,27,37,SHL,HV71,76,01/09/1999,25,RW/C,70,"5'10""",148,27,Left,Playmaker,2017,2,40,83,80,83,80,87,84,82,77,83,77,83,78,64,74,77,86,84,78,80,85,79,80,86,65,79
1249,Justin,Kloos,Justin Kloos,UFA,,,0,0,0,0,0,0,0,0,0,0,0,0,0,0,0,SHL,HV71,75,11/30/1993,28,C,69,"5'9""",174,32,Right,Playmaker,N/A,N/A,N/A,81,79,80,79,78,79,80,80,86,78,84,79,70,80,78,86,86,76,83,86,83,80,85,65,80
1250,Santeri,Hatakka,Santeri Hatakka,UFA,,,4,10,14,4,8,12,0,0,0,0,0,0,8,18,26,SHL,HV71,74,01/15/2001,82,LD/RD,73,"6'1""",191,25,Left,2 Way Defender,2019,6,184,79,70,75,73,80,71,70,68,86,69,85,80,60,83,83,83,83,85,83,83,85,83,85,70,85
1251,Lukas,Rousek,Lukas Rousek,UFA,,,0,0,0,0,0,0,0,0,0,0,0,0,0,0,0,SHL,HV71,74,04/20/1999,70,C,71,"5'11""",171,27,Left,Sniper,2019,6,160,84,79,84,81,83,82,79,75,81,75,80,78,65,76,77,84,84,86,79,83,80,80,87,65,82
1252,Olle,Alsing,Olle Alsing,UFA,,,0,0,0,0,0,0,0,0,0,0,0,0,0,0,0,SHL,HV71,73,05/01/1996,38,LD,71,"5'11""",179,30,Left,Offensive Defenseman,N/A,N/A,N/A,80,77,81,77,83,80,82,76,83,78,86,76,55,74,76,85,84,77,88,87,79,76,88,60,76
1253,Jonathan,Ang,Jonathan Ang,UFA,,,0,0,0,0,0,0,0,0,0,0,0,0,0,0,0,SHL,HV71,73,01/31/1998,88,C,71,"5'11""",165,28,Right,Playmaker,2016,4,94,81,76,81,78,74,80,80,76,84,77,83,73,65,72,74,85,84,74,81,85,78,73,80,70,77
1254,Niklas,Hansson,Niklas Hansson,UFA,,,0,0,0,0,0,0,0,0,0,0,0,0,0,0,0,SHL,HV71,72,01/08/1995,19,RD/LD,72,"6'0""",181,31,Right,2 Way Defender,2013,3,68,78,79,80,81,80,76,81,77,78,80,79,79,50,79,77,84,80,79,80,83,81,78,80,70,79
1255,Riley,Woods,Riley Woods,UFA,,,0,0,0,0,0,0,0,0,0,0,0,0,0,0,0,SHL,HV71,71,06/25/1998,41,C/LW,70,"5'10""",181,28,Left,Sniper,N/A,N/A,N/A,79,76,80,75,79,79,80,80,85,77,82,73,67,70,74,83,84,78,80,83,80,74,82,65,81
1256,Joona,Luoto,Joona Luoto,UFA,,,0,0,0,0,0,0,0,0,0,0,0,0,0,0,0,SHL,HV71,71,09/26/1997,46,LW/RW,75,"6'3""",201,28,Left,Sniper,N/A,N/A,N/A,81,75,76,76,81,76,71,73,82,79,83,72,62,79,73,83,85,82,82,84,81,75,84,75,83
1257,Martin,Johnsen,Martin Johnsen,UFA,,,0,0,0,0,0,0,0,0,0,0,0,0,0,0,0,SHL,HV71,71,03/07/2004,36,LW,70,"5'10""",194,22,Left,Playmaker,N/A,N/A,N/A,84,80,77,83,74,74,81,70,81,77,86,70,70,72,69,87,87,82,75,87,81,70,84,65,77
1258,Nikola,Pasic,Nikola Pasic,UFA,,,0,0,0,0,0,0,0,0,0,0,0,0,0,0,0,SHL,HV71,70,10/16/2000,96,C,70,"5'10""",187,25,Left,2 Way Forward,2019,7,189,81,76,81,76,82,78,75,73,81,76,82,75,62,70,79,85,85,79,76,84,78,74,82,65,78
1259,Matt,Caito,Matt Caito,UFA,,,0,0,0,0,0,0,0,0,0,0,0,0,0,0,0,SHL,Leksands IF,71,08/13/1993,88,RD/LD,71,"5'11""",190,33,Right,2 Way Defender,N/A,N/A,N/A,77,75,79,74,78,78,76,76,84,75,84,78,55,73,78,82,84,75,85,84,80,77,86,70,77
1260,Gabriel,Fortier,Gabriel Fortier,UFA,,,0,0,0,12,9,21,0,0,0,0,0,0,12,9,21,SHL,Leksands IF,70,02/06/2000,11,LW/C,71,"5'11""",181,26,Left,2 Way Forward,2018,2,59,78,75,74,74,84,76,73,75,82,74,80,77,68,80,76,81,82,81,79,81,89,88,82,65,83
1261,Lukas,Vejdemo,Lukas Vejdemo,UFA,,,0,0,0,0,0,0,0,0,0,0,0,0,0,0,0,SHL,Leksands IF,70,01/25/1996,42,C/LW,73,"6'1""",198,30,Left,2 Way Forward,2015,3,87,76,74,75,73,77,76,76,78,82,72,80,78,78,75,81,82,83,75,84,82,85,81,85,70,79
1262,Jakub,Vrana,Jakub Vrana,Seattle Dragons,2,"$1,250,000",28,25,53,19,32,51,14,14,28,9,18,27,70,89,159,SHL,Linköping HC,79,02/28/1996,13,LW/RW,72,"6'0""",190,30,Left,Sniper,2014,1,13,85,83,84,84,85,81,75,81,88,82,87,79,65,80,78,88,88,85,85,88,75,75,85,65,84
1263,Mikko,Kokkonen,Mikko Kokkonen,UFA,,,0,0,0,0,0,0,0,0,0,0,0,0,0,0,0,SHL,Linköping HC,74,01/18/2001,48,LD/RD,72,"6'0""",200,25,Left,2 Way Defender,2019,3,84,79,76,79,76,80,76,70,74,87,77,87,78,65,82,84,85,84,84,84,85,80,80,85,80,85
1264,David,Bernhardt,David Bernhardt,UFA,,,0,0,0,0,0,0,0,0,0,0,0,0,0,0,0,SHL,Linköping HC,72,12/01/1997,40,LD/RD,76,"6'4""",209,28,Left,Offensive Defenseman,2016,7,199,80,78,81,77,78,80,77,80,85,75,83,76,55,72,80,82,87,74,80,85,78,75,86,68,76
1265,Oscar,Fantenberg,Oscar Fantenberg,UFA,,,0,0,0,0,0,0,0,0,0,0,0,0,0,0,0,SHL,Linköping HC,72,10/07/1991,5,LD/RD,72,"6'0""",206,34,Left,2 Way Defender,N/A,N/A,N/A,79,77,79,78,80,78,75,79,84,74,81,78,55,78,76,84,84,77,86,85,84,80,82,70,78
1266,Zion,Nybeck,Zion Nybeck,UFA,,,0,0,0,0,0,0,0,0,0,0,0,0,0,0,0,SHL,Linköping HC,71,05/12/2002,92,RW/LW,68,"5'8""",183,24,Left,2 Way Forward,2020,4,115,75,73,79,81,90,82,75,75,84,76,84,78,68,68,76,82,82,74,73,83,70,72,85,68,77
1267,Markus,Ljungh,Markus Ljungh,UFA,,,0,0,0,0,0,0,0,0,0,0,0,0,0,0,0,SHL,Linköping HC,71,01/11/1991,61,C,73,"6'1""",181,35,Left,2 Way Forward,N/A,N/A,N/A,78,76,80,76,78,80,80,80,84,76,82,77,80,74,79,81,84,74,87,82,80,77,86,67,77
1268,Robin,Kovacs,Robin Kovacs,UFA,,,0,0,0,0,0,0,0,0,0,0,0,0,0,0,0,SHL,Linköping HC,70,11/16/1996,23,LW,72,"6'0""",185,29,Left,2 Way Forward,2015,3,62,81,76,82,76,75,80,78,82,87,79,86,73,62,70,73,86,85,74,83,87,78,76,86,74,75
1269,Remi,Elie,Remi Elie,UFA,,,0,0,0,0,0,0,0,0,0,0,0,0,0,0,0,SHL,Linköping HC,70,04/16/1995,18,LW,73,"6'1""",216,31,Left,Power Forward,2013,2,40,80,76,77,76,75,76,72,79,84,73,81,75,66,72,74,84,84,78,83,84,80,79,82,75,79
1270,Theodor,Lennström,Theodor Lennström,UFA,,,0,0,0,0,0,0,0,0,0,0,0,0,0,0,0,SHL,Linköping HC,70,08/08/1994,81,LD,73,"6'1""",190,32,Left,2 Way Defender,N/A,N/A,N/A,82,81,81,78,77,83,81,80,84,79,85,74,55,71,79,87,87,75,85,87,84,80,79,70,76
1271,Brian,O'Neill,Brian O'Neill,UFA,,,0,0,0,0,0,0,0,0,0,0,0,0,0,0,0,SHL,Luleå Hockey,76,06/01/1988,91,RW,68,"5'8""",165,38,Right,Playmaker,N/A,N/A,N/A,83,80,83,80,82,82,78,76,84,77,82,78,77,75,77,85,87,78,84,85,86,83,87,70,83
1272,Linus,Omark,Linus Omark,UFA,,,0,0,0,0,0,0,0,0,0,0,0,0,0,0,0,SHL,Luleå Hockey,76,02/05/1987,67,LW,70,"5'10""",181,39,Left,Playmaker,2007,4,97,82,79,84,80,77,82,79,77,84,79,84,75,62,70,75,83,85,83,78,83,78,74,87,68,79
1273,Mathias,Bromé,Mathias Bromé,UFA,,,0,0,0,0,0,0,0,0,0,0,0,0,0,0,0,SHL,Luleå Hockey,72,07/29/1994,86,LW,72,"6'0""",183,32,Left,Playmaker,N/A,N/A,N/A,80,77,79,76,82,78,75,77,84,78,84,75,63,75,76,82,85,75,84,84,78,74,88,76,78
1274,Pontus,Andreasson,Pontus Andreasson,UFA,,,0,0,0,0,0,0,0,0,0,0,0,0,0,0,0,SHL,Luleå Hockey,72,08/24/1998,96,C,71,"5'11""",183,28,Left,2 Way Forward,N/A,N/A,N/A,81,78,81,78,76,79,77,78,83,73,82,77,72,71,79,84,86,80,77,84,83,80,85,73,85
1275,Otto,Leskinen,Otto Leskinen,UFA,,,0,0,0,0,0,0,0,0,0,0,0,0,0,0,0,SHL,Luleå Hockey,72,02/06/1997,82,LD,71,"5'11""",183,29,Left,2 Way Defender,N/A,N/A,N/A,80,74,79,78,75,74,70,73,87,74,86,75,60,85,83,87,87,85,83,87,83,84,85,67,85
1276,Frederic,Allard,Frederic Allard,UFA,,,0,0,0,0,0,0,0,0,0,0,0,0,0,0,0,SHL,Luleå Hockey,71,12/27/1997,3,RD,73,"6'1""",185,28,Right,2 Way Defender,2016,3,78,79,77,81,76,77,79,78,77,83,75,82,77,55,75,79,83,85,79,77,84,78,74,84,70,80
1277,Brendan,Shinnimin,Brendan Shinnimin,UFA,,,0,0,0,0,0,0,0,0,0,0,0,0,0,0,0,SHL,Luleå Hockey,70,01/07/1991,24,C,70,"5'10""",163,35,Left,Playmaker,N/A,N/A,N/A,79,77,76,76,82,76,70,76,82,76,81,79,70,70,74,85,85,74,85,85,80,70,75,65,78
1278,Jesper,Sellgren,Jesper Sellgren,UFA,,,0,0,0,0,0,0,0,0,0,0,0,0,0,0,0,SHL,Luleå Hockey,70,06/11/1998,23,LD/RD,70,"5'10""",183,28,Left,2 Way Defender,2018,6,166,80,76,78,78,84,75,74,71,81,74,83,77,55,75,75,84,87,76,82,86,80,77,88,70,78
1279,Janne,Kuokkanen,Janne Kuokkanen,Long Island Blizzard,1,"$900,000",10,9,19,7,17,24,6,14,20,8,12,20,31,52,83,SHL,Malmö Redhawks,76,05/25/1998,22,C/LW,73,"6'1""",194,28,Left,2 Way Forward,2016,2,43,83,80,83,81,79,83,78,78,86,80,85,81,71,74,83,85,87,75,78,87,81,77,84,70,80
1280,Topi,Niemelä,Topi Niemelä,UFA,,,0,0,0,4,10,14,0,0,0,0,0,0,4,10,14,SHL,Malmö Redhawks,74,03/25/2002,7,RD,72,"6'0""",179,24,Right,Offensive Defenseman,2020,3,64,81,80,80,80,80,82,75,78,86,80,85,80,50,75,80,86,86,76,80,86,75,69,85,65,70
1281,Robin,Salo,Robin Salo,UFA,,,2,5,7,3,12,15,3,19,22,0,0,0,8,36,44,SHL,Malmö Redhawks,74,10/13/1998,42,LD/RD,74,"6'2""",190,27,Left,2 Way Defender,2017,2,46,85,82,83,82,85,82,78,80,84,77,84,79,55,72,77,88,88,80,84,89,83,81,89,70,77
1282,Lauri,Pajuniemi,Lauri Pajuniemi,UFA,,,0,0,0,0,0,0,0,0,0,0,0,0,0,0,0,SHL,Malmö Redhawks,73,09/12/1999,48,RW,72,"6'0""",183,26,Right,2 Way Forward,2018,5,132,84,78,80,80,79,81,78,80,86,79,86,76,62,71,76,86,86,84,79,86,85,83,83,75,82
1283,Fredrik,Händemark,Fredrik Händemark,UFA,,,0,0,0,0,0,0,0,0,0,0,0,0,0,0,0,SHL,Malmö Redhawks,71,08/27/1993,63,C,76,"6'4""",209,33,Left,2 Way Forward,N/A,N/A,N/A,76,75,77,74,77,76,73,75,81,73,80,79,81,81,83,82,83,78,85,83,80,81,87,70,80
1284,Robin,Hanzl,Robin Hanzl,UFA,,,0,0,0,0,0,0,0,0,0,0,0,0,0,0,0,SHL,Malmö Redhawks,71,01/10/1989,78,LW,73,"6'1""",174,37,Left,Playmaker,N/A,N/A,N/A,77,75,81,75,76,78,78,74,81,72,79,78,77,72,82,81,82,74,81,81,83,84,87,66,78
1285,Seth,Barton,Seth Barton,UFA,,,0,0,0,0,0,0,0,0,0,0,0,0,0,0,0,SHL,Malmö Redhawks,71,08/18/1999,49,RD,74,"6'2""",197,27,Right,Defensive Defenseman,2018,3,81,72,68,70,68,80,66,70,67,87,69,86,73,50,85,85,82,82,87,83,82,85,85,85,75,85
1286,Carl,Persson,Carl Persson,UFA,,,0,0,0,0,0,0,0,0,0,0,0,0,0,0,0,SHL,Malmö Redhawks,70,06/28/1995,95,C,73,"6'1""",209,31,Left,Sniper,N/A,N/A,N/A,78,75,77,74,77,78,76,77,84,77,84,75,62,71,75,83,84,74,81,84,79,76,86,67,76
1287,Calvin,de Haan,Calvin de Haan,Cleveland Demons,1,"$1,250,000",2,11,13,8,10,18,3,9,12,7,5,12,20,35,55,SHL,Rögle BK,79,05/09/1991,5,LD/RD,73,"6'1""",192,35,Left,Defensive Defenseman,2009,1,12,84,78,83,82,83,80,80,78,87,78,87,84,55,87,87,85,85,85,85,87,84,84,80,67,85
1288,Josh,Dickinson,Josh Dickinson,UFA,,,0,0,0,0,0,0,0,0,0,0,0,0,0,0,0,SHL,Rögle BK,75,11/17/1997,23,C,74,"6'2""",194,28,Left,2 Way Forward,N/A,N/A,N/A,81,79,82,78,78,81,82,74,81,79,85,80,79,74,83,85,86,79,85,85,82,79,87,70,84
1289,Karson,Kuhlman,Karson Kuhlman,UFA,,,0,0,0,11,11,22,11,10,21,0,0,0,22,21,43,SHL,Rögle BK,75,09/26/1995,83,C/RW,70,"5'10""",184,30,Right,2 Way Forward,N/A,N/A,N/A,81,79,77,79,86,79,79,78,82,80,83,81,64,79,82,84,83,82,79,84,81,84,84,70,83
1290,Fredrik,Olofsson,Fredrik Olofsson,UFA,,,0,0,0,0,0,0,0,0,0,0,0,0,0,0,0,SHL,Rögle BK,75,05/27/1996,22,LW,74,"6'2""",190,30,Left,2 Way Forward,2014,4,98,85,83,81,81,83,79,75,79,86,80,86,79,74,73,82,84,84,85,85,84,82,80,85,65,85
1291,Mark,Friedman,Mark Friedman,UFA,,,0,0,0,0,0,0,0,0,0,0,0,0,0,0,0,SHL,Rögle BK,74,12/25/1995,95,RD/LD,71,"5'11""",185,30,Right,Defensive Defenseman,2014,3,86,80,77,77,77,83,70,70,70,87,70,86,78,55,81,82,85,85,83,80,85,83,84,85,70,84
1292,Paul,LaDue,Paul LaDue,UFA,,,0,0,0,0,0,0,0,0,0,0,0,0,0,0,0,SHL,Rögle BK,74,09/06/1992,6,RD,75,"6'3""",205,34,Right,2 Way Defender,2012,6,181,81,75,75,76,77,74,71,72,82,80,84,81,55,74,80,85,86,78,87,86,83,83,87,70,83
1293,Filip,Johansson,Filip Johansson,UFA,,,0,0,0,0,0,0,0,0,0,0,0,0,0,0,0,SHL,Rögle BK,72,03/23/2000,58,RD/LD,73,"6'1""",176,26,Right,2 Way Defender,2018,1,24,81,80,79,77,83,81,80,78,85,81,86,76,55,71,81,86,87,80,76,86,81,79,84,68,80
1294,Lucas,Ekeståhl Jonsson,Lucas Ekeståhl Jonsson,UFA,,,0,0,0,0,0,0,0,0,0,0,0,0,0,0,0,SHL,Rögle BK,71,03/25/1996,16,LD/RD,72,"6'0""",187,30,Left,Offensive Defenseman,N/A,N/A,N/A,78,76,83,76,79,81,79,77,84,76,84,72,55,70,75,85,83,74,80,85,78,74,83,65,74
1295,Calle,Själin,Calle Själin,UFA,,,0,0,0,0,0,0,0,0,0,0,0,0,0,0,0,SHL,Rögle BK,70,09/02/1999,51,LD/RD,73,"6'1""",179,27,Left,2 Way Defender,2017,5,145,77,73,74,73,79,75,74,75,82,76,82,77,55,80,79,85,83,77,75,84,77,72,78,67,84
1296,Oscar,Lindberg,Oscar Lindberg,Columbus Cougars,1,"$1,250,000",0,0,0,0,0,0,0,0,0,0,0,0,0,0,0,SHL,Skellefteå AIK,79,10/29/1991,24,C,73,"6'1""",194,34,Left,2 Way Forward,2010,2,57,84,81,85,82,75,84,84,80,86,80,86,82,79,81,77,86,87,82,82,87,86,85,89,78,85
1297,Andreas,Johnsson,Andreas Johnsson,Cincinnati Thunderbolts,2,"$900,000",17,19,36,15,46,61,28,15,43,4,8,12,64,88,152,SHL,Skellefteå AIK,76,11/21/1994,14,LW,70,"5'10""",195,31,Left,2 Way Forward,2013,7,202,82,79,81,83,82,82,78,80,87,82,87,81,66,79,80,83,80,80,81,81,81,83,78,60,83
1298,Arvid,Lundberg,Arvid Lundberg,UFA,,,0,0,0,0,0,0,0,0,0,0,0,0,0,0,0,SHL,Skellefteå AIK,75,09/29/1994,52,LD/RD,73,"6'1""",192,31,Left,2 Way Defender,N/A,N/A,N/A,77,76,76,73,78,75,75,72,80,75,82,83,55,74,84,83,83,78,85,83,79,75,83,65,82
1299,Jonathan,Pudas,Jonathan Pudas,UFA,,,0,0,0,0,0,0,0,0,0,2,18,20,2,18,20,SHL,Skellefteå AIK,75,04/26/1993,64,RD/LD,70,"5'10""",174,33,Right,Offensive Defenseman,N/A,N/A,N/A,82,80,83,81,79,83,82,81,86,78,85,77,55,79,76,87,87,77,85,87,78,74,88,65,76
1300,Pär,Lindholm,Pär Lindholm,UFA,,,0,0,0,0,0,0,0,0,0,0,0,0,0,0,0,SHL,Skellefteå AIK,74,10/05/1991,17,LW/C,71,"5'11""",183,34,Left,2 Way Forward,N/A,N/A,N/A,82,80,80,79,77,78,78,73,80,75,82,80,78,77,84,84,86,82,84,84,82,80,86,65,88
1301,Emil,Djuse,Emil Djuse,UFA,,,0,0,0,0,0,0,0,0,0,0,0,0,0,0,0,SHL,Skellefteå AIK,72,10/27/1993,57,LD/RD,71,"5'11""",185,32,Left,Offensive Defenseman,N/A,N/A,N/A,80,79,83,83,70,78,80,82,86,80,85,77,60,79,76,81,77,79,80,82,81,78,80,78,81
1302,Oliver,Okuliar,Oliver Okuliar,UFA,,,0,0,0,0,0,0,0,0,0,0,0,0,0,0,0,SHL,Skellefteå AIK,72,05/24/2000,8,LW,74,"6'2""",190,26,Left,2 Way Forward,N/A,N/A,N/A,84,82,80,81,78,78,82,77,83,80,86,74,74,73,76,82,87,82,79,83,87,84,84,67,87
1303,Jonathan,Johnson,Jonathan Johnson,UFA,,,0,0,0,0,0,0,0,0,0,0,0,0,0,0,0,SHL,Skellefteå AIK,70,01/11/1993,22,C,72,"6'0""",183,33,Left,Sniper,N/A,N/A,N/A,78,75,82,75,77,81,81,76,82,73,80,78,72,71,78,82,83,74,78,82,79,75,81,64,78
1304,Rickard,Hugg,Rickard Hugg,UFA,,,0,0,0,0,0,0,0,0,0,0,0,0,0,0,0,SHL,Skellefteå AIK,70,01/18/1999,96,C,70,"5'10""",190,27,Left,2 Way Forward,N/A,N/A,N/A,80,77,79,77,81,79,77,78,85,76,83,74,64,74,74,86,85,79,80,87,80,76,88,60,80
1305,Mikkel,Aagaard,Mikkel Aagaard,UFA,,,0,0,0,0,0,0,0,0,0,0,0,0,0,0,0,SHL,Skellefteå AIK,70,10/18/1995,29,C,72,"6'0""",179,30,Left,2 Way Forward,N/A,N/A,N/A,80,76,77,75,76,78,75,78,84,80,86,74,64,70,75,84,85,80,83,86,80,79,88,67,80
1306,Emil,Pettersson,Emil Pettersson,UFA,,,0,0,0,0,0,0,0,0,0,0,0,0,0,0,0,SHL,Timrå IK,74,01/14/1994,14,C,74,"6'2""",176,32,Left,2 Way Forward,2013,6,155,80,77,82,78,77,81,78,78,84,79,85,80,72,73,78,84,85,77,81,85,81,79,87,70,81
1307,Per,Svensson,Per Svensson,UFA,,,0,0,0,0,0,0,0,0,0,0,0,0,0,0,0,SHL,Timrå IK,74,10/10/1988,2,LD/RD,76,"6'4""",194,37,Left,2 Way Defender,N/A,N/A,N/A,76,72,73,72,83,71,70,72,80,72,79,83,55,80,84,82,82,79,80,82,81,79,81,68,83
1308,Jonathan,Dahlén,Jonathan Dahlén,UFA,,,2,4,6,10,22,32,14,17,31,0,0,0,26,43,69,SHL,Timrå IK,73,12/20/1997,54,C,71,"5'11""",181,28,Left,Sniper,2016,2,42,77,76,82,74,77,82,81,77,85,80,86,74,60,70,75,82,83,74,85,84,77,73,85,60,76
1309,Anton,Lander,Anton Lander,UFA,,,0,0,0,0,0,0,0,0,0,0,0,0,0,0,0,SHL,Timrå IK,70,04/24/1991,51,C,72,"6'0""",192,35,Left,2 Way Forward,2009,2,40,77,76,77,74,77,75,74,72,81,74,81,78,80,72,79,80,83,79,86,81,85,85,87,67,81
1310,Eddie,Genborg,Eddie Genborg,UFA,,,0,0,0,0,0,0,0,0,0,0,0,0,0,0,0,SHL,Timrå IK,70,04/20/2007,18,LW,74,"6'2""",185,19,Left,2 Way Forward,2025,2,44,81,80,82,80,77,77,75,74,83,77,83,76,59,74,75,82,81,80,75,82,85,78,76,68,78
1311,Marcus,Hardegård,Marcus Hardegård,UFA,,,0,0,0,0,0,0,0,0,0,0,0,0,0,0,0,SHL,Timrå IK,70,03/15/1997,7,LD/RD,73,"6'1""",196,29,Left,Defensive Defenseman,N/A,N/A,N/A,78,74,77,75,78,77,75,76,84,77,84,80,55,80,76,84,84,76,82,85,79,75,85,66,77
1312,Anton,Wedin,Anton Wedin,UFA,,,0,0,0,0,0,0,0,0,0,0,0,0,0,0,0,SHL,Timrå IK,70,03/01/1993,57,LW/RW,71,"5'11""",194,33,Left,2 Way Forward,N/A,N/A,N/A,82,78,80,77,80,79,80,77,84,79,85,74,63,71,75,85,85,78,81,85,78,73,83,70,77
1313,Brogan,Rafferty,Brogan Rafferty,UFA,,,0,0,0,0,0,0,0,0,0,0,0,0,0,0,0,SHL,Växjö Lakers,75,05/28/1995,56,RD,72,"6'0""",202,31,Right,2 Way Defender,N/A,N/A,N/A,80,75,80,80,80,78,70,76,87,77,86,78,60,85,84,85,85,85,85,85,85,85,85,80,85
1314,Dylan,McLaughlin,Dylan McLaughlin,UFA,,,0,0,0,0,0,0,0,0,0,0,0,0,0,0,0,SHL,Växjö Lakers,73,06/05/1995,13,C,71,"5'11""",187,31,Left,2 Way Forward,N/A,N/A,N/A,83,79,82,81,82,80,76,75,83,78,85,79,71,70,79,87,86,75,75,86,78,73,84,65,78
1315,Eemeli,Suomi,Eemeli Suomi,UFA,,,0,0,0,0,0,0,0,0,0,0,0,0,0,0,0,SHL,Växjö Lakers,72,12/04/1995,10,C,70,"5'10""",183,30,Left,Playmaker,N/A,N/A,N/A,77,81,81,81,80,80,75,70,81,71,80,80,70,70,80,80,79,80,75,81,75,75,72,70,78
1316,Brian,Cooper,Brian Cooper,UFA,,,0,0,0,0,0,0,0,0,0,0,0,0,0,0,0,SHL,Växjö Lakers,71,11/01/1993,21,LD/RD,70,"5'10""",196,32,Left,Defensive Defenseman,2012,5,127,79,76,77,77,75,74,73,72,81,72,80,78,55,77,76,84,83,81,77,85,86,83,84,67,80
1317,Joel,Persson,Joel Persson,UFA,,,0,0,0,0,0,0,0,0,0,0,0,0,0,0,0,SHL,Växjö Lakers,71,03/04/1994,94,RD/LD,73,"6'1""",187,32,Right,2 Way Defender,N/A,N/A,N/A,82,81,84,81,80,83,83,76,83,76,85,76,55,72,77,88,86,74,84,87,80,75,82,70,76
1318,Dennis,Rasmussen,Dennis Rasmussen,UFA,,,0,0,0,0,0,0,0,0,0,0,0,0,0,0,0,SHL,Växjö Lakers,71,07/03/1990,40,C,76,"6'4""",203,36,Left,2 Way Forward,N/A,N/A,N/A,76,76,79,74,81,78,74,74,81,72,80,80,79,73,80,81,82,77,87,82,83,78,85,67,80
1319,Otto,Koivula,Otto Koivula,UFA,,,5,5,10,9,10,19,0,0,0,0,0,0,14,15,29,SHL,Växjö Lakers,70,09/01/1998,12,LW/RW,77,"6'5""",225,28,Left,Power Forward,2016,4,120,78,75,78,77,75,76,76,73,80,72,79,75,71,76,77,82,83,76,81,81,77,73,78,75,83
1320,Patrik,Karlkvist,Patrik Karlkvist,UFA,,,0,0,0,0,0,0,0,0,0,0,0,0,0,0,0,SHL,Örebro Hockey,77,05/01/1992,89,RW,73,"6'1""",216,34,Right,Playmaker,N/A,N/A,N/A,83,79,84,81,79,83,81,83,87,77,84,77,62,73,77,85,87,75,81,86,78,74,86,66,76
1321,David,Quenneville,David Quenneville,UFA,,,0,0,0,0,0,0,0,0,0,0,0,0,0,0,0,SHL,Örebro Hockey,76,03/13/1998,55,RD,68,"5'8""",190,28,Right,Offensive Defenseman,2016,7,200,82,80,84,80,78,84,81,80,86,79,85,78,55,73,76,87,84,77,84,87,79,75,83,60,77
1322,Jesse,Ylönen,Jesse Ylönen,Montana Miners,1,"$900,000",3,3,6,15,11,26,8,8,16,6,18,24,32,40,72,SHL,Örebro Hockey,75,10/03/1999,72,RW/LW,73,"6'1""",200,26,Right,Sniper,2018,2,35,81,80,80,82,84,80,75,80,87,81,86,80,63,83,80,82,81,81,78,81,80,83,79,65,84
1323,Sampo,Ranta,Sampo Ranta,UFA,,,2,4,6,17,9,26,0,0,0,0,0,0,19,13,32,SHL,Örebro Hockey,73,05/31/2000,10,LW/RW,74,"6'2""",194,26,Left,Sniper,2018,3,78,83,76,80,78,78,80,79,80,85,76,84,73,64,75,74,87,86,82,80,87,80,78,85,65,80
1324,Patrik,Puistola,Patrik Puistola,UFA,,,0,0,0,0,0,0,0,0,0,0,0,0,0,0,0,SHL,Örebro Hockey,72,01/11/2001,21,LW,72,"6'0""",174,25,Left,2 Way Forward,2019,3,73,83,79,83,80,81,82,78,82,87,77,84,74,62,73,74,86,86,80,80,87,80,76,88,66,79
1325,Kalle,Kossila,Kalle Kossila,UFA,,,0,0,0,0,0,0,0,0,0,0,0,0,0,0,0,SHL,Örebro Hockey,72,04/14/1993,11,C,70,"5'10""",185,33,Left,Playmaker,N/A,N/A,N/A,78,77,81,76,75,81,81,78,83,75,81,77,76,71,75,84,83,73,79,84,78,73,79,60,77
1326,Luke,Martin,Luke Martin,UFA,,,0,0,0,0,0,0,0,0,0,0,0,0,0,0,0,SHL,Örebro Hockey,71,09/20/1998,7,RD,74,"6'2""",218,27,Right,Defensive Defenseman,2017,2,52,68,68,74,72,75,68,70,68,87,69,86,73,50,85,82,83,83,88,80,84,85,87,75,75,87
1327,Filip,Berglund,Filip Berglund,UFA,,,0,0,0,0,0,0,0,0,0,0,0,0,0,0,0,SHL,Örebro Hockey,70,05/10/1997,6,RD,75,"6'3""",205,29,Right,2 Way Defender,2016,3,91,78,76,78,76,81,77,75,77,83,76,82,76,55,73,78,84,84,78,78,84,81,78,87,70,79
1328,Teemu,Turunen,Teemu Turunen,UFA,,,0,0,0,0,0,0,0,0,0,0,0,0,0,0,0,SHL,Örebro Hockey,70,11/24/1995,77,LW,70,"5'10""",185,30,Left,2 Way Forward,N/A,N/A,N/A,73,78,81,80,78,83,80,70,75,74,78,77,69,69,75,81,80,78,78,82,75,72,79,67,75
1329,Iiro,Pakarinen,Iiro Pakarinen,UFA,,,0,0,0,0,0,0,0,0,0,0,0,0,0,0,0,LIIGA,Helsingin IFK,76,08/25/1991,81,RW,73,"6'1""",209,35,Right,Power Forward,2011,7,184,77,78,78,78,75,80,75,76,86,78,86,72,60,80,78,81,80,86,84,81,85,85,85,75,86
1330,Petteri,Lindbohm,Petteri Lindbohm,UFA,,,0,0,0,0,0,0,0,0,0,0,0,0,0,0,0,LIIGA,Helsingin IFK,76,09/23/1993,40,LD/RD,75,"6'3""",198,32,Left,Defensive Defenseman,2012,6,176,70,70,81,78,75,71,70,67,85,70,85,83,60,83,84,82,82,86,85,82,80,80,85,80,86
1331,Jori,Lehtera,Jori Lehtera,UFA,,,0,0,0,0,0,0,0,0,0,0,0,0,0,0,0,LIIGA,Helsingin IFK,74,12/23/1987,21,C,74,"6'2""",212,38,Left,Playmaker,2008,3,65,80,81,79,79,84,80,75,81,85,81,84,79,77,78,82,81,81,83,83,81,83,84,89,68,84
1332,Petrus,Palmu,Petrus Palmu,UFA,,,0,0,0,0,0,0,0,0,0,0,0,0,0,0,0,LIIGA,Helsingin IFK,73,07/16/1997,52,RW,66,"5'6""",172,29,Left,Sniper,2017,6,181,79,78,78,78,85,82,70,80,84,81,83,75,60,68,80,84,85,70,70,85,65,60,75,63,73
1333,Ilari,Melart,Ilari Melart,UFA,,,0,0,0,0,0,0,0,0,0,0,0,0,0,0,0,LIIGA,Helsingin IFK,71,02/11/1989,11,LD/RD,76,"6'4""",214,37,Left,2 Way Defender,N/A,N/A,N/A,74,74,76,76,73,73,70,68,82,68,80,80,68,74,77,78,73,80,76,78,78,77,75,78,84
1334,Otto,Somppi,Otto Somppi,UFA,,,0,0,0,0,0,0,0,0,0,0,0,0,0,0,0,LIIGA,Helsingin IFK,71,01/12/1998,15,C,74,"6'2""",192,28,Left,Playmaker,2016,7,206,81,78,77,78,85,74,70,77,86,79,86,74,75,72,78,83,83,83,82,83,80,80,85,65,85
1335,Sami,Vatanen,Sami Vatanen,UFA,,,0,0,0,2,11,13,0,0,0,0,0,0,2,11,13,LIIGA,JYP Jyväskylä,76,06/03/1991,44,LD/RD,70,"5'10""",185,35,Right,Offensive Defenseman,2009,4,106,85,82,81,85,83,82,74,78,88,79,87,78,55,86,83,86,88,84,91,86,80,85,74,65,84
1336,Juuso,Puustinen,Juuso Puustinen,UFA,,,0,0,0,0,0,0,0,0,0,0,0,0,0,0,0,LIIGA,JYP Jyväskylä,71,04/05/1988,71,RW,74,"6'2""",205,38,Right,Grinder,2006,5,149,76,83,82,80,77,84,70,71,82,75,79,77,73,70,74,81,80,82,80,82,76,74,80,68,80
1337,Teemu,Eronen,Teemu Eronen,UFA,,,0,0,0,0,0,0,0,0,0,0,0,0,0,0,0,LIIGA,JYP Jyväskylä,71,11/22/1990,46,LD/RD,71,"5'11""",187,35,Left,Offensive Defenseman,2011,7,192,77,79,80,79,83,79,80,74,80,74,78,77,71,72,78,80,79,82,81,81,77,75,82,70,76
1338,Jere,Lassila,Jere Lassila,UFA,,,0,0,0,0,0,0,0,0,0,0,0,0,0,0,0,LIIGA,JYP Jyväskylä,70,03/08/2004,28,C,70,"5'10""",174,22,Left,Playmaker,N/A,N/A,N/A,77,78,79,77,85,78,65,74,83,74,83,75,72,69,76,83,84,72,77,83,70,69,85,65,74
1339,Teemu,Hartikainen,Teemu Hartikainen,UFA,,,0,0,0,0,0,0,0,0,0,0,0,0,0,0,0,LIIGA,Kalpa Kuopio,71,05/03/1990,70,LW,73,"6'1""",209,36,Left,Sniper,2008,6,163,80,77,75,75,75,77,75,78,82,78,81,79,60,79,77,80,80,82,75,81,79,80,84,75,81
1340,Kristian,Näkyvä,Kristian Näkyvä,UFA,,,0,0,0,0,0,0,0,0,0,0,0,0,0,0,0,LIIGA,Kiekko-Espoo,72,11/18/1990,51,LD/RD,72,"6'0""",198,35,Left,2 Way Defender,N/A,N/A,N/A,75,81,80,79,75,80,75,73,84,73,80,79,55,72,77,79,77,80,82,79,75,75,85,69,82
1341,Leo,Komarov,Leo Komarov,UFA,,,0,0,0,0,0,0,0,0,0,0,0,0,0,0,0,LIIGA,Kiekko-Espoo,70,01/23/1987,87,LW/RW,72,"6'0""",208,39,Left,2 Way Forward,2006,6,180,76,77,76,76,85,70,70,72,84,73,83,80,72,74,80,83,82,83,85,82,75,77,80,70,84
1342,John,Stevens,John Stevens,UFA,,,0,0,0,0,0,0,0,0,0,0,0,0,0,0,0,LIIGA,Kiekko-Espoo,70,04/17/1994,14,C,75,"6'3""",204,32,Left,2 Way Forward,N/A,N/A,N/A,77,74,74,75,81,75,74,73,80,74,79,79,74,77,78,81,81,79,84,81,80,80,81,75,81
1343,Cameron,Hillis,Cameron Hillis,UFA,,,0,0,0,0,0,0,0,0,0,0,0,0,0,0,0,LIIGA,Kiekko-Espoo,70,06/24/2000,8,C,70,"5'10""",171,26,Right,Playmaker,2018,3,66,82,78,76,77,80,73,70,78,85,78,85,69,70,70,80,87,87,82,82,87,75,75,80,63,82
1344,Kim,Nousiainen,Kim Nousiainen,UFA,,,0,0,0,0,0,0,0,0,0,0,0,0,0,0,0,LIIGA,Kookoo Kouvola,70,11/14/2000,39,LD/RD,69,"5'9""",170,25,Left,Offensive Defenseman,2019,4,119,85,77,79,80,85,76,70,73,86,73,86,74,50,82,80,85,85,82,83,85,80,78,85,70,82
1345,Michal,Jordan,Michal Jordan,UFA,,,0,0,0,0,0,0,0,0,0,0,0,0,0,0,0,LIIGA,Lahden Pelicans,77,07/17/1990,47,LD/RD,73,"6'1""",198,36,Left,2 Way Defender,2008,4,105,75,75,78,79,83,77,75,73,85,75,85,82,60,83,84,82,82,85,84,82,84,84,84,75,85
1346,Aidan,Dudas,Aidan Dudas,UFA,,,0,0,0,0,0,0,0,0,0,0,0,0,0,0,0,LIIGA,Lahden Pelicans,72,06/15/2000,37,C,68,"5'8""",170,26,Right,Playmaker,2018,4,113,84,79,77,78,90,74,70,78,86,80,85,74,74,75,80,88,88,80,83,87,75,75,85,60,80
1347,Patrik,Carlsson,Patrik Carlsson,UFA,,,0,0,0,0,0,0,0,0,0,0,0,0,0,0,0,LIIGA,Lahden Pelicans,71,11/03/1987,72,C,70,"5'10""",172,38,Left,2 Way Forward,N/A,N/A,N/A,78,80,81,80,78,82,80,71,77,73,76,80,75,70,77,75,75,76,75,77,76,75,80,68,78
1348,Arttu,Kärki,Arttu Kärki,UFA,,,0,0,0,0,0,0,0,0,0,0,0,0,0,0,0,LIIGA,Mikkelin Jukurit,70,12/08/2004,33,LD,74,"6'2""",176,21,Left,2 Way Defender,2023,3,96,75,71,77,75,80,72,70,73,85,74,85,77,60,80,80,80,82,83,81,80,80,80,85,80,81
1349,Jani,Hakanpää,Jani Hakanpää,Oklahoma Twisters,2,"$1,250,000",0,0,0,4,13,17,6,11,17,5,7,12,15,31,46,LIIGA,Oulun Kärpät,79,03/31/1992,58,RD,79,"6'7""",222,34,Right,Defensive Defenseman,2010,4,104,73,75,77,76,75,75,80,75,87,77,87,82,60,90,86,84,82,89,83,84,85,87,85,80,89
1350,Aku,Räty,Aku Räty,UFA,,,0,0,0,0,0,0,0,0,0,0,0,0,0,0,0,LIIGA,Oulun Kärpät,72,07/05/2001,38,RW,72,"6'0""",170,25,Right,2 Way Forward,2019,5,151,80,78,77,77,79,77,75,76,82,75,82,79,61,73,77,83,83,81,80,82,82,81,83,67,82
1351,Danick,Martel,Danick Martel,UFA,,,0,0,0,0,0,0,0,0,0,0,0,0,0,0,0,LIIGA,Porin Ässät,70,12/12/1994,62,C,68,"5'8""",176,31,Left,Sniper,N/A,N/A,N/A,82,80,76,76,70,70,70,78,85,80,85,68,60,70,80,82,84,77,83,84,80,75,85,65,80
1352,Mikael,Ruohomaa,Mikael Ruohomaa,UFA,,,0,0,0,0,0,0,0,0,0,0,0,0,0,0,0,LIIGA,Rauman Lukko,72,11/17/1988,93,C,72,"6'0""",194,37,Left,2 Way Forward,N/A,N/A,N/A,81,77,82,79,77,80,79,79,83,75,81,77,76,70,77,82,85,76,81,82,82,78,82,69,81
1353,Antoine,Morand,Antoine Morand,UFA,,,0,0,0,0,0,0,0,0,0,0,0,0,0,0,0,LIIGA,Rauman Lukko,70,02/18/1999,88,C,71,"5'11""",190,27,Left,Playmaker,2017,2,60,83,78,77,76,82,72,70,78,85,79,85,72,75,70,80,83,85,83,81,83,80,80,85,67,82
1354,Alex,Peters,Alex Peters,UFA,,,0,0,0,0,0,0,0,0,0,0,0,0,0,0,0,LIIGA,Rauman Lukko,70,07/02/1996,5,LD/RD,76,"6'4""",220,30,Left,Defensive Defenseman,2014,3,75,70,68,71,69,70,67,70,59,87,61,87,72,55,83,83,80,80,88,83,80,87,85,85,80,87
1355,Lukas,Jasek,Lukas Jasek,UFA,,,0,0,0,0,0,0,0,0,0,0,0,0,0,0,0,LIIGA,Tampereen Ilves,71,08/28/1997,9,RW,73,"6'1""",172,29,Right,Playmaker,2015,6,174,79,76,78,77,82,78,78,81,85,75,81,77,77,73,80,82,84,74,83,82,80,77,89,65,78
1356,Simon,Johansson,Simon Johansson,UFA,,,0,0,0,0,0,0,0,0,0,0,0,0,0,0,0,LIIGA,Tampereen Ilves,70,06/14/1999,23,RD/LD,74,"6'2""",170,27,Right,Offensive Defenseman,2018,5,148,80,78,80,78,85,76,70,77,85,78,85,74,55,83,83,85,85,80,83,85,75,75,85,65,83
1357,Eetu,Tuulola,Eetu Tuulola,UFA,,,0,0,0,0,0,0,0,0,0,0,0,0,0,0,0,LIIGA,Tappara Tampere,76,03/17/1998,82,RW,74,"6'2""",225,28,Right,Power Forward,2016,6,156,75,76,76,76,70,72,70,76,88,76,87,73,70,73,86,80,81,88,80,81,87,88,85,80,89
1358,Joni,Tuulola,Joni Tuulola,UFA,,,0,0,0,0,0,0,0,0,0,0,0,0,0,0,0,LIIGA,Tappara Tampere,73,01/01/1996,63,LD/RD,75,"6'3""",185,30,Left,Defensive Defenseman,2015,6,181,72,70,70,70,85,68,70,70,85,70,85,78,55,84,85,82,81,87,83,81,82,82,85,70,86
1359,Oliver,Lauridsen,Oliver Lauridsen,UFA,,,0,0,0,0,0,0,0,0,0,0,0,0,0,0,0,LIIGA,Turku TPS,74,03/24/1989,7,LD/RD,78,"6'6""",205,37,Left,Defensive Defenseman,2009,7,196,65,67,71,70,70,71,75,79,86,70,85,77,60,82,83,80,78,87,80,80,88,87,80,80,88
1360,Aleksi,Saarela,Aleksi Saarela,UFA,,,4,2,6,9,15,24,0,0,0,0,0,0,13,17,30,LIIGA,Turku TPS,73,01/07/1997,87,C/LW,70,"5'10""",201,29,Left,Sniper,2015,3,89,82,80,80,80,83,80,70,76,85,78,85,75,75,75,75,83,83,83,80,82,80,75,85,70,83
1361,Tarmo,Reunanen,Tarmo Reunanen,UFA,,,0,8,8,0,0,0,0,0,0,0,0,0,0,8,8,LIIGA,Turku TPS,70,03/01/1998,66,LD/RD,72,"6'0""",196,28,Left,2 Way Defender,2016,4,98,80,75,75,76,75,71,70,72,85,72,85,74,55,85,83,84,85,85,85,84,84,84,85,65,83
1362,Brad,Hunt,Brad Hunt,UFA,,,0,0,0,0,0,0,0,0,0,0,0,0,0,0,0,LIIGA,Vaasan Sport,74,08/24/1988,39,LD,69,"5'9""",177,38,Left,2 Way Defender,N/A,N/A,N/A,85,80,76,76,85,75,75,75,85,79,87,80,55,83,82,83,80,84,85,85,80,82,80,74,84
1363,Nicolas,Mattinen,Nicolas Mattinen,UFA,,,0,0,0,0,0,0,0,0,0,0,0,0,0,0,0,DEL,Adler Mannheim,74,03/05/1998,52,RD/LD,78,"6'6""",215,28,Right,Offensive Defenseman,2016,6,179,75,78,82,80,81,83,70,77,85,75,86,76,53,79,80,84,83,82,81,83,80,80,85,75,81
1364,Leon,Gawanke,Leon Gawanke,UFA,,,0,0,0,0,0,0,0,0,0,0,0,0,0,0,0,DEL,Adler Mannheim,72,05/31/1999,9,LD,74,"6'2""",193,27,Right,Offensive Defenseman,2017,5,136,82,75,80,80,80,81,70,77,85,77,85,79,50,79,76,82,80,80,80,82,81,76,82,70,78
1365,Dan,Renouf,Dan Renouf,UFA,,,0,0,0,0,0,0,0,0,0,0,0,0,0,0,0,DEL,Adler Mannheim,71,06/01/1994,4,LD,73,"6'1""",198,32,Left,Defensive Defenseman,N/A,N/A,N/A,74,70,74,72,75,70,70,67,85,68,85,75,55,83,84,81,81,86,85,81,86,82,85,80,87
1366,Kristian,Reichel,Kristian Reichel,UFA,,,0,0,0,0,0,0,0,0,0,0,0,0,0,0,0,DEL,Adler Mannheim,70,06/11/1998,11,C,74,"6'2""",192,28,Right,2 Way Forward,N/A,N/A,N/A,83,82,76,77,80,73,70,77,84,77,85,77,74,70,78,84,84,84,84,81,82,81,82,65,82
1367,Marc,Michaelis,Marc Michaelis,UFA,,,0,0,0,0,0,0,0,0,0,0,0,0,0,0,0,DEL,Adler Mannheim,70,07/31/1995,65,LW/C,71,"5'11""",187,31,Left,2 Way Forward,N/A,N/A,N/A,79,80,77,78,70,76,77,80,80,80,82,77,50,77,77,82,82,80,77,82,76,78,76,70,78
1368,Riley,Damiani,Riley Damiani,UFA,,,0,0,0,0,0,0,0,0,0,0,0,0,0,0,0,DEL,Augsburger Panther,74,03/20/2000,19,C,70,"5'10""",180,26,Right,Playmaker,2018,5,137,87,80,80,79,85,78,70,79,84,80,84,76,73,70,81,86,87,82,82,85,80,80,85,65,82
1369,Madison,Bowey,Madison Bowey,UFA,,,0,6,6,5,14,19,0,0,0,0,0,0,5,20,25,DEL,Augsburger Panther,74,04/22/1995,22,RD/LD,74,"6'2""",200,31,Right,2 Way Defender,2013,2,53,79,75,78,80,80,76,75,74,85,75,87,79,55,84,81,83,83,82,87,85,83,84,88,78,85
1370,Rourke,Chartier,Rourke Chartier,UFA,,,0,0,0,0,0,0,0,0,0,0,0,0,0,0,0,DEL,Dresden Eislowen,76,04/03/1996,14,C,71,"5'11""",190,30,Left,2 Way Forward,2014,5,149,83,80,80,80,90,80,70,80,86,80,85,80,74,80,83,87,87,85,84,87,80,80,85,65,85
1371,Justin,Braun,Justin Braun,UFA,,,0,0,0,3,11,14,9,6,15,0,0,0,12,17,29,DEL,Dresden Eislowen,71,02/10/1987,61,RD,74,"6'2""",205,39,Right,Defensive Defenseman,2007,7,201,79,76,79,79,82,70,76,76,85,76,85,79,55,79,81,80,80,80,81,83,78,77,75,70,83
1372,C.J.,Suess,C.J. Suess,UFA,,,0,0,0,10,6,16,0,0,0,0,0,0,10,6,16,DEL,Dresden Eislowen,71,03/17/1994,15,LW,71,"5'11""",190,32,Left,2 Way Forward,2014,5,129,81,77,75,77,84,74,74,78,84,76,81,79,70,82,77,82,84,80,86,82,82,81,87,65,82
1373,Lance,Bouma,Lance Bouma,UFA,,,0,0,0,0,0,0,0,0,0,0,0,0,0,0,0,DEL,Dresden Eislowen,71,03/25/1990,17,LW,74,"6'2""",207,36,Left,Grinder,2008,3,78,72,70,72,72,70,69,70,70,83,72,83,72,70,78,81,80,80,85,82,80,80,85,80,75,85
1374,Austin,Ortega,Austin Ortega,UFA,,,0,0,0,0,0,0,0,0,0,0,0,0,0,0,0,DEL,Dresden Eislowen,70,04/12/1994,8,RW,68,"5'8""",174,32,Right,Playmaker,N/A,N/A,N/A,42,77,80,79,81,79,72,76,82,79,81,75,78,72,72,79,79,75,79,81,76,77,80,68,76
1375,Dillon,Heatherington,Dillon Heatherington,UFA,,,0,0,0,0,0,0,0,0,0,0,0,0,0,0,0,DEL,EHC Red Bull München,75,05/09/1995,95,LD/RD,76,"6'4""",215,31,Left,Defensive Defenseman,2013,2,50,73,71,76,76,75,70,70,70,86,72,86,78,60,85,86,81,80,87,83,82,87,85,85,80,87
1376,Taro,Hirose,Taro Hirose,UFA,,,0,0,0,6,12,18,9,20,29,0,0,0,15,32,47,DEL,EHC Red Bull München,74,06/30/1996,17,LW,70,"5'10""",162,30,Left,Playmaker,N/A,N/A,N/A,89,85,80,81,90,75,75,80,85,81,85,74,65,68,81,87,87,80,84,87,75,73,85,65,80
1377,Tobias,Rieder,Tobias Rieder,UFA,,,0,0,0,0,0,0,0,0,0,0,0,0,0,0,0,DEL,EHC Red Bull München,71,01/10/1993,8,LW/RW,71,"5'11""",190,33,Left,2 Way Forward,2011,4,114,81,78,75,76,95,76,75,76,85,78,85,77,70,77,83,84,84,81,75,85,75,73,84,65,84
1378,Jeremy,McKenna,Jeremy McKenna,UFA,,,0,0,0,0,0,0,0,0,0,0,0,0,0,0,0,DEL,EHC Red Bull München,71,04/20/1999,91,RW,70,"5'10""",174,27,Right,Playmaker,N/A,N/A,N/A,80,78,77,78,80,74,70,78,86,79,86,71,70,70,78,85,84,83,75,85,75,75,85,67,83
1379,Ville,Pokka,Ville Pokka,UFA,,,0,0,0,0,0,0,0,0,0,0,0,0,0,0,0,DEL,EHC Red Bull München,70,06/03/1994,22,RD/LD,72,"6'0""",213,32,Right,2 Way Defender,2012,2,34,75,73,79,77,80,73,70,72,85,76,85,77,50,79,78,81,80,84,83,82,78,78,85,75,82
1380,Chris,DeSousa,Chris DeSousa,UFA,,,0,0,0,0,0,0,0,0,0,0,0,0,0,0,0,DEL,EHC Red Bull München,70,10/19/1990,82,C,69,"5'9""",190,35,Left,2 Way Forward,N/A,N/A,N/A,81,75,77,75,75,78,70,80,84,79,82,75,77,79,80,82,81,79,80,85,80,80,82,78,82
1381,Adam,Brooks,Adam Brooks,UFA,,,0,0,0,0,0,0,0,0,0,0,0,0,0,0,0,DEL,EHC Red Bull München,70,05/06/1996,77,C,72,"6'0""",179,30,Left,2 Way Forward,2016,4,92,85,80,76,76,85,74,75,75,86,76,86,74,75,75,81,85,85,82,83,85,82,78,85,65,83
1382,Riley,Barber,Riley Barber,UFA,,,0,0,0,0,0,0,0,0,0,0,0,0,0,0,0,DEL,ERC Ingolstadt,74,02/07/1994,37,RW,72,"6'0""",194,32,Right,Sniper,2012,6,167,84,82,78,80,84,78,70,80,82,80,86,79,60,74,80,84,84,81,82,81,83,80,81,70,79
1383,Kenny,Agostino,Kenny Agostino,UFA,,,0,0,0,0,0,0,0,0,0,0,0,0,0,0,0,DEL,ERC Ingolstadt,73,04/30/1992,11,LW,72,"6'0""",205,34,Left,2 Way Forward,2010,5,140,80,80,80,80,80,79,70,77,85,80,85,78,67,74,79,80,80,84,82,80,80,80,82,75,82
1384,Abbott,Girduckis,Abbott Girduckis,UFA,,,0,0,0,0,0,0,0,0,0,0,0,0,0,0,0,DEL,ERC Ingolstadt,73,06/28/1995,17,RW,74,"6'2""",190,31,Right,Power Forward,N/A,N/A,N/A,74,74,74,75,75,71,70,73,87,73,86,70,55,80,81,83,83,86,78,82,87,86,75,75,85
1385,Peter,Abbandonato,Peter Abbandonato,UFA,,,0,0,0,0,0,0,0,0,0,0,0,0,0,0,0,DEL,ERC Ingolstadt,71,03/25/1998,98,C,70,"5'10""",194,28,Left,Playmaker,N/A,N/A,N/A,85,77,77,77,90,75,70,77,85,77,85,73,75,72,83,85,85,82,82,84,75,75,85,65,83
1386,Daniel,Schmölz,Daniel Schmölz,UFA,,,0,0,0,0,0,0,0,0,0,0,0,0,0,0,0,DEL,ERC Ingolstadt,70,01/25/1992,92,LW,72,"6'0""",196,34,Left,Sniper,N/A,N/A,N/A,76,77,78,77,75,77,76,75,77,79,80,75,65,72,75,80,82,78,78,81,77,76,70,69,79
1387,Myles,Powell,Myles Powell,UFA,,,0,0,0,0,0,0,0,0,0,0,0,0,0,0,0,DEL,ERC Ingolstadt,70,07/24/1994,9,RW/C,69,"5'9""",181,32,Right,2 Way Forward,N/A,N/A,N/A,75,78,78,68,80,80,70,76,81,78,82,78,60,70,74,81,81,75,80,83,70,75,80,65,78
1388,Ty,Ronning,Ty Ronning,UFA,,,0,0,0,0,0,0,0,0,0,0,0,0,0,0,0,DEL,Eisbären Berlin,75,10/20/1997,9,RW,69,"5'9""",173,28,Right,Sniper,2016,7,201,81,80,81,80,82,79,70,84,85,84,85,73,67,70,75,85,84,80,78,86,75,72,80,70,84
1389,Leonhard,Pföderl,Leonhard Pföderl,UFA,,,0,0,0,0,0,0,0,0,0,0,0,0,0,0,0,DEL,Eisbären Berlin,74,09/01/1993,93,RW,72,"6'0""",194,33,Right,Sniper,N/A,N/A,N/A,71,74,79,80,70,82,75,77,83,82,83,77,66,76,84,80,79,77,78,85,75,72,75,65,84
1390,Jean-Sebastien,Dea,Jean-Sebastien Dea,UFA,,,0,0,0,0,0,0,0,0,0,0,0,0,0,0,0,DEL,Eisbären Berlin,74,02/08/1994,17,C/RW,71,"5'11""",168,32,Right,Playmaker,N/A,N/A,N/A,85,84,79,80,82,76,70,80,85,80,85,78,78,75,81,87,87,82,83,87,80,78,85,65,82
1391,Markus,Niemeläinen,Markus Niemeläinen,UFA,,,0,0,0,1,12,13,0,0,0,0,0,0,1,12,13,DEL,Eisbären Berlin,73,06/08/1998,56,LD,78,"6'6""",190,28,Left,Defensive Defenseman,2016,3,63,72,70,74,72,75,70,70,70,88,70,88,74,60,86,86,83,81,88,84,83,87,86,85,75,88
1392,Marcel,Noebels,Marcel Noebels,UFA,,,0,0,0,0,0,0,0,0,0,0,0,0,0,0,0,DEL,Eisbären Berlin,70,03/14/1992,92,C,75,"6'3""",205,34,Left,Sniper,2011,4,118,75,76,78,78,76,77,75,76,79,79,80,75,75,70,75,81,84,79,80,78,73,73,76,57,77
1393,Lean,Bergmann,Lean Bergmann,UFA,,,0,0,0,0,0,0,0,0,0,0,0,0,0,0,0,DEL,Eisbären Berlin,70,10/04/1998,10,LW/RW,74,"6'2""",205,27,Left,Grinder,N/A,N/A,N/A,76,76,75,73,75,76,65,76,82,76,83,76,65,72,78,79,80,81,76,81,79,77,83,77,81
1394,Phillip,Bruggisser,Phillip Bruggisser,UFA,,,0,0,0,0,0,0,0,0,0,0,0,0,0,0,0,DEL,Fischtown Pinguins Bremerhaven,74,08/07/1991,72,RD/LD,72,"6'0""",187,35,Right,2 Way Defender,N/A,N/A,N/A,75,78,78,79,77,79,80,77,82,75,80,81,65,78,78,82,80,80,81,80,76,75,79,65,80
1395,Ziga,Jeglic,Ziga Jeglic,UFA,,,0,0,0,0,0,0,0,0,0,0,0,0,0,0,0,DEL,Fischtown Pinguins Bremerhaven,73,02/24/1988,13,C,73,"6'1""",176,38,Right,Playmaker,N/A,N/A,N/A,78,79,84,81,70,81,75,70,80,73,78,76,72,70,75,80,81,80,82,83,78,76,80,69,83
1396,Andy,Miele,Andy Miele,UFA,,,0,0,0,0,0,0,0,0,0,0,0,0,0,0,0,DEL,Fischtown Pinguins Bremerhaven,72,04/15/1988,51,C,69,"5'9""",170,38,Left,Playmaker,N/A,N/A,N/A,80,78,78,79,80,81,70,78,83,81,84,76,75,72,75,84,83,75,82,84,72,70,80,65,76
1397,Jan,Urbas,Jan Urbas,UFA,,,0,0,0,0,0,0,0,0,0,0,0,0,0,0,0,DEL,Fischtown Pinguins Bremerhaven,72,01/26/1989,9,C,76,"6'4""",216,37,Left,Power Forward,N/A,N/A,N/A,79,77,79,79,76,80,78,76,80,75,80,79,74,76,78,82,79,80,77,82,77,78,80,76,79
1398,Matt,Abt,Matt Abt,UFA,,,0,0,0,0,0,0,0,0,0,0,0,0,0,0,0,DEL,Fischtown Pinguins Bremerhaven,71,07/25/1993,46,LD/RD,76,"6'4""",181,33,Left,Defensive Defenseman,N/A,N/A,N/A,70,70,70,70,73,70,70,66,86,69,85,74,50,82,84,81,81,86,80,81,86,85,80,75,86
1399,C.J.,Smith,C.J. Smith,UFA,,,0,0,0,0,0,0,0,0,0,0,0,0,0,0,0,DEL,Fischtown Pinguins Bremerhaven,70,12/01/1994,70,LW,71,"5'11""",183,31,Left,Sniper,N/A,N/A,N/A,80,78,78,78,85,74,70,75,85,77,85,74,65,70,72,82,82,80,83,82,75,76,85,67,80
1400,Ethan,Prow,Ethan Prow,UFA,,,0,0,0,0,0,0,0,0,0,0,0,0,0,0,0,DEL,Grizzlys Wolfsburg,73,11/17/1992,6,RD,71,"5'11""",183,33,Right,Offensive Defenseman,N/A,N/A,N/A,85,80,80,80,85,80,70,75,87,78,87,77,60,80,82,85,84,82,85,86,80,75,85,65,83
1401,Matt,White,Matt White,UFA,,,0,0,0,0,0,0,0,0,0,0,0,0,0,0,0,DEL,Grizzlys Wolfsburg,70,08/23/1989,97,C,69,"5'9""",190,37,Left,2 Way Forward,N/A,N/A,N/A,80,79,79,78,79,78,77,81,83,80,83,74,75,79,77,82,81,75,80,85,80,80,78,67,79
1402,Gemel,Smith,Gemel Smith,UFA,,,0,0,0,0,0,0,0,0,0,0,0,0,0,0,0,DEL,Grizzlys Wolfsburg,70,04/16/1994,46,C,72,"6'0""",205,32,Left,2 Way Forward,2012,4,104,79,78,78,78,85,75,70,77,84,78,84,74,75,74,80,83,82,85,83,83,82,83,85,70,85
1403,Spencer,Machacek,Spencer Machacek,UFA,,,0,0,0,0,0,0,0,0,0,0,0,0,0,0,0,DEL,Grizzlys Wolfsburg,70,10/14/1988,93,RW,73,"6'1""",203,37,Right,Sniper,2007,3,67,78,79,80,78,75,76,70,75,81,77,80,75,57,81,75,80,80,81,77,83,78,80,78,72,76
1404,Kyle,Wood,Kyle Wood,UFA,,,0,0,0,0,0,0,0,0,0,0,0,0,0,0,0,DEL,Iserlohn Roosters,71,05/04/1996,3,RD/LD,79,"6'7""",236,30,Right,Defensive Defenseman,2014,3,84,72,72,75,76,81,77,70,73,83,74,82,78,60,85,81,78,78,77,76,77,81,81,79,80,83
1405,Anthony,Camara,Anthony Camara,UFA,,,0,0,0,0,0,0,0,0,0,0,0,0,0,0,0,DEL,Iserlohn Roosters,71,09/04/1993,36,C,72,"6'0""",192,33,Left,Grinder,2011,3,81,72,72,74,74,72,75,75,69,81,69,80,71,70,75,76,81,81,85,77,82,88,85,77,77,82
1406,Markus,Nutivaara,Markus Nutivaara,Nevada Archers,4,"$1,500,000",0,0,0,5,17,22,0,0,0,0,0,0,5,17,22,DEL,Kölner Haie,80,06/06/1994,56,RD,73,"6'1""",187,32,Left,Defensive Defenseman,2015,7,189,77,75,81,80,85,80,80,75,87,76,87,86,55,87,87,85,85,85,85,85,85,85,75,70,85
1407,Nate,Schnarr,Nate Schnarr,UFA,,,0,0,0,0,0,0,0,0,0,0,0,0,0,0,0,DEL,Kölner Haie,75,02/25/1999,76,C,75,"6'3""",185,27,Right,Power Forward,2017,3,75,78,77,77,76,80,72,70,76,86,75,86,74,75,78,80,82,82,87,82,83,85,85,85,75,87
1408,Patrick,Russell,Patrick Russell,UFA,,,0,0,0,0,0,0,0,0,0,0,0,0,0,0,0,DEL,Kölner Haie,74,01/04/1993,63,RW,73,"6'1""",203,33,Right,2 Way Forward,N/A,N/A,N/A,79,80,80,80,83,82,75,79,85,79,83,78,65,76,84,81,83,85,85,83,81,81,85,75,85
1409,Oliwer,Kaski,Oliwer Kaski,UFA,,,0,0,0,0,0,0,0,0,0,0,0,0,0,0,0,DEL,Kölner Haie,73,09/04/1995,7,RD/LD,75,"6'3""",185,31,Right,Offensive Defenseman,N/A,N/A,N/A,81,82,83,80,72,78,82,77,80,80,84,80,77,75,80,82,79,80,77,80,78,70,77,65,83
1410,Gregor,MacLeod,Gregor MacLeod,UFA,,,0,0,0,0,0,0,0,0,0,0,0,0,0,0,0,DEL,Kölner Haie,73,06/07/1998,89,LW,72,"6'0""",176,28,Left,2 Way Forward,N/A,N/A,N/A,75,75,78,77,80,80,75,78,84,78,85,79,70,70,80,82,83,83,80,83,77,81,85,67,82
1411,Maximilian,Kammerer,Maximilian Kammerer,UFA,,,0,0,0,0,0,0,0,0,0,0,0,0,0,0,0,DEL,Kölner Haie,72,09/28/1996,9,LW,73,"6'1""",165,29,Left,Playmaker,N/A,N/A,N/A,80,79,81,79,81,80,75,79,80,77,80,75,60,70,75,82,82,80,79,84,78,72,80,67,75
1412,Tanner,Kero,Tanner Kero,UFA,,,0,0,0,0,0,0,0,0,0,0,0,0,0,0,0,DEL,Kölner Haie,72,07/24/1992,10,C,72,"6'0""",185,34,Left,2 Way Forward,N/A,N/A,N/A,85,80,78,78,85,76,75,76,87,76,86,77,73,73,81,85,85,83,83,85,82,80,89,65,83
1413,Matthew,Wedman,Matthew Wedman,UFA,,,0,0,0,0,0,0,0,0,0,0,0,0,0,0,0,DEL,Löwen Frankfurt,75,05/25/1999,32,LW,76,"6'4""",210,27,Left,Grinder,2019,7,199,75,75,73,73,75,67,70,74,87,75,87,71,60,81,85,83,83,88,75,83,88,88,85,80,88
1414,Maksim,Matushkin,Maksim Matushkin,UFA,,,0,0,0,0,0,0,0,0,0,0,0,0,0,0,0,DEL,Löwen Frankfurt,71,01/31/1990,52,LD/RD,70,"5'10""",172,36,Left,Offensive Defenseman,N/A,N/A,N/A,76,82,82,81,77,81,78,75,81,71,79,75,68,66,72,78,79,78,80,82,72,75,81,66,78
1415,Carter,Rowney,Carter Rowney,UFA,,,0,0,0,0,0,0,0,0,0,0,0,0,0,0,0,DEL,Löwen Frankfurt,71,05/10/1989,17,C/RW,74,"6'2""",207,37,Right,Grinder,N/A,N/A,N/A,74,75,76,72,75,72,71,80,81,76,82,75,78,76,79,78,80,82,80,82,80,80,75,77,83
1416,Brett,Murray,Brett Murray,UFA,,,0,0,0,0,0,0,0,0,0,0,0,0,0,0,0,DEL,Nürnberg Ice Tigers,73,07/20/1998,8,LW,77,"6'5""",228,28,Left,Power Forward,2016,4,99,76,76,74,74,75,70,70,74,88,74,88,70,65,74,80,80,80,88,83,80,85,82,85,80,87
1417,Samuel,Dove-McFalls,Samuel Dove-McFalls,UFA,,,0,0,0,0,0,0,0,0,0,0,0,0,0,0,0,DEL,Nürnberg Ice Tigers,73,04/10/1997,75,C,74,"6'2""",207,29,Left,Grinder,2015,4,98,74,72,72,72,70,70,70,72,86,72,85,71,75,81,85,83,83,86,80,83,86,86,85,75,85
1418,Evan,Barratt,Evan Barratt,UFA,,,0,0,0,0,0,0,0,0,0,0,0,0,0,0,0,DEL,Nürnberg Ice Tigers,72,02/18/1999,10,C/LW,72,"6'0""",187,27,Left,2 Way Forward,2017,3,90,78,73,77,73,83,80,74,80,84,82,85,75,78,76,81,83,80,82,82,84,83,80,79,65,84
1419,Daniel,O'Regan,Daniel O'Regan,UFA,,,0,0,0,0,0,0,0,0,0,0,0,0,0,0,0,DEL,Schwenninger Wild Wings,72,01/30/1994,11,C/RW,70,"5'10""",182,32,Right,2 Way Forward,2012,5,138,82,82,79,80,85,76,75,78,86,79,86,77,70,75,82,85,87,82,80,87,80,70,80,65,83
1420,Eric,Martinsson,Eric Martinsson,UFA,,,0,0,0,0,0,0,0,0,0,0,0,0,0,0,0,DEL,Schwenninger Wild Wings,72,10/22/1992,46,LD/RD,72,"6'0""",185,33,Left,2 Way Defender,N/A,N/A,N/A,75,77,77,77,76,72,70,68,80,68,78,81,50,69,78,80,77,82,78,78,73,76,78,67,82
1421,Tim,Gettinger,Tim Gettinger,UFA,,,0,0,0,0,0,0,0,0,0,0,0,0,0,0,0,DEL,Schwenninger Wild Wings,70,04/14/1998,26,LW,78,"6'6""",222,28,Left,Grinder,2016,5,141,75,75,71,71,75,67,70,70,86,70,86,68,67,74,78,80,80,87,83,80,86,83,85,75,86
1422,Tylor,Spink,Tylor Spink,UFA,,,0,0,0,0,0,0,0,0,0,0,0,0,0,0,0,DEL,Schwenninger Wild Wings,70,12/31/1992,90,C,70,"5'10""",185,33,Right,2 Way Forward,N/A,N/A,N/A,76,79,79,77,79,77,79,81,85,79,81,77,79,76,71,81,82,80,78,84,75,75,78,73,78
1423,Josh,Melnick,Josh Melnick,UFA,,,0,0,0,0,0,0,0,0,0,0,0,0,0,0,0,DEL,Straubing Tigers,74,07/10/1995,37,C/RW,70,"5'10""",175,31,Right,Playmaker,N/A,N/A,N/A,84,78,80,80,85,77,70,77,85,78,84,73,73,70,80,87,87,80,80,87,75,77,85,65,82
1424,Wade,Allison,Wade Allison,UFA,,,6,16,22,15,20,35,9,17,26,0,0,0,30,53,83,DEL,Straubing Tigers,74,10/14/1997,88,RW,74,"6'2""",205,28,Right,Power Forward,2016,2,52,79,78,76,77,85,78,75,80,84,80,82,77,65,75,83,79,78,83,80,81,84,85,70,75,83
1425,Ryan,Merkley,Ryan Merkley,UFA,,,0,0,0,0,0,0,0,0,0,0,0,0,0,0,0,DEL,Straubing Tigers,72,08/14/2000,58,RD,72,"6'0""",185,26,Right,Offensive Defenseman,2018,1,21,76,77,81,79,80,81,70,82,84,80,83,76,60,81,80,81,83,80,83,85,75,75,83,65,79
1426,Alex,Green,Alex Green,UFA,,,0,0,0,0,0,0,0,0,0,0,0,0,0,0,0,DEL,Straubing Tigers,71,06/18/1998,6,RD,74,"6'2""",197,28,Right,Defensive Defenseman,2018,4,121,78,72,72,71,85,69,70,68,87,68,87,74,50,85,83,82,82,87,83,82,85,82,85,67,87
1427,Tyler,Madden,Tyler Madden,UFA,,,0,0,0,0,0,0,0,0,0,0,0,0,0,0,0,DEL,Straubing Tigers,71,11/09/1999,18,C,71,"5'11""",170,26,Right,2 Way Forward,2018,3,68,85,80,77,78,85,74,70,76,86,76,85,76,75,73,81,86,86,82,83,86,80,78,85,60,82
1428,Zach,Leslie,Zach Leslie,UFA,,,0,0,0,0,0,0,0,0,0,0,0,0,0,0,0,DEL,Straubing Tigers,70,01/31/1994,8,LD/RD,72,"6'0""",174,32,Left,2 Way Defender,2013,6,178,81,75,76,77,83,73,70,73,85,74,86,74,60,84,82,86,86,83,80,86,83,82,80,67,83
1429,Vojtech,Hradec,Vojtech Hradec,UFA,,,0,0,0,0,0,0,0,0,0,0,0,0,0,0,0,ELH,BK Mladá Boleslav,72,09/24/2005,9,LW/C,75,"6'3""",185,20,Left,2 Way Forward,2024,6,167,75,78,77,78,65,80,70,72,84,75,84,80,63,75,80,83,83,80,75,84,75,72,85,65,78
1430,Dominik,Lakatos,Dominik Lakatos,UFA,,,0,0,0,0,0,0,0,0,0,0,0,0,0,0,0,ELH,BK Mladá Boleslav,71,04/08/1997,31,LW,72,"6'0""",194,29,Left,Playmaker,2017,6,157,78,80,76,81,72,77,80,75,82,76,81,76,72,75,80,83,80,79,78,83,81,76,78,75,79
1431,Robert,Lantosi,Robert Lantosi,UFA,,,0,0,0,0,0,0,0,0,0,0,0,0,0,0,0,ELH,Banes Motor České Budějovice,74,09/24/1995,16,RW,71,"5'11""",185,30,Right,Sniper,N/A,N/A,N/A,80,81,79,79,82,80,70,77,84,80,84,80,60,70,79,82,83,81,81,83,83,78,85,65,82
1432,Pavel,Novak,Pavel Novak,UFA,,,0,0,0,0,0,0,0,0,0,0,0,0,0,0,0,ELH,Banes Motor České Budějovice,71,04/16/2002,10,RW,69,"5'9""",170,24,Right,Sniper,2020,5,146,85,80,77,78,82,75,70,77,85,79,85,73,60,69,75,85,85,73,80,85,69,70,85,65,72
1433,Brant,Harris,Brant Harris,UFA,,,0,0,0,0,0,0,0,0,0,0,0,0,0,0,0,ELH,Banes Motor České Budějovice,70,10/08/1989,11,RW,73,"6'1""",205,36,Right,2 Way Forward,N/A,N/A,N/A,77,75,76,76,83,77,73,72,84,73,83,77,65,71,73,81,83,83,80,80,80,80,84,67,83
1434,Jasper,Weatherby,Jasper Weatherby,Puerto Rico Toros,1,"$900,000",4,1,5,5,9,14,0,0,0,2,9,11,11,19,30,ELH,Bílí Tygři Liberec,73,01/22/1998,26,C,76,"6'4""",222,28,Left,Grinder,2018,4,102,79,78,77,78,75,74,75,77,86,76,82,77,70,79,78,79,80,81,78,80,83,84,85,85,82
1435,Radim,Simek,Radim Simek,UFA,,,0,0,0,0,0,0,0,0,0,0,0,0,0,0,0,ELH,Bílí Tygři Liberec,73,09/20/1992,44,LD,72,"6'0""",204,33,Left,Defensive Defenseman,N/A,N/A,N/A,78,74,76,76,77,75,75,75,83,76,84,78,55,84,83,80,82,84,85,83,82,82,80,75,85
1436,Adam,Najman,Adam Najman,UFA,,,0,0,0,0,0,0,0,0,0,0,0,0,0,0,0,ELH,Bílí Tygři Liberec,71,01/07/2001,71,LW,71,"5'11""",185,25,Left,Playmaker,N/A,N/A,N/A,79,78,78,73,77,79,75,76,83,77,82,79,78,75,75,81,82,75,80,82,78,80,85,63,78
1437,Radan,Lenc,Radan Lenc,UFA,,,0,0,0,0,0,0,0,0,0,0,0,0,0,0,0,ELH,Bílí Tygři Liberec,70,07/30/1991,25,RW,72,"6'0""",194,35,Left,Playmaker,N/A,N/A,N/A,79,79,78,78,73,80,70,70,82,70,80,75,70,73,77,82,82,77,77,82,79,73,80,74,79
1438,Jakub,Lauko,Jakub Lauko,Indianapolis Ghosts,2,"$900,000",0,4,4,10,5,15,8,7,15,0,0,0,18,16,34,ELH,HC Dynamo Pardubice,77,03/28/2000,94,C/LW,73,"6'1""",193,26,Left,2 Way Forward,2018,3,77,85,83,81,81,75,81,75,79,86,79,85,81,74,80,84,85,85,84,82,85,87,85,85,70,85
1439,John,Ludvig,John Ludvig,UFA,,,0,0,0,0,0,0,0,0,0,0,0,0,0,0,0,ELH,HC Dynamo Pardubice,76,08/02/2000,15,LD,73,"6'1""",213,26,Left,2 Way Defender,2019,3,69,80,74,78,75,75,74,75,70,87,71,87,81,55,85,85,81,81,87,85,83,85,84,85,75,87
1440,Roman,Cervenka,Roman Cervenka,UFA,,,0,0,0,0,0,0,4,26,30,0,0,0,4,26,30,ELH,HC Dynamo Pardubice,74,12/10/1985,19,C,72,"6'0""",196,40,Left,Playmaker,N/A,N/A,N/A,80,78,80,77,80,80,80,82,85,83,83,77,75,80,78,83,79,83,76,86,74,74,82,67,80
1441,Martin,Kaut,Martin Kaut,UFA,,,2,1,3,12,9,21,0,0,0,0,0,0,14,10,24,ELH,HC Dynamo Pardubice,73,10/02/1999,61,RW,74,"6'2""",190,26,Right,2 Way Forward,2018,1,16,79,82,75,77,81,79,75,82,85,83,85,78,67,80,78,85,84,81,83,85,82,80,81,70,80
1442,Lukas,Sedlak,Lukas Sedlak,UFA,,,0,0,0,7,11,18,0,0,0,0,0,0,7,11,18,ELH,HC Dynamo Pardubice,73,02/25/1993,23,C,72,"6'0""",212,33,Left,2 Way Forward,2011,6,158,77,78,80,80,82,78,75,80,85,80,85,77,76,80,78,81,83,80,83,85,80,79,83,75,85
1443,Peter,Ceresnak,Peter Ceresnak,UFA,,,0,0,0,0,0,0,0,0,0,0,0,0,0,0,0,ELH,HC Dynamo Pardubice,71,01/26/1993,41,RD/LD,75,"6'3""",209,33,Right,2 Way Defender,2011,6,172,76,77,78,75,80,76,75,71,83,70,83,78,60,79,80,80,80,79,78,80,79,78,78,75,78
1444,Jiri,Smejkal,Jiri Smejkal,UFA,,,0,0,0,0,0,0,0,0,0,0,0,0,0,0,0,ELH,HC Dynamo Pardubice,71,11/05/1996,9,LW,76,"6'4""",209,29,Left,Power Forward,N/A,N/A,N/A,80,78,77,78,80,74,78,74,84,75,79,75,65,72,79,79,79,83,80,78,80,79,84,72,81
1445,Robert,Kousal,Robert Kousal,UFA,,,0,0,0,0,0,0,0,0,0,0,0,0,0,0,0,ELH,HC Dynamo Pardubice,70,10/07/1990,90,C,73,"6'1""",198,35,Left,2 Way Forward,N/A,N/A,N/A,76,74,77,79,70,77,75,75,80,75,84,78,78,74,77,80,82,76,80,79,77,78,80,63,78
1446,Jachym,Kondelik,Jachym Kondelik,UFA,,,0,0,0,0,0,0,0,0,0,0,0,0,0,0,0,ELH,HC Dynamo Pardubice,70,12/21/1999,11,C,79,"6'7""",232,26,Left,Power Forward,2018,4,111,77,75,75,72,75,72,70,74,84,75,85,72,77,76,79,80,79,82,75,83,82,81,78,80,82
1447,Libor,Hajek,Libor Hajek,UFA,,,0,9,9,4,9,13,3,11,14,0,0,0,7,29,36,ELH,HC Dynamo Pardubice,70,02/04/1998,24,LD,74,"6'2""",209,28,Left,Defensive Defenseman,2016,2,37,80,77,78,75,79,70,75,75,82,76,83,78,55,79,79,82,78,81,80,84,81,79,81,75,80
1448,Ondrej,Beranek,Ondrej Beranek,UFA,,,0,0,0,0,0,0,0,0,0,0,0,0,0,0,0,ELH,HC Energie Karlovy Vary,74,12/21/1995,8,C,72,"6'0""",194,30,Left,Power Forward,N/A,N/A,N/A,70,78,76,80,78,83,77,79,84,78,82,82,72,80,79,83,82,84,79,84,80,80,78,79,78
1449,Jiri,Cernoch,Jiri Cernoch,UFA,,,0,0,0,0,0,0,0,0,0,0,0,0,0,0,0,ELH,HC Energie Karlovy Vary,73,09/01/1996,21,RW,69,"5'9""",198,30,Right,2 Way Forward,N/A,N/A,N/A,79,79,81,80,75,81,70,81,82,70,75,79,75,82,82,81,86,82,81,83,83,80,80,79,81
1450,Tory,Dello,Tory Dello,UFA,,,0,0,0,0,0,0,0,0,0,0,0,0,0,0,0,ELH,HC Energie Karlovy Vary,71,02/14/1997,3,RD,72,"6'0""",190,29,Right,Defensive Defenseman,N/A,N/A,N/A,75,70,73,73,80,69,70,63,86,64,85,74,60,83,83,83,83,85,83,83,84,83,85,70,85
1451,Haralds,Egle,Haralds Egle,UFA,,,0,0,0,0,0,0,0,0,0,0,0,0,0,0,0,ELH,HC Energie Karlovy Vary,70,05/11/1996,10,RW,70,"5'10""",194,30,Right,2 Way Forward,N/A,N/A,N/A,78,78,77,78,80,74,70,78,85,78,85,74,75,78,80,85,85,85,75,85,80,80,85,75,85
1452,Filip,Kral,Filip Kral,UFA,,,0,0,0,0,0,0,0,0,0,0,0,0,0,0,0,ELH,HC Kometa Brno,75,10/20/1999,82,LD,74,"6'2""",198,26,Left,2 Way Defender,2018,5,149,80,77,79,80,80,76,70,75,85,75,85,78,55,87,84,85,85,87,73,85,85,85,85,70,87
1453,Jakub,Flek,Jakub Flek,UFA,,,0,0,0,0,0,0,0,0,0,0,0,0,0,0,0,ELH,HC Kometa Brno,73,12/24/1992,9,LW,68,"5'8""",163,33,Left,2 Way Forward,N/A,N/A,N/A,79,81,79,81,81,80,70,77,81,76,80,79,67,75,91,83,83,83,76,83,81,77,79,69,81
1454,Brandon,Davidson,Brandon Davidson,UFA,,,0,0,0,0,0,0,0,0,0,0,0,0,0,0,0,ELH,HC Kometa Brno,72,08/21/1991,88,LD,74,"6'2""",209,35,Left,Defensive Defenseman,2010,6,162,70,73,73,72,85,65,70,67,86,70,86,78,50,84,81,78,78,86,80,79,83,85,80,65,87
1455,Simon,Stransky,Simon Stransky,UFA,,,0,0,0,0,0,0,0,0,0,0,0,0,0,0,0,ELH,HC Kometa Brno,72,12/21/1997,83,LW,71,"5'11""",183,28,Left,Playmaker,N/A,N/A,N/A,75,76,80,80,90,78,75,78,83,77,83,78,60,72,78,83,83,77,73,83,74,73,85,62,77
1456,Oscar,Flynn,Oscar Flynn,UFA,,,0,0,0,0,0,0,0,0,0,0,0,0,0,0,0,ELH,HC Oceláři Třinec,74,04/19/1999,18,LW,69,"5'9""",152,27,Left,2 Way Forward,N/A,N/A,N/A,79,78,84,82,80,84,79,77,85,79,83,78,70,75,79,82,81,81,82,84,76,79,81,71,76
1457,Patrik,Koch,Patrik Koch,UFA,,,0,0,0,0,0,0,0,0,0,0,0,0,0,0,0,ELH,HC Oceláři Třinec,73,12/08/1996,64,LD/RD,73,"6'1""",190,29,Left,2 Way Defender,N/A,N/A,N/A,75,76,76,76,65,76,75,73,85,75,84,80,68,78,77,83,81,83,75,83,80,80,84,66,85
1458,Martin,Ruzicka,Martin Ruzicka,UFA,,,0,0,0,0,0,0,0,0,0,0,0,0,0,0,0,ELH,HC Oceláři Třinec,72,12/15/1985,27,C,71,"5'11""",174,40,Right,Playmaker,N/A,N/A,N/A,83,78,78,80,74,79,80,74,82,79,79,78,72,73,79,81,81,79,80,81,80,78,78,78,77
1459,Michal,Kovarcik,Michal Kovarcik,UFA,,,0,0,0,0,0,0,0,0,0,0,0,0,0,0,0,ELH,HC Oceláři Třinec,72,11/19/1996,87,RW,72,"6'0""",176,29,Left,2 Way Forward,N/A,N/A,N/A,80,82,83,80,71,84,75,71,85,78,83,77,64,73,80,80,82,77,76,80,76,71,75,71,77
1460,Andrej,Nestrasil,Andrej Nestrasil,UFA,,,0,0,0,0,0,0,0,0,0,0,0,0,0,0,0,ELH,HC Oceláři Třinec,71,02/22/1991,94,RW,75,"6'3""",200,35,Left,Playmaker,2009,3,75,79,79,79,77,83,80,75,75,76,76,77,77,75,75,77,83,78,79,82,77,78,80,81,65,78
1461,Marko,Dano,Marko Dano,UFA,,,0,0,0,0,0,0,0,0,0,0,0,0,0,0,0,ELH,HC Oceláři Třinec,71,11/30/1994,56,LW,72,"6'0""",212,31,Left,2 Way Forward,2013,1,27,80,78,77,77,79,78,75,77,82,79,81,79,70,78,78,82,77,78,76,83,79,78,76,70,80
1462,Jakub,Galvas,Jakub Galvas,UFA,,,0,0,0,0,0,0,0,0,0,0,0,0,0,0,0,ELH,HC Oceláři Třinec,70,06/15/1999,76,LD/RD,71,"5'11""",161,27,Left,2 Way Defender,2017,5,150,82,80,77,77,80,70,70,72,85,73,85,76,60,78,82,85,85,81,80,87,78,75,80,65,82
1463,Michael,Spacek,Michael Spacek,Puerto Rico Toros,3,"$900,000",0,0,0,0,0,0,0,0,0,1,15,16,1,15,16,ELH,HC Sparta Praha,76,04/09/1997,34,C/RW,71,"5'11""",187,29,Right,Playmaker,2015,4,108,80,80,84,82,76,82,80,80,83,80,82,80,77,81,79,79,81,81,76,82,78,77,77,68,79
1464,Kristian,Vesalainen,Kristian Vesalainen,UFA,,,15,3,18,11,10,21,0,0,0,0,0,0,26,13,39,ELH,HC Sparta Praha,74,06/01/1999,93,LW,76,"6'4""",207,27,Left,Sniper,2017,1,24,81,81,80,79,87,75,70,80,86,80,86,70,60,75,78,87,86,85,85,88,83,81,85,67,86
1465,Mark,Pysyk,Mark Pysyk,UFA,,,0,0,0,4,18,22,3,12,15,0,0,0,7,30,37,ELH,HC Sparta Praha,74,01/11/1992,10,RD/LD,73,"6'1""",198,34,Right,Defensive Defenseman,2010,1,23,78,74,77,77,85,74,75,72,85,74,85,81,55,84,84,80,82,85,85,82,80,80,80,65,84
1466,Filip,Chlapik,Filip Chlapik,UFA,,,0,0,0,0,0,0,0,0,0,0,0,0,0,0,0,ELH,HC Sparta Praha,74,06/03/1997,14,C,73,"6'1""",196,29,Left,Power Forward,2015,2,48,80,82,84,82,70,80,79,82,82,82,84,77,50,78,76,82,82,80,78,84,76,78,78,70,80
1467,Devin,Shore,Devin Shore,UFA,,,0,0,0,13,14,27,0,0,0,0,0,0,13,14,27,ELH,HC Sparta Praha,73,07/19/1994,94,C/LW,73,"6'1""",206,32,Left,2 Way Forward,2012,2,61,81,81,78,77,85,77,75,80,84,81,84,78,75,80,81,83,84,82,81,84,83,82,70,70,85
1468,Michal,Repik,Michal Repik,UFA,,,0,0,0,0,0,0,0,0,0,0,0,0,0,0,0,ELH,HC Sparta Praha,73,12/31/1988,26,RW,70,"5'10""",191,37,Right,Sniper,2007,2,40,80,80,78,79,77,80,80,80,77,80,75,77,78,70,75,84,81,82,83,83,78,78,77,79,81
1469,Tomas,Hyka,Tomas Hyka,UFA,,,0,0,0,0,0,0,0,0,0,0,0,0,0,0,0,ELH,HC Sparta Praha,71,03/23/1993,38,RW,71,"5'11""",161,33,Right,Playmaker,2012,6,171,78,77,78,80,84,77,77,79,82,79,82,76,65,75,78,80,78,77,82,82,75,74,78,65,77
1470,Roman,Horak,Roman Horak,UFA,,,0,0,0,0,0,0,0,0,0,0,0,0,0,0,0,ELH,HC Sparta Praha,71,05/21/1991,51,C,72,"6'0""",170,35,Left,2 Way Forward,2009,5,127,75,81,79,82,80,80,77,78,83,77,82,76,78,75,76,80,77,82,77,81,75,76,76,69,79
1471,Dominik,Masin,Dominik Masin,UFA,,,0,0,0,0,0,0,0,0,0,0,0,0,0,0,0,ELH,HC Sparta Praha,70,02/01/1996,97,LD/RD,74,"6'2""",198,30,Left,Defensive Defenseman,2014,2,35,70,71,73,72,78,70,70,70,84,73,83,78,50,78,80,80,78,78,75,77,81,82,77,70,81
1472,Ondrej,Kase,Ondrej Kase,UFA,,,19,19,38,16,23,39,15,24,39,0,0,0,50,66,116,ELH,HC Verva Litvinov,75,11/08/1995,73,RW/LW,72,"6'0""",187,30,Right,Sniper,2014,7,205,82,80,80,78,81,81,80,80,85,80,82,84,67,75,78,81,82,80,84,85,81,78,65,65,81
1473,David,Kase,David Kase,UFA,,,0,0,0,0,0,0,0,0,0,0,0,0,0,0,0,ELH,HC Verva Litvinov,72,01/28/1997,25,RW/LW,71,"5'11""",170,29,Left,Playmaker,2015,5,128,82,78,78,76,80,78,70,77,86,79,84,78,65,70,81,84,82,80,80,85,76,76,80,65,82
1474,Matus,Sukel,Matus Sukel,UFA,,,0,0,0,0,0,0,0,0,0,0,0,0,0,0,0,ELH,HC Verva Litvinov,70,01/23/1996,91,C,69,"5'9""",170,30,Left,2 Way Forward,N/A,N/A,N/A,75,76,76,81,80,77,75,83,84,81,82,74,70,81,78,80,81,75,76,83,81,76,85,70,81
1475,Axel,Holmstrom,Axel Holmstrom,UFA,,,0,0,0,0,0,0,0,0,0,0,0,0,0,0,0,ELH,HC Verva Litvinov,70,06/29/1996,52,C,73,"6'1""",212,30,Left,2 Way Forward,2014,7,196,75,80,77,77,75,76,70,73,85,74,84,76,67,73,80,83,83,85,80,83,80,80,85,70,85
1476,Jakub,Zboril,Jakub Zboril,UFA,,,1,4,5,7,9,16,0,0,0,0,0,0,8,13,21,ELH,HC Vítkovice Ridera,76,02/21/1997,38,LD,73,"6'1""",201,29,Left,2 Way Defender,2015,1,13,77,76,78,78,82,77,75,72,87,76,86,81,55,83,84,83,84,86,85,84,84,85,85,70,85
1477,Samuel,Knazko,Samuel Knazko,UFA,,,0,0,0,4,4,8,0,0,0,0,0,0,4,4,8,ELH,HC Vítkovice Ridera,73,08/07/2002,12,LD,73,"6'1""",198,24,Left,2 Way Defender,2020,3,78,80,75,80,79,80,76,70,75,86,75,85,77,55,84,84,84,84,84,73,84,83,83,85,73,84
1478,Chad,Yetman,Chad Yetman,UFA,,,0,0,0,0,0,0,0,0,0,0,0,0,0,0,0,ELH,HC Vítkovice Ridera,71,02/18/2000,21,RW/C,71,"5'11""",173,26,Right,2 Way Forward,2020,6,172,80,77,75,76,95,78,75,76,85,77,85,78,70,68,73,87,87,80,70,87,70,73,75,65,80
1479,Martin,Hanzl,Martin Hanzl,UFA,,,0,0,0,0,0,0,0,0,0,0,0,0,0,0,0,ELH,HC Vítkovice Ridera,71,12/25/1993,79,C,71,"5'11""",157,32,Left,2 Way Forward,N/A,N/A,N/A,78,77,77,79,82,81,75,74,84,72,82,80,78,70,76,81,82,76,78,81,72,80,85,68,68
1480,Marek,Kalus,Marek Kalus,UFA,,,0,0,0,0,0,0,0,0,0,0,0,0,0,0,0,ELH,HC Vítkovice Ridera,71,07/22/1993,11,LW,74,"6'2""",205,33,Right,Sniper,N/A,N/A,N/A,79,81,77,79,85,78,72,76,79,79,81,75,70,73,74,81,81,75,75,83,76,73,81,65,78
1481,Marek,Hrivik,Marek Hrivik,UFA,,,0,0,0,0,0,0,0,0,0,0,0,0,0,0,0,ELH,HC Vítkovice Ridera,70,08/28/1991,27,RW,73,"6'1""",196,35,Left,Playmaker,N/A,N/A,N/A,78,76,77,77,90,77,70,74,83,76,82,77,65,65,79,82,81,82,75,83,75,75,75,65,83
1482,Jindrich,Abdul,Jindrich Abdul,UFA,,,0,0,0,0,0,0,0,0,0,0,0,0,0,0,0,ELH,HC Vítkovice Ridera,70,02/01/1996,24,RW,73,"6'1""",187,30,Left,2 Way Forward,N/A,N/A,N/A,75,78,79,80,85,79,70,76,83,78,83,76,79,78,73,80,80,78,75,82,73,75,85,77,78
1483,Anthony,Nellis,Anthony Nellis,UFA,,,0,0,0,0,0,0,0,0,0,0,0,0,0,0,0,ELH,HC Vítkovice Ridera,70,09/10/1994,19,C,71,"5'11""",179,31,Left,2 Way Forward,N/A,N/A,N/A,79,80,76,81,91,81,65,81,83,79,83,72,74,89,76,81,81,82,83,83,79,79,81,74,83
1484,Kristians,Rubins,Kristians Rubins,UFA,,,0,0,0,0,0,0,0,0,0,0,0,0,0,0,0,ELH,HC Škoda Plzeň,73,12/11/1997,94,LD,77,"6'5""",232,28,Left,Defensive Defenseman,N/A,N/A,N/A,70,70,72,72,80,65,70,70,87,70,86,75,50,86,84,78,80,89,80,78,80,87,85,70,89
1485,Adam,Kubik,Adam Kubik,UFA,,,0,0,0,0,0,0,0,0,0,0,0,0,0,0,0,ELH,HC Škoda Plzeň,70,10/21/1998,59,LW,72,"6'0""",176,27,Left,Playmaker,N/A,N/A,N/A,78,78,77,80,83,78,75,73,83,80,82,75,68,77,75,80,81,75,75,81,74,76,80,78,78
1486,Stuart,Percy,Stuart Percy,UFA,,,0,0,0,0,0,0,0,0,0,0,0,0,0,0,0,ELH,HC Škoda Plzeň,70,05/18/1993,29,LD/RD,73,"6'1""",187,33,Left,Offensive Defenseman,2011,1,25,76,77,79,78,81,78,80,78,83,79,83,74,60,77,76,83,79,78,81,82,78,80,79,70,80
1487,T.J.,Melancon,T.J. Melancon,UFA,,,0,0,0,0,0,0,0,0,0,0,0,0,0,0,0,ELH,Mountfield HK,71,07/04/1996,23,RD/LD,74,"6'2""",203,30,Right,2 Way Defender,N/A,N/A,N/A,69,74,76,77,76,78,75,75,83,74,84,77,50,78,79,79,79,80,78,82,82,78,85,70,80
1488,Michael,Vukojevic,Michael Vukojevic,UFA,,,0,0,0,0,0,0,0,0,0,0,0,0,0,0,0,ELH,Mountfield HK,71,06/08/2001,51,LD,75,"6'3""",215,25,Left,Defensive Defenseman,2019,3,82,74,70,73,70,75,67,70,67,87,68,86,75,60,83,78,81,81,87,83,81,85,85,85,78,88
1489,Ales,Jergl,Ales Jergl,UFA,,,0,0,0,0,0,0,0,0,0,0,0,0,0,0,0,ELH,Mountfield HK,70,04/18/1994,26,RW,72,"6'0""",163,32,Right,Playmaker,N/A,N/A,N/A,75,77,79,77,73,73,75,81,84,80,81,74,68,76,77,81,83,77,73,83,74,76,75,73,81
1490,Lukas,Radil,Lukas Radil,UFA,,,0,0,0,0,0,0,0,0,0,0,0,0,0,0,0,ELH,Mountfield HK,70,08/05/1990,69,LW,76,"6'4""",205,36,Left,Power Forward,N/A,N/A,N/A,74,74,76,77,74,77,75,75,79,75,83,77,70,74,79,83,80,77,78,79,78,77,83,70,82
1491,Daniel,Audette,Daniel Audette,UFA,,,0,0,0,0,0,0,0,0,0,0,0,0,0,0,0,ELH,Rytíři Kladno,72,05/06/1996,28,C,69,"5'9""",165,30,Left,Playmaker,2014,5,147,78,80,80,77,72,78,75,76,77,77,81,78,70,76,79,83,81,79,77,84,83,79,77,71,79
1492,Marcel,Marcel,Marcel Marcel,UFA,,,0,0,0,0,0,0,0,0,0,0,0,0,0,0,0,ELH,Rytíři Kladno,71,10/31/2003,21,LW/C,76,"6'4""",242,22,Left,Power Forward,2023,5,131,78,74,73,75,80,74,72,72,79,73,79,78,67,79,78,80,81,80,77,80,88,85,77,64,83
1493,Sam,Vigneault,Sam Vigneault,UFA,,,0,0,0,0,0,0,0,0,0,0,0,0,0,0,0,ELH,Rytíři Kladno,71,09/07/1995,25,C,77,"6'5""",203,31,Left,Power Forward,N/A,N/A,N/A,74,74,73,73,75,70,70,72,85,72,84,70,60,70,72,82,82,85,75,82,83,80,85,75,86
1494,Griffin,Mendel,Griffin Mendel,UFA,,,0,0,0,0,0,0,0,0,0,0,0,0,0,0,0,ELH,Rytíři Kladno,71,02/18/1999,77,LD/RD,78,"6'6""",220,27,Left,Defensive Defenseman,N/A,N/A,N/A,70,68,72,71,80,69,70,65,87,66,86,74,50,83,83,81,78,88,85,78,85,83,85,73,89
1495,Tristen,Robins,Tristen Robins,UFA,,,0,0,0,0,0,0,0,0,0,0,0,0,0,0,0,ELH,Rytíři Kladno,70,11/15/2001,15,RW,70,"5'10""",176,24,Right,2 Way Forward,2020,2,56,84,80,78,78,80,76,70,75,87,76,87,74,68,73,81,83,83,83,82,83,83,78,85,65,83
1496,Jérémie,Blain,Jérémie Blain,UFA,,,0,0,0,0,0,0,0,0,0,0,0,0,0,0,0,ELH,Rytíři Kladno,70,03/19/1992,55,RD/LD,75,"6'3""",192,34,Right,Offensive Defenseman,2010,4,91,75,78,76,75,71,78,73,70,78,75,72,79,60,77,78,81,81,80,75,80,82,78,82,77,81
1497,Linus,Hultström,Linus Hultström,UFA,,,0,0,0,0,0,0,0,0,0,0,0,0,0,0,0,NL,EHC Biel-Bienne,77,12/09/1992,33,RD/LD,71,"5'11""",194,33,Right,Offensive Defenseman,N/A,N/A,N/A,85,84,83,82,78,84,83,80,86,80,87,77,55,75,74,87,88,82,87,88,79,74,86,68,81
1498,Lias,Andersson,Lias Andersson,UFA,,,2,1,3,10,12,22,0,0,0,0,0,0,12,13,25,NL,EHC Biel-Bienne,75,10/13/1998,24,C/LW,73,"6'1""",185,27,Left,2 Way Forward,2017,1,7,84,83,81,81,80,79,75,79,87,79,87,78,75,78,83,84,84,85,83,84,85,83,85,75,85
1499,Toni,Rajala,Toni Rajala,UFA,,,0,0,0,0,0,0,0,0,0,0,0,0,0,0,0,NL,EHC Biel-Bienne,72,03/29/1991,25,RW,70,"5'10""",168,35,Left,Sniper,2009,4,101,81,80,79,78,80,80,80,78,85,77,81,76,70,79,78,84,82,77,76,86,69,69,84,67,80
1500,Marcus,Sylvegård,Marcus Sylvegård,UFA,,,0,0,0,0,0,0,0,0,0,0,0,0,0,0,0,NL,EHC Biel-Bienne,70,05/04/1999,81,LW,72,"6'0""",190,27,Right,2 Way Forward,N/A,N/A,N/A,78,76,75,76,80,78,76,75,82,77,82,77,60,72,78,82,83,75,79,82,81,78,78,65,79
1501,Brandon,Gignac,Brandon Gignac,UFA,,,0,0,0,0,0,0,0,0,0,0,0,0,0,0,0,NL,EHC Kloten,71,11/07/1997,37,C/LW,71,"5'11""",170,28,Left,Playmaker,2016,3,80,79,76,76,77,85,80,79,75,80,74,80,79,78,72,82,84,82,76,85,82,79,79,78,65,79
1502,Robert,Leino,Robert Leino,UFA,,,0,0,0,0,0,0,0,0,0,0,0,0,0,0,0,NL,EHC Kloten,71,04/14/1993,63,LW,72,"6'0""",183,33,Right,Playmaker,N/A,N/A,N/A,78,77,80,77,78,77,75,75,81,71,80,78,75,77,78,81,83,75,83,81,83,80,85,70,79
1503,Tomas,Tatar,Tomas Tatar,Nevada Archers,3,"$1,500,000",18,18,36,11,32,43,18,15,33,12,37,49,59,102,161,NL,EV Zug,80,12/01/1990,90,LW/RW,70,"5'10""",173,35,Left,Sniper,2009,2,60,85,82,83,86,81,84,81,82,87,83,87,83,65,80,80,83,84,86,80,83,82,84,81,70,85
1504,Dominik,Kubalík,Dominik Kubalík,Las Vegas Vipers,1,"$1,000,000",18,28,46,21,32,53,29,26,55,6,16,22,74,102,176,NL,EV Zug,78,08/21/1995,81,LW/RW,74,"6'2""",190,31,Left,2 Way Forward,2013,7,191,81,80,82,82,84,83,79,88,87,84,87,82,66,79,79,81,81,81,80,82,82,85,82,75,85
1505,Lino,Martschini,Lino Martschini,UFA,,,0,0,0,0,0,0,0,0,0,0,0,0,0,0,0,NL,EV Zug,74,01/21/1993,46,RW,66,"5'6""",146,33,Right,Playmaker,N/A,N/A,N/A,80,78,79,80,79,82,75,78,81,79,84,76,67,71,73,89,88,74,77,87,75,75,79,62,79
1506,Lukas,Bengtsson,Lukas Bengtsson,UFA,,,0,0,0,0,0,0,0,0,0,0,0,0,0,0,0,NL,EV Zug,73,04/14/1994,32,RD/LD,70,"5'10""",172,32,Right,2 Way Defender,N/A,N/A,N/A,74,79,81,79,76,78,76,77,83,78,81,80,65,72,77,84,82,79,75,85,73,70,74,64,78
1507,Daniel,Vozenilek,Daniel Vozenilek,UFA,,,0,0,0,0,0,0,0,0,0,0,0,0,0,0,0,NL,EV Zug,72,02/10/1996,96,LW,73,"6'1""",194,30,Left,Playmaker,N/A,N/A,N/A,80,79,78,80,76,79,78,75,78,76,87,76,72,76,78,77,81,80,79,80,78,76,80,76,89
1508,David,Sklenicka,David Sklenicka,UFA,,,0,0,0,0,0,0,0,0,0,0,0,0,0,0,0,NL,EV Zug,72,09/08/1996,66,LD/RD,72,"6'0""",205,30,Left,2 Way Defender,N/A,N/A,N/A,73,75,77,78,74,72,75,70,84,73,82,79,60,78,80,80,82,82,74,78,80,78,75,73,82
1509,Gregory,Hofmann,Gregory Hofmann,UFA,,,0,0,0,0,0,0,0,0,0,0,0,0,0,0,0,NL,EV Zug,72,11/13/1992,15,RW,72,"6'0""",174,33,Left,Power Forward,2011,4,103,78,77,82,80,82,81,72,78,83,82,81,75,71,72,76,90,82,75,77,90,74,75,71,72,78
1510,Jan,Kovar,Jan Kovar,UFA,,,0,0,0,0,0,0,0,0,0,0,0,0,0,0,0,NL,EV Zug,70,03/20/1990,40,LW,72,"6'0""",207,36,Right,Playmaker,N/A,N/A,N/A,77,80,78,78,72,77,76,75,80,79,82,75,78,78,72,82,77,80,78,82,78,75,79,68,78
1511,Jimmy,Vesey,Jimmy Vesey,Nevada Archers,3,"$1,250,000",0,0,0,16,12,28,9,17,26,7,19,26,32,48,80,NL,Geneve-Servette HC,79,05/26/1993,16,LW/RW,74,"6'2""",200,33,Left,Power Forward,2012,3,66,83,82,81,81,85,80,75,80,87,81,87,80,65,81,83,85,84,85,85,84,85,84,85,75,86
1512,Jan,Rutta,Jan Rutta,UFA,,,0,0,0,10,11,21,10,7,17,6,11,17,26,29,55,NL,Geneve-Servette HC,77,07/29/1990,44,RD/LD,75,"6'3""",204,36,Right,Defensive Defenseman,N/A,N/A,N/A,80,82,82,81,80,81,80,78,87,78,87,83,55,84,82,84,84,85,83,81,81,83,85,70,84
1513,Jesse,Puljujarvi,Jesse Puljujarvi,UFA,,,16,13,29,15,30,45,0,0,0,0,0,0,31,43,74,NL,Geneve-Servette HC,76,05/07/1998,9,RW,76,"6'4""",201,28,Right,Sniper,2016,1,4,83,81,82,81,85,80,70,77,87,80,87,79,65,74,82,84,84,85,85,84,83,81,80,65,85
1514,Sakari,Manninen,Sakari Manninen,UFA,,,0,0,0,0,0,0,0,0,0,0,0,0,0,0,0,NL,Geneve-Servette HC,75,02/10/1992,65,RW,69,"5'9""",180,34,Left,Sniper,N/A,N/A,N/A,84,81,80,83,85,80,74,83,85,80,84,75,70,81,78,85,83,82,85,86,81,79,90,65,85
1515,Vili,Saarijarvi,Vili Saarijarvi,UFA,,,0,0,0,0,0,0,0,0,0,0,0,0,0,0,0,NL,Geneve-Servette HC,75,05/15/1997,46,RD/LD,70,"5'10""",183,29,Right,Offensive Defenseman,2015,3,73,84,80,85,83,70,83,80,82,82,82,82,78,75,80,79,78,78,78,80,82,80,79,80,78,80
1516,Derick,Brassard,Derick Brassard,UFA,,,0,0,0,18,32,50,0,0,0,0,0,0,18,32,50,NL,Geneve-Servette HC,74,09/22/1987,18,C/LW,73,"6'1""",200,38,Left,2 Way Forward,2006,1,6,81,81,81,81,85,80,80,80,87,81,87,78,77,79,81,84,84,83,81,80,81,76,77,70,83
1517,Markus,Granlund,Markus Granlund,UFA,,,0,0,0,0,0,0,0,0,0,0,0,0,0,0,0,NL,Geneve-Servette HC,73,04/16/1993,60,C/LW,72,"6'0""",183,33,Left,2 Way Forward,2011,2,45,81,80,79,79,86,78,75,78,84,79,85,78,74,82,80,84,81,80,85,84,80,79,85,65,81
1518,Jason,Akeson,Jason Akeson,UFA,,,0,0,0,0,0,0,0,0,0,0,0,0,0,0,0,NL,Geneve-Servette HC,71,06/03/1990,91,RW,70,"5'10""",185,36,Right,Playmaker,N/A,N/A,N/A,74,75,80,75,81,80,75,79,82,80,81,72,60,74,75,79,79,77,80,82,74,75,80,65,77
1519,Tanner,Richard,Tanner Richard,UFA,,,0,0,0,0,0,0,0,0,0,0,0,0,0,0,0,NL,Geneve-Servette HC,70,04/06/1993,71,C,72,"6'0""",196,33,Left,2 Way Forward,2012,3,71,80,79,80,82,70,76,79,80,82,79,84,75,50,78,78,82,82,78,78,84,76,75,78,70,80
1520,Tim,Berni,Tim Berni,UFA,,,0,0,0,0,0,0,7,14,21,0,0,0,7,14,21,NL,Geneve-Servette HC,70,02/11/2000,21,LD,72,"6'0""",192,26,Left,2 Way Defender,2018,6,159,79,75,78,76,80,75,75,75,84,75,82,75,55,79,79,85,83,81,79,85,81,79,81,75,83
1521,Pierre-Edouard,Bellemare,Pierre-Edouard Bellemare,South Dakota Spartans,2,"$1,250,000",0,0,0,17,16,33,12,13,25,9,9,18,38,38,76,NL,HC Ajoie,79,03/06/1985,41,C/LW,71,"5'11""",198,41,Left,2 Way Forward,N/A,N/A,N/A,83,80,80,80,85,80,80,80,86,80,86,84,85,86,88,86,86,85,84,86,85,85,75,65,85
1522,Anttoni,Honka,Anttoni Honka,UFA,,,0,0,0,3,4,7,0,0,0,0,0,0,3,4,7,NL,HC Ajoie,73,10/05/2000,3,RD/LD,70,"5'10""",179,25,Right,2 Way Defender,2019,3,83,83,80,81,81,83,77,70,78,85,80,85,77,60,82,83,86,87,82,83,87,80,75,85,65,82
1523,Jerry,Turkulainen,Jerry Turkulainen,UFA,,,0,0,0,0,0,0,0,0,0,0,0,0,0,0,0,NL,HC Ajoie,70,09/22/1998,32,C,67,"5'7""",159,27,Right,Playmaker,N/A,N/A,N/A,72,75,78,78,80,77,75,71,84,74,84,74,72,70,74,83,84,74,80,83,75,72,76,67,75
1524,Philip-Michael,Devos,Philip-Michael Devos,UFA,,,0,0,0,0,0,0,0,0,0,0,0,0,0,0,0,NL,HC Ajoie,70,04/26/1990,8,C,72,"6'0""",179,36,Left,Playmaker,N/A,N/A,N/A,76,78,75,78,75,78,75,80,82,78,82,78,75,76,76,78,79,82,75,81,72,75,75,65,79
1525,Jonathan,Hazen,Jonathan Hazen,UFA,,,0,0,0,0,0,0,0,0,0,0,0,0,0,0,0,NL,HC Ajoie,70,06/18/1990,4,RW,72,"6'0""",187,36,Right,Sniper,N/A,N/A,N/A,77,78,81,79,68,78,80,78,80,76,79,76,64,76,82,80,80,75,72,80,76,76,71,70,78
1526,Chris,Tierney,Chris Tierney,Las Vegas Vipers,4,"$1,250,000",11,12,23,20,21,41,9,18,27,0,0,0,40,51,91,NL,HC Ambri-Piotta,79,07/01/1994,5,C,73,"6'1""",191,32,Left,2 Way Forward,2012,2,55,85,83,82,82,84,81,80,81,85,82,85,83,77,80,82,86,86,85,87,87,85,85,89,70,85
1527,Michael,Joly,Michael Joly,UFA,,,0,0,0,0,0,0,0,0,0,0,0,0,0,0,0,NL,HC Ambri-Piotta,76,05/05/1995,24,RW,71,"5'11""",174,31,Left,Sniper,N/A,N/A,N/A,85,81,82,83,85,82,75,78,84,81,84,79,70,72,79,86,86,79,76,86,75,75,82,63,81
1528,Jesse,Virtanen,Jesse Virtanen,UFA,,,0,0,0,0,0,0,0,0,0,0,0,0,0,0,0,NL,HC Ambri-Piotta,74,08/07/1991,71,LD/RD,71,"5'11""",185,35,Left,Offensive Defenseman,N/A,N/A,N/A,84,80,81,83,70,82,80,82,86,80,86,77,75,79,80,78,81,78,80,82,80,77,80,78,84
1529,Tim,Heed,Tim Heed,UFA,,,0,0,0,0,0,0,0,0,0,0,0,0,0,0,0,NL,HC Ambri-Piotta,73,01/27/1991,72,RD/LD,72,"6'0""",185,35,Right,Offensive Defenseman,2010,5,132,78,79,82,81,80,79,81,77,78,80,79,81,50,79,78,84,80,79,80,83,82,80,80,70,79
1530,Alex,Formenton,Alex Formenton,UFA,,,0,0,0,22,14,36,19,10,29,0,0,0,41,24,65,NL,HC Ambri-Piotta,70,09/13/1999,10,LW,75,"6'3""",194,26,Left,Sniper,2017,2,47,79,77,79,77,72,72,70,81,84,81,84,70,70,73,72,83,80,78,75,83,80,75,75,65,80
1531,Filip,Zadina,Filip Zadina,Atlanta Cobalts,2,"$1,250,000",17,22,39,15,26,41,16,21,37,11,50,61,59,119,178,NL,HC Davos,79,11/27/1999,18,RW/LW,72,"6'0""",190,26,Left,2 Way Forward,2018,1,6,82,81,82,82,82,84,81,83,88,85,88,83,65,81,83,83,82,83,79,84,81,83,80,65,85
1532,Brendan,Lemieux,Brendan Lemieux,Puerto Rico Toros,5,"$1,000,000",5,4,9,13,9,22,0,0,0,6,17,23,24,30,54,NL,HC Davos,78,03/15/1996,22,LW/RW,73,"6'1""",215,30,Left,Grinder,2014,2,31,78,78,78,78,60,78,75,76,86,77,86,78,65,75,85,84,83,87,82,85,88,87,90,80,88
1533,Adam,Tambellini,Adam Tambellini,UFA,,,0,0,0,0,0,0,0,0,0,0,0,0,0,0,0,NL,HC Davos,76,11/01/1994,19,LW,76,"6'4""",194,31,Left,Playmaker,2013,3,65,80,82,82,82,90,82,80,79,86,81,85,74,74,70,80,83,84,84,80,83,85,80,85,65,85
1534,Rasmus,Asplund,Rasmus Asplund,UFA,,,0,0,0,13,25,38,9,13,22,0,0,0,22,38,60,NL,HC Davos,75,12/03/1997,74,C/LW,71,"5'11""",185,28,Left,2 Way Forward,2016,2,33,82,80,80,80,86,80,80,78,84,79,83,80,76,76,82,84,86,81,88,84,82,81,88,60,85
1535,Matej,Stransky,Matej Stransky,UFA,,,0,0,0,0,0,0,0,0,0,0,0,0,0,0,0,NL,HC Davos,75,07/11/1993,44,RW,74,"6'2""",209,33,Right,Power Forward,2011,6,165,80,82,82,83,80,83,85,82,85,82,84,78,69,78,79,83,80,78,85,84,75,76,85,67,82
1536,Simon,Ryfors,Simon Ryfors,UFA,,,0,0,0,0,0,0,0,0,0,0,0,0,0,0,0,NL,HC Davos,74,08/16/1997,15,C,71,"5'11""",177,29,Left,Sniper,N/A,N/A,N/A,82,80,78,80,84,80,70,80,86,80,86,72,73,65,80,85,86,83,83,86,80,80,85,65,81
1537,Joakim,Nordstrom,Joakim Nordstrom,UFA,,,0,0,0,0,0,0,0,0,0,0,0,0,0,0,0,NL,HC Davos,72,02/25/1992,42,LW,73,"6'1""",194,34,Left,2 Way Forward,2010,3,90,80,80,82,80,70,83,80,82,82,77,79,77,75,79,76,78,78,78,80,82,80,77,80,78,80
1538,Klas,Dahlbeck,Klas Dahlbeck,UFA,,,0,0,0,0,0,0,0,0,0,0,0,0,0,0,0,NL,HC Davos,70,07/06/1991,6,LD/RD,75,"6'3""",207,35,Left,Defensive Defenseman,2011,3,79,80,79,76,80,82,75,77,80,84,81,81,76,74,79,76,86,79,80,76,85,74,78,82,67,80
1539,Marcus,Sorensen,Marcus Sorensen,Tennessee Wolverines,2,"$900,000",0,0,0,0,0,0,0,0,0,0,0,0,0,0,0,NL,HC Fribourg-Gotteron,77,04/07/1992,9,LW,71,"5'11""",174,34,Left,Sniper,2010,4,106,82,84,82,83,76,85,82,82,84,82,85,79,75,79,80,78,78,82,80,83,80,77,80,78,82
1540,Lucas,Wallmark,Lucas Wallmark,UFA,,,0,0,0,0,0,0,0,0,0,0,0,0,0,0,0,NL,HC Fribourg-Gotteron,75,09/05/1995,32,C,72,"6'0""",178,31,Left,2 Way Forward,2014,4,97,80,82,84,82,70,81,79,82,82,82,84,79,50,78,81,82,82,80,78,85,78,78,78,70,83
1541,Henrik,Borgstrom,Henrik Borgstrom,UFA,,,3,3,6,18,18,36,0,0,0,0,0,0,21,21,42,NL,HC Fribourg-Gotteron,75,08/06/1997,21,C,75,"6'3""",199,29,Left,2 Way Forward,2016,1,23,80,78,82,78,80,82,82,82,86,80,87,79,75,72,81,82,86,77,84,85,80,80,87,70,81
1542,Patrik,Nemeth,Patrik Nemeth,UFA,,,0,0,0,2,19,21,4,14,18,0,0,0,6,33,39,NL,HC Fribourg-Gotteron,74,02/08/1992,12,LD,76,"6'4""",230,34,Left,Defensive Defenseman,2010,2,41,74,70,76,72,70,73,77,73,83,74,82,82,55,82,84,81,76,84,85,82,79,82,80,75,83
1543,Ty,Rattie,Ty Rattie,UFA,,,0,0,0,0,0,0,0,0,0,0,0,0,0,0,0,NL,HC Fribourg-Gotteron,73,02/05/1993,8,RW,72,"6'0""",194,33,Right,Sniper,2011,2,32,79,75,80,75,78,80,78,82,86,80,86,73,62,71,74,86,84,74,81,87,77,74,86,65,75
1544,Christoph,Bertschy,Christoph Bertschy,UFA,,,0,0,0,0,0,0,0,0,0,0,0,0,0,0,0,NL,HC Fribourg-Gotteron,72,04/05/1994,22,RW,70,"5'10""",185,32,Right,2 Way Forward,2012,6,158,79,81,80,78,72,79,75,76,77,77,83,79,70,76,79,83,81,79,77,84,83,78,79,71,76
1545,Kyle,Rau,Kyle Rau,UFA,,,0,0,0,0,0,0,0,0,0,0,0,0,0,0,0,NL,HC Fribourg-Gotteron,71,10/24/1992,42,LW/C,68,"5'8""",173,33,Left,Playmaker,2011,3,91,86,81,80,81,95,70,70,79,85,81,85,70,60,70,72,84,87,81,80,84,74,72,83,65,81
1546,Rasmus,Kupari,Rasmus Kupari,Honolulu Hawks,2,"$1,000,000",7,5,12,16,13,29,0,0,0,0,10,10,23,28,51,NL,HC Lugano,78,03/15/2000,15,C,74,"6'2""",201,26,Right,2 Way Forward,2018,1,20,82,81,81,81,80,81,75,81,87,82,86,82,75,78,82,88,86,84,84,92,82,83,85,68,86
1547,Mike,Sgarbossa,Mike Sgarbossa,UFA,,,0,0,0,0,0,0,0,0,0,0,0,0,0,0,0,NL,HC Lugano,77,07/25/1992,41,C,72,"6'0""",179,34,Left,Playmaker,N/A,N/A,N/A,86,83,81,83,82,79,75,83,88,83,87,77,75,74,81,86,86,83,83,86,80,80,85,65,83
1548,Calvin,Thurkauf,Calvin Thurkauf,UFA,,,0,0,0,0,0,0,0,0,0,0,0,0,0,0,0,NL,HC Lugano,76,06/27/1997,97,C/LW,74,"6'2""",204,29,Left,2 Way Forward,2016,7,185,81,80,80,81,75,83,76,80,86,82,85,80,76,80,80,81,82,82,77,83,76,78,79,65,85
1549,Zach,Sanford,Zach Sanford,UFA,,,13,5,18,8,22,30,0,0,0,0,0,0,21,27,48,NL,HC Lugano,76,11/09/1994,21,LW,76,"6'4""",206,31,Left,Grinder,2013,2,61,80,82,77,77,80,75,70,77,86,78,86,75,65,78,84,82,82,87,85,83,84,86,83,80,87
1550,Connor,Carrick,Connor Carrick,UFA,,,0,0,0,0,0,0,0,0,0,0,0,0,0,0,0,NL,HC Lugano,76,04/13/1994,58,C,70,"5'10""",198,32,Right,2 Way Defender,2012,5,137,83,78,78,79,75,75,75,75,86,76,85,81,55,84,84,84,83,84,85,83,86,83,80,75,86
1551,Brendan,Perlini,Brendan Perlini,UFA,,,8,11,19,13,21,34,0,0,0,0,0,0,21,32,53,NL,HC Lugano,75,04/27/1996,96,C,75,"6'3""",211,30,Left,Sniper,2014,1,12,84,83,80,81,85,74,75,80,87,82,87,75,65,72,78,82,82,86,83,82,80,80,87,65,86
1552,Carl,Dahlstrom,Carl Dahlstrom,UFA,,,0,0,0,0,0,0,0,0,0,0,0,0,0,0,0,NL,HC Lugano,73,01/28/1995,63,C,76,"6'4""",231,31,Left,Defensive Defenseman,2013,2,51,70,70,72,72,75,65,70,70,85,70,86,78,55,84,84,82,80,87,89,82,85,85,89,70,86
1553,Curtis,Valk,Curtis Valk,UFA,,,0,0,0,0,0,0,0,0,0,0,0,0,0,0,0,NL,HC Lugano,72,02/08/1993,39,C,68,"5'8""",170,33,Left,Playmaker,N/A,N/A,N/A,84,78,79,79,85,79,70,77,83,78,83,77,70,71,75,84,85,75,81,85,72,72,85,65,75
1554,Mirco,Mueller,Mirco Mueller,UFA,,,0,0,0,0,0,0,0,0,0,0,0,0,0,0,0,NL,HC Lugano,70,03/21/1995,25,C,75,"6'3""",209,31,Left,2 Way Defender,2013,1,18,79,78,73,79,70,70,82,80,80,80,81,79,50,75,75,79,75,79,80,77,81,80,79,75,77
1555,Luca,Fazzini,Luca Fazzini,UFA,,,0,0,0,0,0,0,0,0,0,0,0,0,0,0,0,NL,HC Lugano,70,03/17/1995,17,RW,69,"5'9""",190,31,Right,Sniper,N/A,N/A,N/A,76,77,78,76,72,77,69,81,85,79,86,75,50,64,76,82,80,76,78,77,76,70,70,70,77
1556,Erik,Brännström,Erik Brännström,Indianapolis Ghosts,2,"$1,250,000",4,9,13,4,16,20,4,13,17,3,11,14,15,49,64,NL,Lausanne HC,79,09/02/1999,26,LD/RD,70,"5'10""",185,27,Left,Offensive Defenseman,2017,1,15,88,81,85,85,90,82,80,80,88,81,87,82,60,84,84,86,88,84,85,86,80,80,85,65,84
1557,Dominik,Kahun,Dominik Kahun,Brooklyn Bulldogs,4,"$1,000,000",3,4,7,7,24,31,0,0,0,7,10,17,17,38,55,NL,Lausanne HC,78,07/02/1995,24,LW/RW,71,"5'11""",174,31,Left,Playmaker,N/A,N/A,N/A,86,83,80,83,87,82,74,83,85,84,84,80,70,79,84,86,86,85,85,87,80,78,90,65,85
1558,Sami,Niku,Sami Niku,Tennessee Wolverines,2,"$1,000,000",0,0,0,0,0,0,0,0,0,2,7,9,2,7,9,NL,Lausanne HC,78,10/10/1996,8,RD,73,"6'1""",194,29,Left,2 Way Defender,2015,7,198,83,79,82,81,80,77,75,74,85,75,87,82,55,84,84,85,85,85,87,85,85,84,85,67,86
1559,Austin,Czarnik,Austin Czarnik,Fort Worth Defenders,1,"$4,000,000",0,0,0,0,0,0,12,15,27,0,0,0,12,15,27,NL,Lausanne HC,77,12/12/1992,27,C/RW,69,"5'9""",170,33,Right,Playmaker,N/A,N/A,N/A,87,84,83,81,82,79,80,79,85,79,85,79,78,74,83,85,85,83,82,85,75,73,89,67,83
1560,Antti,Suomela,Antti Suomela,UFA,,,0,0,0,0,0,0,7,21,28,0,0,0,7,21,28,NL,Lausanne HC,75,03/17/1994,11,C,72,"6'0""",179,32,Left,2 Way Forward,N/A,N/A,N/A,81,82,81,83,84,82,85,83,85,82,85,76,74,80,80,84,82,84,83,86,80,80,85,65,81
1561,Drake,Caggiula,Drake Caggiula,UFA,,,0,0,0,5,11,16,0,0,0,0,0,0,5,11,16,NL,Lausanne HC,75,06/20/1994,96,LW/RW,70,"5'10""",179,32,Left,2 Way Forward,N/A,N/A,N/A,82,78,79,78,82,82,79,80,86,81,84,80,64,76,77,85,85,80,86,87,83,84,86,70,81
1562,Ahti,Oksanen,Ahti Oksanen,UFA,,,0,0,0,0,0,0,0,0,0,0,0,0,0,0,0,NL,Lausanne HC,74,03/10/1993,29,LW,72,"6'0""",207,33,Left,Power Forward,N/A,N/A,N/A,78,80,80,80,85,81,75,75,85,78,83,75,74,70,77,80,80,84,85,81,70,75,85,70,86
1563,Damien,Riat,Damien Riat,UFA,,,0,0,0,0,0,0,0,0,0,0,0,0,0,0,0,NL,Lausanne HC,71,02/26/1997,9,RW/C,72,"6'0""",181,29,Right,2 Way Forward,2016,4,117,80,80,78,76,70,82,75,80,80,78,78,77,50,75,76,80,78,82,78,81,80,78,78,70,78
1564,Jason,Fuchs,Jason Fuchs,UFA,,,0,0,0,0,0,0,0,0,0,0,0,0,0,0,0,NL,Lausanne HC,70,09/14/1995,14,C,69,"5'9""",165,30,Left,Playmaker,N/A,N/A,N/A,78,80,78,78,79,77,82,78,76,78,80,75,74,76,73,79,81,74,77,83,77,70,80,72,74
1565,Jacob,Larsson,Jacob Larsson,UFA,,,0,0,0,0,0,0,0,0,0,0,0,0,0,0,0,NL,Rapperswil-Jona Lakers,76,04/29/1997,4,LD,74,"6'2""",193,29,Left,Defensive Defenseman,2015,1,27,83,77,79,80,85,76,75,78,86,78,85,80,55,87,85,85,85,85,85,85,83,84,85,70,85
1566,Tanner,Fritz,Tanner Fritz,UFA,,,0,0,0,0,0,0,0,0,0,0,0,0,0,0,0,NL,Rapperswil-Jona Lakers,73,08/20/1991,16,C/RW,71,"5'11""",192,35,Right,2 Way Forward,N/A,N/A,N/A,80,80,79,80,75,76,70,80,85,80,85,76,74,80,82,85,85,85,83,84,84,84,84,67,85
1567,Victor,Rask,Victor Rask,UFA,,,0,0,0,20,24,44,0,0,0,0,0,0,20,24,44,NL,Rapperswil-Jona Lakers,72,03/01/1993,49,C,74,"6'2""",198,33,Left,2 Way Forward,2011,2,42,81,80,80,79,82,78,75,80,85,78,85,76,74,79,79,85,82,81,83,85,80,78,85,65,80
1568,Malte,Strömwall,Malte Strömwall,UFA,,,0,0,0,0,0,0,0,0,0,0,0,0,0,0,0,NL,Rapperswil-Jona Lakers,72,08/24/1994,8,RW,72,"6'0""",197,32,Right,2 Way Forward,N/A,N/A,N/A,80,78,80,80,77,80,70,78,84,82,84,75,70,74,82,84,80,80,83,84,75,75,85,69,82
1569,Lawrence,Pilut,Lawrence Pilut,UFA,,,0,0,0,4,16,20,0,0,0,0,0,0,4,16,20,NL,Rapperswil-Jona Lakers,72,12/30/1995,20,LD/RD,71,"5'11""",194,30,Left,2 Way Defender,N/A,N/A,N/A,76,73,80,76,80,76,70,74,85,75,85,78,60,78,77,80,79,81,83,83,79,79,81,75,85
1570,Philippe,Maillet,Philippe Maillet,UFA,,,0,0,0,0,0,0,0,0,0,0,0,0,0,0,0,NL,Rapperswil-Jona Lakers,72,11/07/1992,61,C,70,"5'10""",185,33,Left,Playmaker,N/A,N/A,N/A,80,77,78,78,90,77,70,77,84,77,84,76,60,70,74,85,85,82,80,85,75,75,85,65,82
1571,Tyler,Moy,Tyler Moy,UFA,,,0,0,0,0,0,0,0,0,0,0,0,0,0,0,0,NL,Rapperswil-Jona Lakers,70,07/18/1995,95,C,73,"6'1""",194,31,Right,Sniper,2015,6,175,76,80,75,77,75,78,75,79,82,77,82,78,75,78,78,78,80,79,75,81,72,75,75,65,80
1572,Emil,Bemström,Emil Bemström,Portland Sea Lions,3,"$1,000,000",3,5,8,13,20,33,12,5,17,12,12,24,40,42,82,NL,SC Bern,78,06/01/1999,71,RW/LW,72,"6'0""",195,27,Right,Sniper,2017,4,117,85,83,84,84,90,82,75,81,87,82,87,77,75,75,82,86,86,84,85,87,80,80,85,65,83
1573,Anton,Lindholm,Anton Lindholm,UFA,,,0,0,0,0,0,0,0,0,0,0,0,0,0,0,0,NL,SC Bern,77,11/29/1994,37,LD,71,"5'11""",191,31,Left,Defensive Defenseman,2014,5,144,74,77,80,79,80,75,75,74,86,75,85,83,55,86,85,83,82,82,75,83,83,83,88,65,83
1574,Waltteri,Merelä,Waltteri Merelä,UFA,,,0,0,0,0,0,0,0,0,0,0,0,0,0,0,0,NL,SC Bern,76,07/06/1998,19,RW,78,"6'6""",196,28,Right,2 Way Forward,N/A,N/A,N/A,80,81,83,82,80,83,75,78,85,81,85,80,68,73,83,84,84,84,70,84,70,75,85,68,84
1575,Hardy,Haman Aktell,Hardy Haman Aktell,UFA,,,0,0,0,0,0,0,0,0,0,0,0,0,0,0,0,NL,SC Bern,76,07/04/1998,4,LD/RD,75,"6'3""",198,28,Left,2 Way Defender,2016,4,108,76,75,77,74,83,76,75,70,87,71,87,80,50,84,86,82,83,88,85,81,85,83,85,74,88
1576,Victor,Ejdsell,Victor Ejdsell,UFA,,,0,0,0,0,0,0,0,0,0,0,0,0,0,0,0,NL,SC Bern,73,06/06/1995,9,RW,77,"6'5""",214,31,Left,Power Forward,N/A,N/A,N/A,74,74,78,77,75,80,75,75,80,77,80,78,69,75,79,80,80,79,76,80,80,82,75,70,85
1577,Ramón,Untersander,Ramón Untersander,UFA,,,0,0,0,0,0,0,0,0,0,0,0,0,0,0,0,NL,SC Bern,72,01/21/1991,65,RD/LD,72,"6'0""",192,35,Right,2 Way Defender,N/A,N/A,N/A,78,79,81,80,72,79,79,79,84,80,85,78,47,77,78,81,81,82,78,83,79,77,78,67,78
1578,Alexander,Yakovenko,Alexander Yakovenko,UFA,,,0,0,0,0,0,0,0,0,0,0,0,0,0,0,0,NL,SC Bern,71,02/22/1998,75,LD/RD,71,"5'11""",176,28,Left,2 Way Defender,N/A,N/A,N/A,77,79,76,76,78,78,81,76,78,80,84,78,47,79,77,84,82,81,75,83,80,77,75,67,78
1579,Marco,Müller,Marco Müller,UFA,,,0,0,0,0,0,0,0,0,0,0,0,0,0,0,0,NL,SC Bern,70,01/21/1994,83,RW,69,"5'9""",181,32,Left,2 Way Forward,N/A,N/A,N/A,78,80,79,75,72,76,75,76,77,77,80,77,70,79,76,83,81,79,77,88,86,78,77,71,74
1580,Juuso,Riikola,Juuso Riikola,UFA,,,0,0,0,0,0,0,0,0,0,0,0,0,0,0,0,NL,SCL Tigers,73,11/09/1993,50,LD,72,"6'0""",190,32,Left,2 Way Defender,N/A,N/A,N/A,79,76,78,79,87,74,75,72,85,74,85,79,55,80,79,84,82,81,83,84,80,80,81,70,84
1581,Sean,Malone,Sean Malone,UFA,,,0,0,0,0,0,0,0,0,0,0,0,0,0,0,0,NL,SCL Tigers,73,04/30/1995,19,C,72,"6'0""",196,31,Left,2 Way Forward,2013,6,159,79,77,79,77,85,81,80,76,84,76,81,79,81,84,78,82,82,76,86,82,80,80,83,75,79
1582,Julian,Schmutz,Julian Schmutz,UFA,,,0,0,0,0,0,0,0,0,0,0,0,0,0,0,0,NL,SCL Tigers,72,02/28/1994,71,RW,68,"5'8""",176,32,Right,Power Forward,N/A,N/A,N/A,75,73,79,77,82,78,68,72,85,78,84,77,63,70,75,84,84,82,78,84,75,79,75,65,82
1583,Santtu,Kinnunen,Santtu Kinnunen,UFA,,,0,0,0,0,0,0,0,0,0,0,0,0,0,0,0,NL,SCL Tigers,72,03/25/1999,27,RD/LD,75,"6'3""",154,27,Right,Defensive Defenseman,2018,7,207,80,72,77,75,83,73,70,72,85,74,85,76,50,85,84,84,84,83,83,84,83,83,85,70,83
1584,Hannes,Björninen,Hannes Björninen,UFA,,,0,0,0,0,0,0,0,0,0,0,0,0,0,0,0,NL,SCL Tigers,70,10/19/1995,11,C,73,"6'1""",190,30,Left,2 Way Forward,N/A,N/A,N/A,76,74,78,74,76,76,74,73,81,73,79,78,80,78,80,80,82,79,84,81,82,79,86,66,81
1585,Andre,Petersson,Andre Petersson,UFA,,,0,0,0,0,0,0,0,0,0,0,0,0,0,0,0,NL,SCL Tigers,70,09/11/1990,20,RW,70,"5'10""",179,35,Right,Sniper,2008,4,109,79,74,79,76,75,78,79,77,84,77,84,72,62,71,73,84,83,75,79,84,79,74,79,65,77
1586,Denis,Malgin,Denis Malgin,Baltimore Oceanics,2,"$1,000,000",0,0,0,20,20,40,7,30,37,5,11,16,32,61,93,NL,ZSC Lions,78,01/18/1997,62,RW/C,69,"5'9""",182,29,Right,Playmaker,2015,4,102,85,84,84,79,88,84,80,80,83,81,85,83,73,75,78,86,85,80,84,88,75,75,83,65,80
1587,Juho,Lammikko,Juho Lammikko,UFA,,,0,0,0,0,0,0,0,0,0,0,0,0,0,0,0,NL,ZSC Lions,75,01/29/1996,83,C/LW,74,"6'2""",191,30,Left,2 Way Forward,2014,3,65,81,80,79,78,80,80,75,79,85,79,85,80,73,77,80,85,83,84,83,85,79,76,81,70,84
1588,Jesper,Frödén,Jesper Frödén,UFA,,,0,0,0,0,0,0,0,0,0,0,0,0,0,0,0,NL,ZSC Lions,75,09/21/1994,28,RW,70,"5'10""",176,31,Right,2 Way Forward,N/A,N/A,N/A,81,83,81,82,79,82,75,79,84,81,84,81,66,76,79,82,83,81,75,83,76,75,79,66,82
1589,Dean,Kukan,Dean Kukan,UFA,,,0,0,0,6,20,26,0,0,0,0,0,0,6,20,26,NL,ZSC Lions,74,07/08/1993,46,RD,74,"6'2""",192,33,Left,2 Way Defender,N/A,N/A,N/A,79,80,77,80,90,78,75,80,86,76,80,80,55,78,78,84,86,80,85,86,81,75,89,65,81
1590,Mikko,Lehtonen,Mikko Lehtonen,UFA,,,0,0,0,0,0,0,0,0,0,0,0,0,0,0,0,NL,ZSC Lions,74,01/16/1994,44,LD/RD,72,"6'0""",196,32,Left,2 Way Defender,N/A,N/A,N/A,80,86,84,82,70,80,86,86,82,86,84,78,50,78,80,82,82,80,78,84,76,78,78,70,83
1591,Rudolfs,Balcers,Rudolfs Balcers,UFA,,,18,11,29,14,27,41,0,0,0,0,0,0,32,38,70,NL,ZSC Lions,74,04/08/1997,38,LW/RW,71,"5'11""",182,29,Left,Sniper,2015,5,142,85,83,80,79,85,75,80,79,85,80,84,78,65,70,81,86,82,80,85,86,80,77,85,65,84
1592,Derek,Grant,Derek Grant,UFA,,,0,0,0,15,27,42,9,21,30,0,0,0,24,48,72,NL,ZSC Lions,74,04/20/1990,27,C/LW,75,"6'3""",210,36,Left,2 Way Forward,2008,4,119,76,78,79,80,85,80,80,82,85,80,84,78,81,81,82,84,80,81,84,84,80,82,87,70,82
1593,Pontus,Aberg,Pontus Aberg,UFA,,,5,10,15,10,17,27,0,0,0,0,0,0,15,27,42,NL,ZSC Lions,72,09/23/1993,49,LW/RW,72,"6'0""",194,32,Right,Sniper,2012,2,37,81,80,80,80,85,74,75,80,84,80,84,72,65,70,77,84,84,80,85,84,74,74,86,65,82
1594,Graham,Knott,Graham Knott,UFA,,,0,0,0,0,0,0,0,0,0,0,0,0,0,0,0,IHL,Black Wings Linz,73,01/13/1997,49,LW/C,75,"6'3""",192,29,Left,Power Forward,2015,2,54,75,75,74,74,75,78,70,77,85,77,84,70,70,75,70,85,81,82,80,84,85,82,82,80,83
1595,Logan,Roe,Logan Roe,UFA,,,0,0,0,0,0,0,0,0,0,0,0,0,0,0,0,IHL,Black Wings Linz,70,12/29/1991,47,LD/RD,76,"6'4""",205,34,Left,2 Way Defender,N/A,N/A,N/A,64,68,75,74,70,76,70,73,84,60,82,80,53,77,76,80,80,73,75,82,74,76,85,63,70
1596,Brandon,Coe,Brandon Coe,UFA,,,0,0,0,0,0,0,0,0,0,0,0,0,0,0,0,IHL,EC Red Bull Salzburg,72,12/01/2001,44,RW,76,"6'4""",188,24,Right,Power Forward,2020,4,98,77,77,72,72,80,71,70,71,87,73,87,69,60,71,83,81,81,85,80,81,85,83,85,80,85
1597,Michael,Raffl,Michael Raffl,UFA,,,0,0,0,0,0,0,0,0,0,0,0,0,0,0,0,IHL,EC Red Bull Salzburg,71,12/01/1988,12,LW/RW,72,"6'0""",205,37,Left,2 Way Forward,N/A,N/A,N/A,74,79,83,77,75,76,77,73,80,77,85,74,79,83,85,79,79,86,80,82,84,85,85,80,86
1598,Devante,Stephens,Devante Stephens,UFA,,,0,0,0,0,0,0,0,0,0,0,0,0,0,0,0,IHL,EC Red Bull Salzburg,70,01/02/1997,23,LD/RD,75,"6'3""",191,29,Left,Defensive Defenseman,2015,5,122,70,67,70,68,75,67,70,63,85,63,85,71,50,83,83,81,80,88,80,81,90,86,85,80,88
1599,Thomas,Raffl,Thomas Raffl,UFA,,,0,0,0,0,0,0,0,0,0,0,0,0,0,0,0,IHL,EC Red Bull Salzburg,70,06/19/1986,5,LW,76,"6'4""",234,40,Left,Power Forward,N/A,N/A,N/A,71,72,72,73,75,71,70,74,80,74,84,74,60,70,79,80,80,86,83,78,85,83,85,75,80
1600,Cole,Krygier,Cole Krygier,UFA,,,0,0,0,0,0,0,0,0,0,0,0,0,0,0,0,IHL,EC Red Bull Salzburg,70,05/05/2000,6,LD,75,"6'3""",192,26,Left,Defensive Defenseman,2018,7,201,73,68,73,71,77,69,70,63,86,64,85,74,50,82,82,81,81,84,84,81,84,82,85,75,85
1601,Nikita,Scherbak,Nikita Scherbak,UFA,,,0,0,0,0,0,0,0,0,0,0,0,0,0,0,0,IHL,EC IDM Wärmepumpen VSV,76,12/30/1995,22,RW,74,"6'2""",192,30,Left,Playmaker,2014,1,26,85,83,82,83,80,80,70,80,86,81,85,75,65,70,81,86,85,82,82,86,70,70,80,67,82
1602,John,Hughes,John Hughes,UFA,,,0,0,0,0,0,0,0,0,0,0,0,0,0,0,0,IHL,EC IDM Wärmepumpen VSV,72,01/06/1988,72,C,71,"5'11""",165,38,Right,Playmaker,N/A,N/A,N/A,82,75,81,78,62,83,79,76,75,82,79,73,72,66,70,78,82,75,79,81,69,66,81,64,76
1603,Adam,Helewka,Adam Helewka,UFA,,,0,0,0,0,0,0,0,0,0,0,0,0,0,0,0,IHL,EC IDM Wärmepumpen VSV,72,07/21/1995,13,LW,74,"6'2""",205,31,Left,2 Way Forward,2015,4,106,72,78,78,77,80,79,75,77,83,77,83,79,60,73,78,84,85,79,81,82,80,80,80,65,79
1604,Josh,Teves,Josh Teves,UFA,,,0,0,0,0,0,0,0,0,0,0,0,0,0,0,0,IHL,EC-KAC,71,02/18/1995,4,LD,72,"6'0""",170,31,Left,2 Way Defender,N/A,N/A,N/A,80,71,74,74,83,70,70,70,85,71,85,77,60,84,83,85,85,83,83,85,83,83,85,70,83
1605,Nick,Petersen,Nick Petersen,UFA,,,0,0,0,0,0,0,0,0,0,0,0,0,0,0,0,IHL,EC-KAC,70,05/27/1989,8,RW,74,"6'2""",192,37,Right,2 Way Forward,2009,4,121,69,81,76,78,68,82,79,74,77,77,82,78,75,68,70,79,80,84,82,79,78,78,58,75,83
1606,Brady,Shaw,Brady Shaw,UFA,,,0,0,0,0,0,0,0,0,0,0,0,0,0,0,0,IHL,FTC-Telekom,72,10/02/1992,12,RW,73,"6'1""",201,33,Left,2 Way Forward,N/A,N/A,N/A,72,78,78,77,80,79,75,77,83,77,83,79,60,73,78,84,85,79,81,82,80,80,80,65,79
1607,Topi,Rönni,Topi Rönni,UFA,,,0,0,0,0,0,0,0,0,0,0,0,0,0,0,0,IHL,FTC-Telekom,70,05/05/2004,11,C,74,"6'2""",181,22,Left,Power Forward,2022,2,59,70,70,71,71,75,70,70,71,87,72,85,68,60,70,80,82,82,84,83,82,80,80,85,75,84
1608,Tyler,Coulter,Tyler Coulter,UFA,,,0,0,0,0,0,0,0,0,0,0,0,0,0,0,0,IHL,FTC-Telekom,70,09/10/1996,21,LW,72,"6'0""",201,29,Left,2 Way Forward,N/A,N/A,N/A,76,78,77,79,77,76,75,78,83,78,83,76,65,75,79,81,81,77,75,83,73,78,75,70,78
1609,Austin,Rueschhoff,Austin Rueschhoff,UFA,,,0,0,0,0,0,0,0,0,0,0,0,0,0,0,0,IHL,HC Falkensteiner Pustertal Wölfe,72,09/09/1997,4,RW,79,"6'7""",230,28,Right,Power Forward,N/A,N/A,N/A,80,76,71,71,85,72,70,70,87,72,86,70,65,72,81,80,80,78,80,80,87,85,85,80,88
1610,Jonathon,Blum,Jonathon Blum,UFA,,,0,0,0,0,0,0,0,0,0,0,0,0,0,0,0,IHL,HC Falkensteiner Pustertal Wölfe,72,01/30/1989,24,RD/LD,73,"6'1""",187,37,Right,Offensive Defenseman,2007,1,23,80,78,84,78,80,82,70,76,80,78,80,75,50,76,77,80,83,79,80,81,72,75,80,70,80
1611,Cole,Bardreau,Cole Bardreau,UFA,,,0,0,0,0,0,0,0,0,0,0,0,0,0,0,0,IHL,HC Falkensteiner Pustertal Wölfe,71,07/22/1993,10,C,72,"6'0""",186,33,Right,Playmaker,N/A,N/A,N/A,85,83,78,76,90,74,70,74,85,74,85,74,75,70,80,85,85,83,82,85,80,78,80,65,83
1612,Steven,Owre,Steven Owre,UFA,,,0,0,0,0,0,0,0,0,0,0,0,0,0,0,0,IHL,"HC TWK Innsbruck ""Die Haie""",72,06/21/1996,96,C,71,"5'11""",165,30,Right,2 Way Forward,N/A,N/A,N/A,78,78,78,79,95,82,76,77,85,78,86,80,72,65,70,82,82,78,73,84,68,68,85,63,75
1613,Cole,Schneider,Cole Schneider,UFA,,,0,0,0,0,0,0,0,0,0,0,0,0,0,0,0,IHL,HCB Sudtirol Alperia,71,08/26/1990,24,RW/LW,73,"6'1""",201,36,Left,2 Way Forward,N/A,N/A,N/A,81,80,78,79,75,76,70,76,86,77,85,76,65,78,82,81,81,86,83,81,85,83,80,75,85
1614,János,Hári,János Hári,UFA,,,0,0,0,0,0,0,0,0,0,0,0,0,0,0,0,IHL,Hydro Fehérvár AV19,70,05/03/1992,16,RW,69,"5'9""",170,34,Left,Playmaker,N/A,N/A,N/A,72,74,80,78,74,81,72,73,80,74,80,76,69,64,70,77,76,78,75,78,72,73,74,66,81
1615,Nick,Swaney,Nick Swaney,UFA,,,0,0,0,0,0,0,0,0,0,0,0,0,0,0,0,IHL,Moser Medical Graz 99ers,73,09/09/1997,55,RW,70,"5'10""",178,28,Right,Sniper,2017,7,209,82,78,78,78,85,74,70,80,87,81,87,72,60,74,82,87,87,80,82,86,74,77,85,65,80
1616,Nick,Bailen,Nick Bailen,UFA,,,0,0,0,0,0,0,0,0,0,0,0,0,0,0,0,IHL,Moser Medical Graz 99ers,73,12/12/1989,7,RD/LD,69,"5'9""",185,36,Right,Offensive Defenseman,N/A,N/A,N/A,79,78,81,81,80,83,80,80,80,79,82,78,65,75,75,80,82,79,80,85,75,76,78,71,74
1617,Kevin,Roy,Kevin Roy,UFA,,,0,0,0,0,0,0,0,0,0,0,0,0,0,0,0,IHL,Moser Medical Graz 99ers,71,05/20/1993,23,LW/RW,69,"5'9""",172,33,Left,Playmaker,2012,4,97,80,79,79,77,95,78,70,79,84,79,83,70,70,67,79,83,82,80,80,83,70,74,80,60,80
1618,Zach,Boychuk,Zach Boychuk,UFA,,,0,0,0,0,0,0,0,0,0,0,0,0,0,0,0,IHL,Olimpija Ljubljana,72,10/04/1989,89,LW,70,"5'10""",185,36,Left,2 Way Forward,2008,1,14,82,79,78,80,75,80,75,78,84,79,84,78,74,75,78,82,79,80,80,85,80,77,80,75,80
1619,T.J.,Brennan,T.J. Brennan,UFA,,,0,0,0,0,0,0,0,0,0,0,0,0,0,0,0,IHL,Olimpija Ljubljana,72,04/03/1989,43,LD/RD,73,"6'1""",216,37,Left,2 Way Defender,2007,2,31,79,80,83,79,71,80,76,75,79,78,79,79,73,79,76,80,81,82,80,79,78,79,80,70,78
1620,Robert,Sabolic,Robert Sabolic,UFA,,,0,0,0,0,0,0,0,0,0,0,0,0,0,0,0,IHL,Olimpija Ljubljana,71,09/18/1988,55,LW,72,"6'0""",198,37,Left,Power Forward,N/A,N/A,N/A,76,78,79,75,78,74,77,75,81,75,82,73,65,78,75,80,81,80,82,83,77,78,80,77,81
1621,Clayton,Kirichenko,Clayton Kirichenko,UFA,,,0,0,0,0,0,0,0,0,0,0,0,0,0,0,0,IHL,Olimpija Ljubljana,70,02/28/1996,60,RD/LD,72,"6'0""",194,30,Right,Offensive Defenseman,N/A,N/A,N/A,64,70,78,72,77,81,79,75,84,74,84,76,55,74,75,78,79,75,79,80,73,72,75,70,74
1622,Nelson,Nogier,Nelson Nogier,UFA,,,0,0,0,0,0,0,0,0,0,0,0,0,0,0,0,IHL,Vienna Capitals,76,05/27/1996,8,RD/LD,75,"6'3""",207,30,Right,Defensive Defenseman,2014,4,101,73,72,76,77,75,73,70,71,85,71,85,78,55,87,85,85,85,87,83,85,87,87,85,80,87
1623,Linden,Vey,Linden Vey,UFA,,,0,0,0,0,0,0,0,0,0,0,0,0,0,0,0,IHL,Vienna Capitals,74,07/17/1991,19,C,72,"6'0""",189,35,Right,Playmaker,2009,4,96,81,82,80,80,81,80,75,80,82,81,82,77,73,77,83,80,82,80,79,85,78,79,78,65,80
1624,Mitch,Hults,Mitch Hults,UFA,,,0,0,0,0,0,0,0,0,0,0,0,0,0,0,0,IHL,Vienna Capitals,74,11/13/1994,62,C,74,"6'2""",207,31,Left,Power Forward,N/A,N/A,N/A,75,78,77,73,75,76,70,73,85,73,85,74,77,70,80,82,82,85,83,82,85,85,85,80,85
1625,Jeremy,Gregoire,Jeremy Gregoire,UFA,,,0,0,0,0,0,0,0,0,0,0,0,0,0,0,0,IHL,Vienna Capitals,74,09/05/1995,25,RW,72,"6'0""",194,31,Right,Grinder,2013,6,176,74,74,73,74,70,70,70,74,86,75,86,72,65,81,83,83,82,85,81,83,89,88,85,80,84
1626,Randy,Gazzola,Randy Gazzola,UFA,,,0,0,0,0,0,0,0,0,0,0,0,0,0,0,0,IHL,Vienna Capitals,72,09/13/1993,13,RD/LD,75,"6'3""",201,32,Right,Offensive Defenseman,N/A,N/A,N/A,77,78,82,78,80,79,78,79,80,79,83,80,53,77,73,80,82,77,79,80,76,76,75,68,80
1627,Nicolas,Deschamps,Nicolas Deschamps,UFA,,,0,0,0,0,0,0,0,0,0,0,0,0,0,0,0,CHL,Grenoble Brûleurs De Loups,71,01/06/1990,92,LW,73,"6'1""",205,36,Left,2 Way Forward,2008,2,35,77,75,76,76,75,76,70,75,83,75,83,77,60,80,81,83,83,85,80,83,83,83,80,75,85
1628,Sacha,Treille,Sacha Treille,UFA,,,0,0,0,0,0,0,0,0,0,0,0,0,0,0,0,CHL,Grenoble Brûleurs De Loups,70,11/06/1987,77,LW,76,"6'4""",220,38,Left,Power Forward,N/A,N/A,N/A,78,78,77,79,71,75,70,71,77,70,75,72,72,72,78,80,76,81,75,80,82,76,77,75,83
1629,Andreas,Martinsen,Andreas Martinsen,UFA,,,0,0,0,0,0,0,0,0,0,0,0,0,0,0,0,CHL,Storhamar Hamar,76,06/13/1990,27,C,75,"6'3""",220,36,Left,Grinder,N/A,N/A,N/A,74,76,76,76,70,72,70,77,87,80,87,80,65,74,85,80,81,90,81,80,82,85,88,80,88
1630,Marcus,Nilsson,Marcus Nilsson,UFA,,,0,0,0,0,0,0,0,0,0,0,0,0,0,0,0,HAS,IF Björklöven,72,05/18/1991,10,RW,67,"5'7""",174,35,Left,Playmaker,N/A,N/A,N/A,80,77,80,78,76,81,80,75,85,75,83,72,63,71,69,86,84,74,83,85,75,72,86,65,71
1631,Marcus,Björk,Marcus Björk,Seattle Dragons,2,"$900,000",0,0,0,0,0,0,4,13,17,1,5,6,5,18,23,HAS,IF Björklöven,72,11/24/1997,47,RD/LD,76,"6'4""",211,28,Right,2 Way Defender,N/A,N/A,N/A,78,75,77,76,72,76,70,74,83,75,83,77,60,82,82,78,83,83,82,81,81,83,82,72,84
1632,Fredrik,Forsberg,Fredrik Forsberg,UFA,,,0,0,0,0,0,0,0,0,0,0,0,0,0,0,0,HAS,IF Björklöven,70,12/12/1996,56,RW,72,"6'0""",185,29,Right,2 Way Forward,N/A,N/A,N/A,83,80,77,81,77,81,80,79,87,80,88,72,61,68,70,88,87,77,84,89,76,71,86,66,76
1633,David,Rundblad,David Rundblad,UFA,,,0,0,0,0,0,0,0,0,0,0,0,0,0,0,0,HAS,Modo,73,10/08/1990,2,RD/LD,74,"6'2""",187,35,Right,2 Way Defender,2009,1,17,82,81,81,80,87,75,75,75,85,76,84,78,55,82,82,82,83,83,83,82,80,82,82,73,84
1634,Victor,Berglund,Victor Berglund,UFA,,,0,0,0,0,0,0,0,0,0,0,0,0,0,0,0,HAS,Modo,72,08/02/1999,51,RD,73,"6'1""",183,27,Right,2 Way Defender,2017,7,195,76,76,75,77,85,74,70,71,85,71,85,76,53,85,83,84,84,85,75,84,85,85,80,80,85
1635,Jesper,Olofsson,Jesper Olofsson,UFA,,,0,0,0,0,0,0,0,0,0,0,0,0,0,0,0,HAS,Modo,71,04/07/1992,92,RW,71,"5'11""",192,34,Left,2 Way Forward,N/A,N/A,N/A,79,81,81,79,70,77,79,78,82,82,84,75,50,78,75,82,80,79,78,84,76,78,78,70,80
1636,Gerry,Fitzgerald,Gerry Fitzgerald,UFA,,,0,0,0,0,0,0,0,0,0,0,0,0,0,0,0,HAS,Modo,70,08/26/1993,10,C,69,"5'9""",181,33,Right,Sniper,N/A,N/A,N/A,77,77,77,77,72,79,78,77,85,75,84,77,76,68,72,84,82,74,78,84,82,79,80,65,75
1637,A.J.,Vanderbeck,A.J. Vanderbeck,UFA,,,0,0,0,0,0,0,0,0,0,0,0,0,0,0,0,HAS,Södertälje,70,09/23/1997,91,RW,71,"5'11""",185,28,Right,Sniper,N/A,N/A,N/A,78,79,75,78,74,75,80,78,84,79,85,68,63,69,71,84,86,76,81,84,75,71,85,65,73
1638,Sebastian,Dyk,Sebastian Dyk,UFA,,,0,0,0,0,0,0,0,0,0,0,0,0,0,0,0,HAS,Södertälje,70,09/24/1992,45,C,72,"6'0""",181,33,Right,Sniper,N/A,N/A,N/A,80,78,78,79,78,78,78,79,86,76,84,70,61,76,68,85,84,76,75,85,79,72,83,62,75
1639,Emil,Hemming,Emil Hemming,UFA,,,0,0,0,0,0,0,0,0,0,0,0,0,0,0,0,OHL,Barrie Colts,70,06/27/2006,28,RW/C,73,"6'1""",205,20,Right,2 Way Forward,2024,1,29,76,76,76,76,80,77,70,74,85,78,83,77,65,68,79,83,83,80,75,83,75,75,85,70,78
1640,Jett,Luchanko,Jett Luchanko,Indianapolis Ghosts,2,"$900,000",0,0,0,0,0,0,0,0,0,0,0,0,0,0,0,OHL,Brantford Bulldogs,75,08/21/2006,17,C/RW,71,"5'11""",180,20,Right,Playmaker,2024,1,13,82,81,82,81,80,83,75,76,85,78,85,78,68,72,78,85,85,75,75,85,75,70,85,65,74
1641,Adam,Jiricek,Adam Jiricek,Washington Admirals,2,"$925,000",0,0,0,0,0,0,0,0,0,0,0,0,0,0,0,OHL,Brantford Bulldogs,72,06/28/2006,5,RD,75,"6'3""",178,20,Right,2 Way Defender,2024,1,16,74,73,79,75,75,78,70,74,86,75,86,79,60,76,77,84,81,78,73,84,75,74,80,68,78
1642,Caleb,Malhotra,Caleb Malhotra,Las Vegas Vipers,3,"$3,000,000",0,0,0,0,0,0,0,0,0,0,0,0,0,0,0,OHL,Brantford Bulldogs,71,06/02/2008,27,C,73,"6'1""",175,18,Left,2 Way Forward,N/A,N/A,N/A,79,78,78,78,80,80,75,77,86,77,85,76,75,69,78,84,84,77,75,84,73,72,85,65,78
1643,Ben,Danford,Ben Danford,UFA,,,0,0,0,0,0,0,0,0,0,0,0,0,0,0,0,OHL,Brantford Bulldogs,70,02/06/2006,77,RD/LD,74,"6'2""",200,20,Right,2 Way Defender,2024,1,31,72,71,75,75,80,78,70,69,85,70,83,79,50,78,77,81,82,75,75,82,70,70,85,70,70
1644,Ryan,Roobroeck,Ryan Roobroeck,Las Vegas Vipers,3,"$1,500,000",0,0,0,0,0,0,0,0,0,0,0,0,0,0,0,OHL,Niagara Ice Dogs,70,09/25/2007,25,LW,76,"6'4""",215,18,Left,2 Way Forward,N/A,N/A,N/A,78,77,78,79,80,80,80,75,86,77,85,75,60,72,78,83,83,78,72,83,70,74,80,68,77
1645,Brady,Martin,Brady Martin,Seattle Dragons,2,"$1,000,000",0,0,0,0,0,0,0,0,0,0,0,0,0,0,0,OHL,Soo Greyhounds,75,03/16/2007,44,LW,72,"6'0""",185,19,Right,2 Way Forward,2025,1,5,81,80,78,78,70,82,78,75,86,76,85,80,69,76,76,86,85,83,74,87,85,80,85,65,85
1646,Chase,Reid,Chase Reid,Las Vegas Vipers,3,"$5,000,000",0,0,0,0,0,0,0,0,0,0,0,0,0,0,0,OHL,Soo Greyhounds,74,12/30/2007,25,RD,74,"6'2""",187,18,Right,Offensive Defenseman,N/A,N/A,N/A,78,76,80,76,71,81,80,76,83,77,84,81,50,72,77,84,82,75,77,85,78,75,78,68,77
1647,Ethan,Belchetz,Ethan Belchetz,Jacksonville Blood Hounds,3,"$3,000,000",0,0,0,0,0,0,0,0,0,0,0,0,0,0,0,OHL,Windsor Spitfires,72,03/30/2008,61,LW,77,"6'5""",226,18,Left,Power Forward,N/A,N/A,N/A,75,76,75,75,75,77,75,75,85,77,85,76,65,70,78,82,82,83,80,82,80,78,80,75,83
1648,Ivan,Ryabkin,Ivan Ryabkin,Jacksonville Blood Hounds,3,"$1,500,000",0,0,0,0,0,0,0,0,0,0,0,0,0,0,0,QMJHL,Charlottetown Islanders,72,04/25/2007,18,C/LW,71,"5'11""",205,19,Left,Playmaker,2025,2,62,85,80,81,80,80,80,70,80,87,81,86,70,60,65,74,83,83,70,73,83,68,68,85,55,72
1649,Caleb,Desnoyers,Caleb Desnoyers,New Orleans Whalers,1,"$7,000,000",0,0,0,0,0,0,0,0,0,0,0,0,0,0,0,QMJHL,Moncton Wildcats,75,04/11/2007,18,C,74,"6'2""",173,19,Left,Playmaker,2025,1,4,83,82,82,82,80,85,75,74,84,78,84,77,70,65,78,84,85,75,75,84,70,70,85,65,74
1651,Carter,Bear,Carter Bear,Atlanta Cobalts,2,"$900,000",0,0,0,0,0,0,0,0,0,0,0,0,0,0,0,WHL,Everett Silvertips,70,11/04/2006,11,C/LW,72,"6'0""",177,19,Left,2 Way Forward,2025,1,13,79,79,82,79,80,80,65,79,83,80,83,76,73,72,72,81,84,78,75,85,74,70,85,60,71
1652,Harrison,Brunicke,Harrison Brunicke,Long Island Blizzard,5,"$1,000,000",0,0,0,0,0,0,0,0,0,0,0,0,0,0,0,WHL,Kamloops Blazers,78,05/08/2006,18,RD/LD,75,"6'3""",201,20,Right,2 Way Defender,2024,2,44,77,78,78,78,71,79,80,77,86,78,86,84,55,78,82,84,84,84,77,85,80,75,77,75,84
1653,Tij,Iginla,Tij Iginla,New Orleans Whalers,1,"$7,000,000",0,0,0,0,0,0,0,0,0,0,0,0,0,0,0,WHL,Kelowna Rockets,74,08/04/2006,11,C,73,"6'1""",195,20,Left,Sniper,2024,1,6,77,75,76,79,72,84,80,78,84,79,86,79,64,70,74,84,83,80,72,85,75,73,76,70,77
1654,Vojtech,Cihar,Vojtech Cihar,UFA,,,0,0,0,0,0,0,0,0,0,0,0,0,0,0,0,WHL,Kelowna Rockets,70,03/29/2007,92,LW,73,"6'1""",187,19,Left,2 Way Forward,2025,2,59,78,79,78,78,75,76,75,74,84,77,84,76,73,68,75,83,83,82,75,83,75,75,85,75,78
1655,Braeden,Cootes,Braeden Cootes,Cincinnati Thunderbolts,2,"$900,000",0,0,0,0,0,0,0,0,0,0,0,0,0,0,0,WHL,Prince Albert Raiders,73,02/09/2007,18,C,71,"5'11""",183,19,Right,2 Way Forward,2025,1,15,79,78,78,78,74,79,75,75,86,77,86,79,69,78,78,86,85,78,80,86,80,75,82,68,82
1656,Daxon,Rudolph,Daxon Rudolph,Cincinnati Thunderbolts,3,"$2,000,000",0,0,0,0,0,0,0,0,0,0,0,0,0,0,0,WHL,Prince Albert Raiders,70,03/06/2008,10,RD/LD,74,"6'2""",202,18,Right,2 Way Defender,N/A,N/A,N/A,77,75,75,76,71,74,77,72,84,73,84,78,50,73,77,84,83,77,70,84,77,74,79,65,76
1657,Radim,Mrtka,Radim Mrtka,Long Island Blizzard,2,"$900,000",0,0,0,0,0,0,0,0,0,0,0,0,0,0,0,WHL,Seattle Thunderbirds,70,06/09/2007,21,RD,78,"6'6""",216,19,Right,2 Way Defender,2025,1,9,71,70,70,70,85,67,70,65,86,67,85,80,50,75,78,81,81,80,70,82,74,74,85,65,80
1658,Ryan,Lin,Ryan Lin,Las Vegas Vipers,3,"$3,000,000",0,0,0,0,0,0,0,0,0,0,0,0,0,0,0,WHL,Vancouver Giants,71,04/18/2008,4,RD,72,"6'0""",175,18,Right,Offensive Defenseman,N/A,N/A,N/A,78,73,78,78,78,79,74,74,83,69,79,79,50,74,75,83,83,75,81,84,75,72,84,64,73
1659,Jeff,Skinner,Jeff Skinner,Las Vegas Vipers,4,"$2,000,000",0,0,0,22,37,59,22,30,52,21,24,45,65,91,156,UFA,Not Applicable,81,05/16/1992,53,LW/RW,71,"5'11""",200,34,Left,Sniper,2010,1,7,83,82,82,82,82,85,85,84,90,86,89,80,67,79,80,85,84,84,80,84,81,83,82,65,85
1660,Robert,Bortuzzo,Robert Bortuzzo,Kansas City Metrostars,3,"$2,000,000",0,0,0,5,5,10,8,10,18,9,23,32,22,38,60,UFA,Not Applicable,81,03/18/1989,41,RD,76,"6'4""",216,37,Right,Defensive Defenseman,2007,3,78,74,72,79,79,70,76,80,70,87,72,87,85,55,88,88,82,82,88,85,83,88,88,75,83,89
1661,Jon,Merrill,Jon Merrill,Lincoln Lumberjacks,1,"$1,500,000",1,15,16,5,10,15,2,17,19,8,22,30,16,64,80,UFA,Not Applicable,80,02/03/1992,15,LD,75,"6'3""",204,34,Left,Defensive Defenseman,2010,2,38,75,75,83,80,80,80,80,76,86,77,85,85,60,86,86,83,83,87,85,83,85,85,88,75,87
1662,Matt,Nieto,Matt Nieto,Portland Sea Lions,4,"$1,500,000",0,0,0,14,24,38,10,18,28,5,19,24,29,61,90,UFA,Not Applicable,80,11/05/1992,26,LW/RW,71,"5'11""",187,33,Left,2 Way Forward,2011,2,47,85,83,84,84,85,84,80,83,86,83,86,83,60,80,85,87,87,86,83,88,83,83,83,70,86
1663,Craig,Smith,Craig Smith,Arizona Heat,1,"$1,500,000",0,0,0,21,29,50,14,7,21,7,21,28,42,57,99,UFA,Not Applicable,80,09/05/1989,26,RW,73,"6'1""",203,37,Right,2 Way Forward,2009,4,98,83,83,83,83,82,83,80,82,87,82,87,84,71,82,84,85,85,86,85,85,85,85,85,70,86
1664,T.J.,Brodie,T.J. Brodie,Brooklyn Bulldogs,1,"$1,500,000",4,17,21,7,26,33,6,11,17,8,19,27,25,73,98,UFA,Not Applicable,80,06/07/1990,26,RD/LD,74,"6'2""",187,36,Left,2 Way Defender,2008,4,114,85,80,84,83,80,80,85,78,86,79,86,84,55,87,86,84,85,85,87,85,84,81,85,70,85
1665,Ryan,Suter,Ryan Suter,Tennessee Wolverines,2,"$1,500,000",2,18,20,11,37,48,5,14,19,3,13,16,21,82,103,UFA,Not Applicable,80,01/21/1985,20,LD,73,"6'1""",201,41,Left,2 Way Defender,2003,1,7,78,77,81,80,84,77,85,76,87,77,87,84,55,88,87,83,82,88,88,83,84,85,80,75,88
1666,Jack,Johnson,Jack Johnson,New York Steamrollers,1,"$1,500,000",0,0,0,7,20,27,5,11,16,4,16,20,16,47,63,UFA,Not Applicable,80,01/13/1987,3,LD,73,"6'1""",227,39,Left,Defensive Defenseman,2005,1,3,75,74,80,77,75,79,80,74,87,75,87,85,55,87,86,83,83,87,85,83,85,85,80,75,87
1667,Marc-Edouard,Vlasic,Marc-Edouard Vlasic,Nevada Archers,4,"$1,500,000",0,0,0,5,6,11,5,8,13,1,8,9,11,22,33,UFA,Not Applicable,80,03/30/1987,26,LD/RD,73,"6'1""",205,39,Left,Defensive Defenseman,2005,2,35,79,77,84,81,85,81,85,77,86,77,86,86,55,87,88,83,83,85,87,83,84,85,75,75,85
1668,Trevor,Lewis,Trevor Lewis,Fort Worth Defenders,1,"$6,000,000",0,0,0,14,18,32,10,9,19,10,12,22,34,39,73,UFA,Not Applicable,79,01/08/1987,26,C/RW,73,"6'1""",205,39,Right,2 Way Forward,2006,1,17,83,82,81,80,87,80,80,80,86,81,85,85,80,85,85,87,85,85,83,87,85,85,80,70,85
1669,Matt,Dumba,Matt Dumba,Seattle Dragons,1,"$900,000",4,17,21,7,29,36,8,15,23,2,8,10,21,69,90,UFA,Not Applicable,79,07/25/1994,24,RD,72,"6'0""",191,32,Right,2 Way Defender,2012,1,7,81,79,81,80,81,81,80,82,89,83,89,85,55,81,80,81,81,81,81,86,79,81,81,65,85
1670,Brock,McGinn,Brock McGinn,Philadelphia Destroyers,1,"$1,250,000",0,0,0,15,23,38,7,14,21,8,23,31,30,60,90,UFA,Not Applicable,79,02/02/1994,23,LW/RW,72,"6'0""",187,32,Left,2 Way Forward,2012,2,47,83,82,82,82,80,82,80,82,85,83,85,83,67,82,84,85,85,85,85,85,85,85,85,75,85
1671,Andreas,Athanasiou,Andreas Athanasiou,Nevada Archers,1,"$1,000,000",25,17,42,20,28,48,7,12,19,5,14,19,57,71,128,UFA,Not Applicable,78,08/06/1994,26,C/LW,74,"6'2""",190,32,Left,Sniper,2012,4,110,83,83,81,81,85,79,80,81,88,82,88,76,72,80,79,90,87,87,83,91,83,83,85,70,87
1672,Grigori,Denisenko,Grigori Denisenko,Portland Sea Lions,1,"$1,000,000",0,0,0,9,17,26,0,0,0,0,0,0,9,17,26,UFA,Not Applicable,77,06/24/2000,26,LW/RW,71,"5'11""",196,26,Right,Playmaker,2018,1,15,87,85,82,83,85,79,75,85,87,84,87,75,60,70,80,87,87,83,80,87,80,75,85,65,83
1673,Christian,Jaros,Christian Jaros,New York Steamrollers,1,"$3,000,000",0,0,0,3,7,10,0,0,0,0,0,0,3,7,10,UFA,Not Applicable,76,04/02/1996,83,RD,75,"6'3""",220,30,Right,Defensive Defenseman,2015,5,139,75,74,79,77,75,74,75,76,87,77,87,79,55,87,85,83,83,87,85,84,84,85,83,75,87
1674,Travis,Dermott,Travis Dermott,UFA,,,2,9,11,2,15,17,5,13,18,2,9,11,11,46,57,UFA,Not Applicable,76,12/22/1996,44,LD/RD,72,"6'0""",202,29,Left,2 Way Defender,2015,2,34,80,78,80,81,84,80,80,82,87,80,87,82,55,81,80,80,78,81,79,80,80,82,78,70,84
1675,Chase,De Leo,Chase De Leo,UFA,,,0,0,0,0,0,0,0,0,0,0,0,0,0,0,0,UFA,Not Applicable,75,10/25/1995,9,C,69,"5'9""",186,30,Left,Playmaker,2014,4,99,84,81,81,82,87,75,70,82,85,82,85,73,75,73,79,88,88,82,83,87,75,75,85,67,82
1676,Nick,Moutrey,Nick Moutrey,UFA,,,0,0,0,0,0,0,0,0,0,0,0,0,0,0,0,UFA,Not Applicable,75,06/24/1995,26,C/RW,75,"6'3""",207,31,Left,Grinder,2013,4,105,73,73,73,73,75,73,70,72,87,73,86,73,63,75,85,82,82,87,78,82,87,87,85,75,87
1677,Anders,Bjork,Anders Bjork,UFA,,,0,0,0,11,10,21,0,0,0,0,0,0,11,10,21,UFA,Not Applicable,74,08/05/1996,26,LW,72,"6'0""",190,30,Left,2 Way Forward,2014,5,146,85,83,80,81,85,79,75,78,86,79,85,78,65,78,81,83,83,85,83,84,82,80,85,67,85
1678,Joakim,Ryan,Joakim Ryan,UFA,,,0,0,0,0,0,0,0,0,0,0,0,0,0,0,0,UFA,Not Applicable,74,06/17/1993,47,LD,71,"5'11""",185,33,Left,2 Way Defender,2012,7,198,81,78,78,78,90,74,75,75,85,77,85,80,55,82,83,81,82,82,88,82,80,75,90,67,83
1679,Grant,Hutton,Grant Hutton,New York Steamrollers,1,"$3,000,000",0,0,0,0,0,0,0,0,0,0,0,0,0,0,0,UFA,Not Applicable,74,07/25/1995,7,RD,75,"6'3""",206,31,Right,Defensive Defenseman,N/A,N/A,N/A,71,70,74,70,75,67,70,65,87,67,87,79,60,85,86,80,81,87,84,80,87,85,85,75,87
1680,Brett,Ritchie,Brett Ritchie,UFA,,,0,0,0,10,12,22,0,0,0,0,12,12,10,24,34,UFA,Not Applicable,74,07/01/1993,26,RW,76,"6'4""",215,33,Right,Power Forward,2011,2,44,78,78,78,78,75,75,75,74,85,78,84,72,65,73,80,81,80,86,80,81,80,80,85,80,85
1681,Mason,Jobst,Mason Jobst,UFA,,,0,0,0,0,0,0,0,0,0,0,0,0,0,0,0,UFA,Not Applicable,73,02/17/1994,26,C,68,"5'8""",185,32,Left,Playmaker,N/A,N/A,N/A,85,82,79,78,80,76,70,76,87,78,85,74,75,71,81,85,85,83,83,85,83,80,85,65,83
1682,Carsen,Twarynski,Carsen Twarynski,UFA,,,0,0,0,7,2,9,0,0,0,0,0,0,7,2,9,UFA,Not Applicable,73,11/24/1997,24,LW,74,"6'2""",198,28,Left,2 Way Forward,2016,3,82,80,80,76,77,70,75,70,78,85,79,85,78,65,81,83,83,83,87,83,83,89,87,85,80,87
1683,Alex,Limoges,Alex Limoges,UFA,,,0,0,0,0,0,0,0,0,0,0,0,0,0,0,0,UFA,Not Applicable,73,09/16/1997,12,C/LW,74,"6'2""",201,28,Left,2 Way Forward,N/A,N/A,N/A,83,80,80,80,80,77,70,78,87,81,86,77,75,74,83,84,83,85,83,84,80,80,85,75,86
1684,Tyler,Motte,Tyler Motte,New York Steamrollers,1,"$900,000",0,0,0,17,26,43,14,10,24,5,6,11,36,42,78,UFA,Not Applicable,73,03/10/1995,64,LW/C,70,"5'10""",194,31,Left,Grinder,2013,4,121,79,78,78,78,75,70,70,72,85,75,85,74,70,80,75,84,81,85,83,83,80,80,85,68,85
1685,Milan,Lucic,Milan Lucic,UFA,,,0,0,0,13,17,30,0,0,0,0,0,0,13,17,30,UFA,Not Applicable,73,06/07/1988,27,LW/RW,75,"6'3""",240,38,Left,Power Forward,2006,2,50,71,72,71,71,70,65,70,70,86,70,85,68,60,72,75,76,75,90,75,76,90,90,80,90,90
1686,Max,Willman,Max Willman,UFA,,,0,0,0,0,0,0,0,0,0,0,0,0,0,0,0,UFA,Not Applicable,72,02/13/1995,71,C,72,"6'0""",184,31,Left,2 Way Forward,N/A,N/A,N/A,84,82,78,78,85,76,75,76,86,76,85,76,75,73,81,84,84,84,83,84,83,81,85,67,84
1687,Joel,L'Esperance,Joel L'Esperance,UFA,,,0,0,0,0,0,0,0,0,0,0,0,0,0,0,0,UFA,Not Applicable,72,08/18/1995,26,C,74,"6'2""",210,31,Right,2 Way Forward,N/A,N/A,N/A,80,81,78,79,80,75,75,77,88,78,87,75,75,75,83,83,83,87,83,83,85,85,85,80,87
1688,Will,Lockwood,Will Lockwood,St. Louis Leopards,2,"$1,000,000",0,0,0,0,0,0,0,0,0,0,0,0,0,0,0,UFA,Not Applicable,72,06/20/1998,26,RW,72,"6'0""",178,28,Right,2 Way Forward,2016,3,64,82,79,78,76,80,74,70,75,86,75,85,76,75,80,82,87,86,85,84,87,85,83,85,74,85
1689,Corey,Andonovski,Corey Andonovski,UFA,,,0,0,0,0,0,0,0,0,0,0,0,0,0,0,0,UFA,Not Applicable,72,03/26/1999,26,RW,73,"6'1""",195,27,Right,Grinder,N/A,N/A,N/A,74,74,72,72,70,70,70,70,86,70,86,71,67,78,82,81,81,85,83,82,89,84,85,75,85
1690,Serron,Noel,Serron Noel,UFA,,,1,3,4,9,8,17,0,0,0,0,0,0,10,11,21,UFA,Not Applicable,72,08/08/2000,26,RW,77,"6'5""",205,26,Right,Power Forward,2018,2,34,78,76,73,73,75,66,70,75,88,77,88,67,65,70,80,80,83,87,82,80,85,78,85,80,87
1691,Tyler,Wotherspoon,Tyler Wotherspoon,UFA,,,0,0,0,0,0,0,0,0,0,0,0,0,0,0,0,UFA,Not Applicable,72,03/12/1993,26,LD,74,"6'2""",207,33,Left,Defensive Defenseman,2011,2,57,77,73,75,74,70,70,70,68,87,70,87,73,60,84,84,80,80,87,85,82,85,85,85,80,87
1692,Josh,Healey,Josh Healey,UFA,,,0,0,0,0,0,0,0,0,0,0,0,0,0,0,0,UFA,Not Applicable,71,07/12/1994,26,LD/RD,73,"6'1""",206,32,Left,Defensive Defenseman,N/A,N/A,N/A,70,68,71,70,70,66,70,58,87,61,86,74,60,85,83,81,81,87,83,81,90,85,85,80,87
1693,Scott,Reedy,Scott Reedy,Iowa Rebels,1,"$900,000",0,0,0,0,0,0,0,0,0,0,0,0,0,0,0,UFA,Not Applicable,71,04/04/1999,54,C,74,"6'2""",205,27,Right,2 Way Forward,2017,4,102,79,77,75,76,85,74,70,73,86,74,86,76,76,78,83,83,84,85,84,83,85,83,85,75,85
1694,Seth,Helgeson,Seth Helgeson,UFA,,,0,0,0,0,0,0,0,0,0,0,0,0,0,0,0,UFA,Not Applicable,71,10/08/1990,26,LD/RD,76,"6'4""",220,35,Left,Defensive Defenseman,2009,4,114,73,70,72,70,70,65,75,66,86,66,86,73,60,86,85,80,80,87,83,80,88,83,80,80,89
1695,Gavin,McKenna,Gavin McKenna,New Orleans Whalers,4,"$1,250,000",0,0,0,0,0,0,0,0,0,0,0,0,0,0,0,UFA,Not Applicable,79,12/20/2007,92,LW,71,"5'11""",170,18,Left,Playmaker,N/A,N/A,N/A,85,87,85,84,82,86,86,83,82,84,85,80,60,79,79,81,83,76,78,82,70,70,85,65,76